candidate_id,model_family,feature_set,alpha,shrinkage,n_features,model_complexity,cv_selection_score,mean_oracle_loss_ratio,weighted_gain_mae,p90_absolute_gain_error,gain_saturation_fraction,fit_failure,outer_fold,selected_in_outer_fold
constant_global_0_90,constant,none,0.0,0.0,0,0,1.0195758567455384,1.0,0.10575856745538602,0.18000000000000002,0.0,,0,False
ridge__physical_9__a0.1__s0.50,ridge,physical_9,0.1,0.5,9,10,1.0098338006873357,0.994958437920044,0.07866253280725231,0.1401821897313315,0.0,,0,False
ridge__physical_9__a0.1__s0.75,ridge,physical_9,0.1,0.75,9,10,1.0065083149433853,0.9931246148065286,0.07109719999978188,0.12211825819975594,0.008403361344537815,,0,False
ridge__physical_9__a0.1__s1.00,ridge,physical_9,0.1,1.0,9,10,1.0048100946931402,0.9917135215122477,0.0674573148867754,0.12365548930648743,0.008403361344537815,,0,False
ridge__physical_9__a1__s0.50,ridge,physical_9,1.0,0.5,9,10,1.009815551676978,0.9950909725772424,0.08016064067606193,0.1341703006425878,0.0,,0,False
ridge__physical_9__a1__s0.75,ridge,physical_9,1.0,0.75,9,10,1.0073445238726362,0.993183991131918,0.07278483287929016,0.13427964451796642,0.008403361344537815,,0,False
ridge__physical_9__a1__s1.00,ridge,physical_9,1.0,1.0,9,10,1.0056985662129876,0.9917856391810456,0.06979822978957334,0.1353007365218777,0.008403361344537815,,0,False
ridge__physical_9__a10__s0.50,ridge,physical_9,10.0,0.5,9,10,1.0100431684832576,0.9951538029485579,0.08086396040260832,0.13605938988877975,0.0,,0,False
ridge__physical_9__a10__s0.75,ridge,physical_9,10.0,0.75,9,10,1.0074338354458263,0.993348613323241,0.07402180549234935,0.13029948692919163,0.008403361344537815,,0,False
ridge__physical_9__a10__s1.00,ridge,physical_9,10.0,1.0,9,10,1.0055176293022439,0.9919050935859502,0.07061175000418324,0.12766586977969013,0.008403361344537815,,0,False
ridge__physical_9__a100__s0.50,ridge,physical_9,100.0,0.5,9,10,1.0117428783819522,0.9960942604101909,0.08468536574513376,0.14360162794496062,0.0,,0,False
ridge__physical_9__a100__s0.75,ridge,physical_9,100.0,0.75,9,10,1.0084119572445487,0.9944988784186773,0.07786784071546173,0.12252589508650319,0.0,,0,False
ridge__physical_9__a100__s1.00,ridge,physical_9,100.0,1.0,9,10,1.006152378960833,0.9931671689068513,0.07279214067495898,0.11411991972971657,0.0,,0,False
huber__physical_9__a0.001__s0.50,huber,physical_9,0.001,0.5,9,11,1.0089046785434401,0.9946298982426192,0.07613814187156791,0.1332193222732827,0.0,,0,False
huber__physical_9__a0.001__s0.75,huber,physical_9,0.001,0.75,9,11,1.0057422978667756,0.992724893319625,0.06720956339786738,0.12592896414727833,0.0,,0,False
huber__physical_9__a0.001__s1.00,huber,physical_9,0.001,1.0,9,11,1.0034506562472063,0.99118945358314,0.06283301464373697,0.11619667945603769,0.008403361344537815,,0,False
huber__physical_9__a0.01__s0.50,huber,physical_9,0.01,0.5,9,11,1.008905707633132,0.9946300165410673,0.07614089898137517,0.1332320238785421,0.0,,0,False
huber__physical_9__a0.01__s0.75,huber,physical_9,0.01,0.75,9,11,1.0057433262858058,0.9927250235940044,0.06721537659452177,0.12593530064698344,0.0,,0,False
huber__physical_9__a0.01__s1.00,huber,physical_9,0.01,1.0,9,11,1.0034530003207387,0.9911890625280838,0.06283846824028887,0.11624047483470468,0.008403361344537815,,0,False
huber__physical_9__a0.1__s0.50,huber,physical_9,0.1,0.5,9,11,1.0089140514646895,0.9946307011366283,0.07617488055052828,0.13331724546016585,0.0,,0,False
huber__physical_9__a0.1__s0.75,huber,physical_9,0.1,0.75,9,11,1.0057540829950322,0.9927257363453699,0.06727801850008713,0.12601089599307178,0.0,,0,False
huber__physical_9__a0.1__s1.00,huber,physical_9,0.1,1.0,9,11,1.003432018151769,0.9911850182385117,0.06291158210000772,0.11575548952731902,0.008403361344537815,,0,True
ridge__physical_plus_tail_13__a0.1__s0.50,ridge,physical_plus_tail_13,0.1,0.5,13,14,1.0099462513940407,0.9949324606632788,0.07846200008144,0.14335181445235928,0.0,,0,False
ridge__physical_plus_tail_13__a0.1__s0.75,ridge,physical_plus_tail_13,0.1,0.75,13,14,1.0061904865909341,0.9931108866856491,0.07063228583144304,0.11696608190500274,0.008403361344537815,,0,False
ridge__physical_plus_tail_13__a0.1__s1.00,ridge,physical_plus_tail_13,0.1,1.0,13,14,1.0045444886947619,0.9916866982613709,0.06713310672518,0.11952825067964644,0.008403361344537815,,0,False
ridge__physical_plus_tail_13__a1__s0.50,ridge,physical_plus_tail_13,1.0,0.5,13,14,1.0097735163550239,0.9950588810387335,0.0797260832626286,0.1348405398005506,0.0,,0,False
ridge__physical_plus_tail_13__a1__s0.75,ridge,physical_plus_tail_13,1.0,0.75,13,14,1.007219440420678,0.993154278172484,0.07218963854259018,0.1335626233408873,0.008403361344537815,,0,False
ridge__physical_plus_tail_13__a1__s1.00,ridge,physical_plus_tail_13,1.0,1.0,13,14,1.005520088936097,0.9917393936064364,0.06876691136003565,0.13471873933532866,0.008403361344537815,,0,False
ridge__physical_plus_tail_13__a10__s0.50,ridge,physical_plus_tail_13,10.0,0.5,13,14,1.0099491776760379,0.9951566451538618,0.0807781263671391,0.1342943977092451,0.0,,0,False
ridge__physical_plus_tail_13__a10__s0.75,ridge,physical_plus_tail_13,10.0,0.75,13,14,1.0072056514949654,0.9933285652263906,0.07362572593372366,0.12692892896623736,0.008403361344537815,,0,False
ridge__physical_plus_tail_13__a10__s1.00,ridge,physical_plus_tail_13,10.0,1.0,13,14,1.005475898591991,0.9918942292130004,0.07022132506947322,0.1278293929030507,0.008403361344537815,,0,False
ridge__physical_plus_tail_13__a100__s0.50,ridge,physical_plus_tail_13,100.0,0.5,13,14,1.0114372246384222,0.996094990941895,0.08445154111309713,0.1379415917043504,0.0,,0,False
ridge__physical_plus_tail_13__a100__s0.75,ridge,physical_plus_tail_13,100.0,0.75,13,14,1.0081450026092953,0.9945547569427144,0.0775082630951167,0.11678838714138405,0.0,,0,False
ridge__physical_plus_tail_13__a100__s1.00,ridge,physical_plus_tail_13,100.0,1.0,13,14,1.006700499388382,0.9932115413753017,0.07256715077336626,0.12128351417705754,0.008403361344537815,,0,False
huber__physical_plus_tail_13__a0.001__s0.50,huber,physical_plus_tail_13,0.001,0.5,13,15,1.0098077423019622,0.9949184666332106,0.0778181032731463,0.14214930682873694,0.0,,0,False
huber__physical_plus_tail_13__a0.001__s0.75,huber,physical_plus_tail_13,0.001,0.75,13,15,1.0064810579556194,0.993068736751858,0.06964035303724155,0.12560437346293152,0.008403361344537815,,0,False
huber__physical_plus_tail_13__a0.001__s1.00,huber,physical_plus_tail_13,0.001,1.0,13,15,1.005093110776871,0.9916288409380433,0.06689095847413258,0.13214213529047636,0.008403361344537815,,0,False
huber__physical_plus_tail_13__a0.01__s0.50,huber,physical_plus_tail_13,0.01,0.5,13,15,1.0093566197872932,0.9947966039446131,0.07709057304572482,0.13701917076215347,0.0,,0,False
huber__physical_plus_tail_13__a0.01__s0.75,huber,physical_plus_tail_13,0.01,0.75,13,15,1.006213634726714,0.9929522855177986,0.06872993151305233,0.12440577661439427,0.008403361344537815,,0,False
huber__physical_plus_tail_13__a0.01__s1.00,huber,physical_plus_tail_13,0.01,1.0,13,15,1.0045492358086876,0.9914688097291731,0.06563828670782536,0.12697060363682672,0.008403361344537815,,0,False
huber__physical_plus_tail_13__a0.1__s0.50,huber,physical_plus_tail_13,0.1,0.5,13,15,1.008801144026271,0.9946043433254725,0.07591084295077748,0.13211432811441232,0.0,,0,False
huber__physical_plus_tail_13__a0.1__s0.75,huber,physical_plus_tail_13,0.1,0.75,13,15,1.0052082029343998,0.9926915005733085,0.06709967179031927,0.1161347036411888,0.0,,0,False
huber__physical_plus_tail_13__a0.1__s1.00,huber,physical_plus_tail_13,0.1,1.0,13,15,1.0041632755003267,0.9912342346668753,0.0635058480500406,0.12820777603113132,0.008403361344537815,,0,False
constant_global_0_90,constant,none,0.0,0.0,0,0,1.0179700003403052,1.0,0.10220000340305316,0.15500000000000008,0.0,,1,False
ridge__physical_9__a0.1__s0.50,ridge,physical_9,0.1,0.5,9,10,1.0061248136299925,0.9937095483802219,0.06727941603881409,0.11374647291778225,0.0,,1,False
ridge__physical_9__a0.1__s0.75,ridge,physical_9,0.1,0.75,9,10,1.0014883370098286,0.9914261604376091,0.056438506411677795,0.08836651862103384,0.0,,1,False
ridge__physical_9__a0.1__s1.00,ridge,physical_9,0.1,1.0,9,10,1.0001076681417733,0.9897188020918726,0.05440048581291409,0.09897634937218432,0.0,,1,True
ridge__physical_9__a1__s0.50,ridge,physical_9,1.0,0.5,9,10,1.0058228044504622,0.9937099807592698,0.06825621747123295,0.10574403888138385,0.0,,1,False
ridge__physical_9__a1__s0.75,ridge,physical_9,1.0,0.75,9,10,1.001850304057425,0.9914212109681857,0.05867406579170798,0.09123373020136806,0.0,,1,False
ridge__physical_9__a1__s1.00,ridge,physical_9,1.0,1.0,9,10,1.0001404612248639,0.9897152420220698,0.055381395496581484,0.09774159306272029,0.0,,1,False
ridge__physical_9__a10__s0.50,ridge,physical_9,10.0,0.5,9,10,1.0062408859845777,0.9939217880043565,0.07029492546234492,0.10579210867973643,0.0,,1,False
ridge__physical_9__a10__s0.75,ridge,physical_9,10.0,0.75,9,10,1.0023066558281537,0.9916799693415992,0.06074219870008297,0.09104933233092317,0.0,,1,False
ridge__physical_9__a10__s1.00,ridge,physical_9,10.0,1.0,9,10,1.00068069275209,0.9899822238098012,0.057137371778285914,0.09969463528920057,0.0,,1,False
ridge__physical_9__a100__s0.50,ridge,physical_9,100.0,0.5,9,10,1.009021923554037,0.99522614751869,0.07727208052769781,0.12137135965154217,0.0,,1,False
ridge__physical_9__a100__s0.75,ridge,physical_9,100.0,0.75,9,10,1.0051756289996014,0.9932724661548781,0.0678176333244474,0.10242799024557078,0.0,,1,False
ridge__physical_9__a100__s1.00,ridge,physical_9,100.0,1.0,9,10,1.0023895277533368,0.9916231965097514,0.06081173352704464,0.09370315781762016,0.0,,1,False
huber__physical_9__a0.001__s0.50,huber,physical_9,0.001,0.5,9,11,1.0058269343512651,0.9935884985257607,0.06658494267999888,0.11159883115009478,0.0,,1,False
huber__physical_9__a0.001__s0.75,huber,physical_9,0.001,0.75,9,11,1.001208349656419,0.9913111052559078,0.055632736580513,0.08667941484919794,0.0,,1,False
huber__physical_9__a0.001__s1.00,huber,physical_9,0.001,1.0,9,11,1.0005504612769598,0.9896496884145943,0.055934353670732316,0.1061467499058455,0.0,,1,False
huber__physical_9__a0.01__s0.50,huber,physical_9,0.01,0.5,9,11,1.005827449146123,0.9935887436419101,0.06658802162944163,0.11159806682537188,0.0,,1,False
huber__physical_9__a0.01__s0.75,huber,physical_9,0.01,0.75,9,11,1.0012071127527444,0.9913110672781947,0.05563445610000269,0.08665199729098845,0.0,,1,False
huber__physical_9__a0.01__s1.00,huber,physical_9,0.01,1.0,9,11,1.000548970276897,0.9896491089717672,0.0559194888932806,0.10615824831603751,0.0,,1,False
huber__physical_9__a0.1__s0.50,huber,physical_9,0.1,0.5,9,11,1.0058310321795945,0.99359124869316,0.06662236175180015,0.11155094622508965,0.0,,1,False
huber__physical_9__a0.1__s0.75,huber,physical_9,0.1,0.75,9,11,1.0011925061875508,0.9913108588122844,0.055656617060666685,0.08631971338399501,0.0,,1,False
huber__physical_9__a0.1__s1.00,huber,physical_9,0.1,1.0,9,11,1.000535466618268,0.98964427168874,0.05578546208279637,0.10625297442496628,0.0,,1,False
ridge__physical_plus_tail_13__a0.1__s0.50,ridge,physical_plus_tail_13,0.1,0.5,13,14,1.0059225087087873,0.993680001147254,0.06707073606080641,0.11070867910905398,0.0,,1,False
ridge__physical_plus_tail_13__a0.1__s0.75,ridge,physical_plus_tail_13,0.1,0.75,13,14,1.0016047138093132,0.9913946456047952,0.056394878426489874,0.09141160723737729,0.0,,1,False
ridge__physical_plus_tail_13__a0.1__s1.00,ridge,physical_plus_tail_13,0.1,1.0,13,14,1.0001152055295788,0.9897018484176467,0.05422965079126807,0.09980784065610318,0.0,,1,False
ridge__physical_plus_tail_13__a1__s0.50,ridge,physical_plus_tail_13,1.0,0.5,13,14,1.0056947968460879,0.9936646072234723,0.06789245128425185,0.10481888988380501,0.0,,1,False
ridge__physical_plus_tail_13__a1__s0.75,ridge,physical_plus_tail_13,1.0,0.75,13,14,1.0018083711999095,0.9913710332858324,0.05823426207693462,0.09227823412767172,0.0,,1,False
ridge__physical_plus_tail_13__a1__s1.00,ridge,physical_plus_tail_13,1.0,1.0,13,14,1.000338769963636,0.989675935048038,0.05503025940352165,0.10319617950491755,0.0,,1,False
ridge__physical_plus_tail_13__a10__s0.50,ridge,physical_plus_tail_13,10.0,0.5,13,14,1.005996287423261,0.9938449623492175,0.0692716715122837,0.10448315845630259,0.0,,1,False
ridge__physical_plus_tail_13__a10__s0.75,ridge,physical_plus_tail_13,10.0,0.75,13,14,1.0023734342447121,0.9915898709429458,0.05958080739956919,0.09650965123618634,0.0,,1,False
ridge__physical_plus_tail_13__a10__s1.00,ridge,physical_plus_tail_13,10.0,1.0,13,14,1.0006216147837763,0.9898942937510695,0.056002749119828645,0.10254092241447671,0.0,,1,False
ridge__physical_plus_tail_13__a100__s0.50,ridge,physical_plus_tail_13,100.0,0.5,13,14,1.0082149440155612,0.9949499772713867,0.07451825834256567,0.11626281819835962,0.0,,1,False
ridge__physical_plus_tail_13__a100__s0.75,ridge,physical_plus_tail_13,100.0,0.75,13,14,1.0042814520107046,0.9929455175858705,0.06371833490767526,0.09928201868133203,0.0,,1,False
ridge__physical_plus_tail_13__a100__s1.00,ridge,physical_plus_tail_13,100.0,1.0,13,14,1.0019867743770547,0.9913023160983845,0.058729261037720665,0.09623064349796308,0.0,,1,False
huber__physical_plus_tail_13__a0.001__s0.50,huber,physical_plus_tail_13,0.001,0.5,13,15,1.006083633943495,0.9937843710572513,0.06780013819430249,0.11038498133627239,0.0,,1,False
huber__physical_plus_tail_13__a0.001__s0.75,huber,physical_plus_tail_13,0.001,0.75,13,15,1.0020008412674795,0.9915839533283346,0.05770665450662058,0.09292444976965793,0.0,,1,False
huber__physical_plus_tail_13__a0.001__s1.00,huber,physical_plus_tail_13,0.001,1.0,13,15,1.0010845851200638,0.989993352284161,0.05649299522095297,0.10883866627615131,0.0,,1,False
huber__physical_plus_tail_13__a0.01__s0.50,huber,physical_plus_tail_13,0.01,0.5,13,15,1.005975806105692,0.9937589296470231,0.06763400330963387,0.10906952255411187,0.0,,1,False
huber__physical_plus_tail_13__a0.01__s0.75,huber,physical_plus_tail_13,0.01,0.75,13,15,1.0019475423443702,0.9915454213751393,0.05737767682477854,0.09328706573506074,0.0,,1,False
huber__physical_plus_tail_13__a0.01__s1.00,huber,physical_plus_tail_13,0.01,1.0,13,15,1.0010978529134855,0.9899434432687996,0.056026805152345774,0.11103458258902696,0.0,,1,False
huber__physical_plus_tail_13__a0.1__s0.50,huber,physical_plus_tail_13,0.1,0.5,13,15,1.005797111415281,0.993681127781962,0.06714888066722892,0.10802191133192435,0.0,,1,False
huber__physical_plus_tail_13__a0.1__s0.75,huber,physical_plus_tail_13,0.1,0.75,13,15,1.0017318010853544,0.9914252523552685,0.056394675026924704,0.09334162454786968,0.0,,1,False
huber__physical_plus_tail_13__a0.1__s1.00,huber,physical_plus_tail_13,0.1,1.0,13,15,1.000577046806761,0.9897791890689518,0.054673708460233686,0.10660973783571617,0.0,,1,False
constant_global_0_90,constant,none,0.0,0.0,0,0,1.0184639951734298,1.0,0.10713995173429763,0.15500000000000008,0.0,,2,False
ridge__physical_9__a0.1__s0.50,ridge,physical_9,0.1,0.5,9,10,1.0066817558026724,0.9938337745816288,0.07378171736779278,0.1093961896852835,0.0,,2,False
ridge__physical_9__a0.1__s0.75,ridge,physical_9,0.1,0.75,9,10,1.0031598529872405,0.9916375165672966,0.062271398975846944,0.10590393044718222,0.0,,2,False
ridge__physical_9__a0.1__s1.00,ridge,physical_9,0.1,1.0,9,10,1.002299815357406,0.9900463471870526,0.05966969767437694,0.1257299680583133,0.0,,2,False
ridge__physical_9__a1__s0.50,ridge,physical_9,1.0,0.5,9,10,1.0065053399226824,0.993829607798008,0.0744718201944393,0.10457100210460948,0.0,,2,False
ridge__physical_9__a1__s0.75,ridge,physical_9,1.0,0.75,9,10,1.0036976742359613,0.9916720930531443,0.06465622303982257,0.1111991775766972,0.0,,2,False
ridge__physical_9__a1__s1.00,ridge,physical_9,1.0,1.0,9,10,1.0028202290625439,0.9901398618409002,0.06336095603779618,0.12352408781946767,0.008403361344537815,,2,False
ridge__physical_9__a10__s0.50,ridge,physical_9,10.0,0.5,9,10,1.007231851742129,0.9940287989789418,0.07568909281342187,0.11268286963689762,0.0,,2,False
ridge__physical_9__a10__s0.75,ridge,physical_9,10.0,0.75,9,10,1.0039083423445416,0.9919040500384138,0.06620850065923276,0.10766884480408984,0.0,,2,False
ridge__physical_9__a10__s1.00,ridge,physical_9,10.0,1.0,9,10,1.0030211874257622,0.9903663061496151,0.06430276223179475,0.12449210105935034,0.0,,2,False
ridge__physical_9__a100__s0.50,ridge,physical_9,100.0,0.5,9,10,1.0101016561635254,0.9954321312367661,0.0823784455729649,0.12863360738925567,0.0,,2,False
ridge__physical_9__a100__s0.75,ridge,physical_9,100.0,0.75,9,10,1.0063280093029296,0.9935653134730722,0.07320244699233949,0.10884902261246726,0.0,,2,False
ridge__physical_9__a100__s1.00,ridge,physical_9,100.0,1.0,9,10,1.0036587218725683,0.9919921993835649,0.06579722827262707,0.10173599323481296,0.0,,2,False
huber__physical_9__a0.001__s0.50,huber,physical_9,0.001,0.5,9,11,1.0062374156867255,0.9937117272264792,0.07172612302258358,0.10706152315975977,0.0,,2,False
huber__physical_9__a0.001__s0.75,huber,physical_9,0.001,0.75,9,11,1.00213076843808,0.9914280897387244,0.05849762810617017,0.097058317774773,0.0,,2,False
huber__physical_9__a0.001__s1.00,huber,physical_9,0.001,1.0,9,11,1.000634847919141,0.9897242933365128,0.05241258451658936,0.11002457808156939,0.008403361344537815,,2,False
huber__physical_9__a0.01__s0.50,huber,physical_9,0.01,0.5,9,11,1.006236302819798,0.9937113365166881,0.07172422929879142,0.10705086746461552,0.0,,2,False
huber__physical_9__a0.01__s0.75,huber,physical_9,0.01,0.75,9,11,1.0021315106243107,0.9914276363001769,0.05849649221562879,0.09708450205141991,0.0,,2,False
huber__physical_9__a0.01__s1.00,huber,physical_9,0.01,1.0,9,11,1.0006338234476173,0.9897237585277078,0.0524128241340094,0.11001430559236021,0.008403361344537815,,2,False
huber__physical_9__a0.1__s0.50,huber,physical_9,0.1,0.5,9,11,1.0062268718290999,0.9937086978976457,0.07171279437115524,0.10693788988677214,0.0,,2,False
huber__physical_9__a0.1__s0.75,huber,physical_9,0.1,0.75,9,11,1.0021407786562688,0.9914244239306633,0.058488720387527345,0.09734965373705651,0.0,,2,False
huber__physical_9__a0.1__s1.00,huber,physical_9,0.1,1.0,9,11,1.0006265321190924,0.9897196974012449,0.05241194236062909,0.10995146509787682,0.008403361344537815,,2,True
ridge__physical_plus_tail_13__a0.1__s0.50,ridge,physical_plus_tail_13,0.1,0.5,13,14,1.0065094988654857,0.9937266741081351,0.07244366072332857,0.11076917370035715,0.0,,2,False
ridge__physical_plus_tail_13__a0.1__s0.75,ridge,physical_plus_tail_13,0.1,0.75,13,14,1.0031188464690912,0.9915014057189676,0.06055783324007447,0.11123314852232245,0.0,,2,False
ridge__physical_plus_tail_13__a0.1__s1.00,ridge,physical_plus_tail_13,0.1,1.0,13,14,1.0019700858024887,0.9898925370124294,0.05875207660034397,0.12404682260049904,0.0,,2,False
ridge__physical_plus_tail_13__a1__s0.50,ridge,physical_plus_tail_13,1.0,0.5,13,14,1.006128592273564,0.9936948267125569,0.0726083986305122,0.1034585139591193,0.0,,2,False
ridge__physical_plus_tail_13__a1__s0.75,ridge,physical_plus_tail_13,1.0,0.75,13,14,1.003221353688273,0.991479974424899,0.06171145167040816,0.11140468192666228,0.0,,2,False
ridge__physical_plus_tail_13__a1__s1.00,ridge,physical_plus_tail_13,1.0,1.0,13,14,1.0018681044385334,0.9899068328120196,0.06025806981656897,0.1187092928971356,0.0,,2,False
ridge__physical_plus_tail_13__a10__s0.50,ridge,physical_plus_tail_13,10.0,0.5,13,14,1.0067082118451813,0.9938866489746122,0.07402017370285416,0.10839091000567251,0.0,,2,False
ridge__physical_plus_tail_13__a10__s0.75,ridge,physical_plus_tail_13,10.0,0.75,13,14,1.0035337526873076,0.9917115418441853,0.06342628443139521,0.1095916479996556,0.0,,2,False
ridge__physical_plus_tail_13__a10__s1.00,ridge,physical_plus_tail_13,10.0,1.0,13,14,1.0022036197734536,0.9901340327692546,0.061388323806442324,0.11525374793327998,0.008403361344537815,,2,False
ridge__physical_plus_tail_13__a100__s0.50,ridge,physical_plus_tail_13,100.0,0.5,13,14,1.009149220327581,0.9951536262864993,0.07996590675735071,0.11998006730693007,0.0,,2,False
ridge__physical_plus_tail_13__a100__s0.75,ridge,physical_plus_tail_13,100.0,0.75,13,14,1.0051902684385943,0.9932289035837236,0.07007757586182961,0.09907214537375345,0.0,,2,False
ridge__physical_plus_tail_13__a100__s1.00,ridge,physical_plus_tail_13,100.0,1.0,13,14,1.0034223204850496,0.9916431923452546,0.06207190556149235,0.10807740713510278,0.008403361344537815,,2,False
huber__physical_plus_tail_13__a0.001__s0.50,huber,physical_plus_tail_13,0.001,0.5,13,15,1.0065430530917026,0.993782949466366,0.07256588469026655,0.11007030312619726,0.0,,2,False
huber__physical_plus_tail_13__a0.001__s0.75,huber,physical_plus_tail_13,0.001,0.75,13,15,1.002807582654585,0.9915417281064323,0.05951019233474757,0.10629670629356237,0.0,,2,False
huber__physical_plus_tail_13__a0.001__s1.00,huber,physical_plus_tail_13,0.001,1.0,13,15,1.0010152812469584,0.9898382582790125,0.0545507966165319,0.11107752158804261,0.008403361344537815,,2,False
huber__physical_plus_tail_13__a0.01__s0.50,huber,physical_plus_tail_13,0.01,0.5,13,15,1.006595611088665,0.9937908381056275,0.07273024690097286,0.11063496585879806,0.0,,2,False
huber__physical_plus_tail_13__a0.01__s0.75,huber,physical_plus_tail_13,0.01,0.75,13,15,1.0030049992310401,0.9915497980051766,0.05963004045780375,0.1098439436016636,0.0,,2,False
huber__physical_plus_tail_13__a0.01__s1.00,huber,physical_plus_tail_13,0.01,1.0,13,15,1.0011242221395442,0.9898506075679919,0.054420525048684255,0.11326989679586599,0.008403361344537815,,2,False
huber__physical_plus_tail_13__a0.1__s0.50,huber,physical_plus_tail_13,0.1,0.5,13,15,1.0064709678487822,0.9937766363155168,0.07275849003152612,0.10836965060225313,0.0,,2,False
huber__physical_plus_tail_13__a0.1__s0.75,huber,physical_plus_tail_13,0.1,0.75,13,15,1.0031095536784775,0.9915247921728675,0.059561255498154775,0.1125727191158912,0.0,,2,False
huber__physical_plus_tail_13__a0.1__s1.00,huber,physical_plus_tail_13,0.1,1.0,13,15,1.0009357834974757,0.9898407753647396,0.05382425742251093,0.11089030327188566,0.008403361344537815,,2,False
constant_global_0_90,constant,none,0.0,0.0,0,0,1.0189909887269883,1.0,0.10240988726988273,0.17499999999999993,0.0,,3,False
ridge__physical_9__a0.1__s0.50,ridge,physical_9,0.1,0.5,9,10,1.007963782586095,0.994384643953736,0.0723326283350022,0.12691751597717657,0.0,,3,False
ridge__physical_9__a0.1__s0.75,ridge,physical_9,0.1,0.75,9,10,1.0037609622972936,0.9923043474489236,0.06238399236795126,0.10436431223149802,0.0,,3,False
ridge__physical_9__a0.1__s1.00,ridge,physical_9,0.1,1.0,9,10,1.0031392838237398,0.9907324080638364,0.05970328508691092,0.12873094502424876,0.0,,3,False
ridge__physical_9__a1__s0.50,ridge,physical_9,1.0,0.5,9,10,1.0077335426034537,0.9944739742962597,0.07324653612933434,0.11869829388521111,0.0,,3,False
ridge__physical_9__a1__s0.75,ridge,physical_9,1.0,0.75,9,10,1.003771344795198,0.9923938856950364,0.0634640805999649,0.10062102080329795,0.0,,3,False
ridge__physical_9__a1__s1.00,ridge,physical_9,1.0,1.0,9,10,1.0025899985619138,0.9907926609106258,0.05861663914064453,0.11871347474446808,0.0,,3,False
ridge__physical_9__a10__s0.50,ridge,physical_9,10.0,0.5,9,10,1.008331076268534,0.994777870612253,0.07578101095594407,0.11950209121373073,0.0,,3,False
ridge__physical_9__a10__s0.75,ridge,physical_9,10.0,0.75,9,10,1.0043096190863166,0.9927727935694705,0.06640549577009626,0.09792551879672691,0.0,,3,False
ridge__physical_9__a10__s1.00,ridge,physical_9,10.0,1.0,9,10,1.0030862204528255,0.9911967745523101,0.06017341972636002,0.11744207855758687,0.0,,3,False
ridge__physical_9__a100__s0.50,ridge,physical_9,100.0,0.5,9,10,1.01040873439178,0.9960158778740437,0.08164463814856972,0.12456785405758874,0.0,,3,False
ridge__physical_9__a100__s0.75,ridge,physical_9,100.0,0.75,9,10,1.007119943454317,0.9943244561850744,0.07328023241760227,0.1093492805496477,0.0,,3,False
ridge__physical_9__a100__s1.00,ridge,physical_9,100.0,1.0,9,10,1.004301373166979,0.9928496309248376,0.06628344224123858,0.09646796036035218,0.0,,3,False
huber__physical_9__a0.001__s0.50,huber,physical_9,0.001,0.5,9,11,1.0064438272950602,0.994023419789624,0.06900413297230716,0.11039988416410791,0.0,,3,False
huber__physical_9__a0.001__s0.75,huber,physical_9,0.001,0.75,9,11,1.0021448283276175,0.9918234050599886,0.057464845574661194,0.09149877420325657,0.0,,3,False
huber__physical_9__a0.001__s1.00,huber,physical_9,0.001,1.0,9,11,1.0014365517754953,0.9901727372013497,0.05354352654749664,0.1181892383879189,0.0,,3,False
huber__physical_9__a0.01__s0.50,huber,physical_9,0.01,0.5,9,11,1.0064422022939854,0.9940230976115911,0.0690007186809026,0.1103806562860805,0.0,,3,False
huber__physical_9__a0.01__s0.75,huber,physical_9,0.01,0.75,9,11,1.0021438900945299,0.9918229653273332,0.057460006205537394,0.0914984829328574,0.0,,3,False
huber__physical_9__a0.01__s1.00,huber,physical_9,0.01,1.0,9,11,1.001432057143821,0.9901721564072827,0.05353548832453794,0.11812703808169174,0.0,,3,False
huber__physical_9__a0.1__s0.50,huber,physical_9,0.1,0.5,9,11,1.0064244423112547,0.9940194648750744,0.06896358964568375,0.11017236943224183,0.0,,3,False
huber__physical_9__a0.1__s0.75,huber,physical_9,0.1,0.75,9,11,1.00213341253033,0.9918179000759741,0.057404838764216974,0.09150057155868506,0.0,,3,False
huber__physical_9__a0.1__s1.00,huber,physical_9,0.1,1.0,9,11,1.0013790245136183,0.9901653525746436,0.053440900334977275,0.11739163810954006,0.0,,3,False
ridge__physical_plus_tail_13__a0.1__s0.50,ridge,physical_plus_tail_13,0.1,0.5,13,14,1.0076214341466314,0.9943219577593722,0.0714935550157338,0.12300241771371628,0.0,,3,False
ridge__physical_plus_tail_13__a0.1__s0.75,ridge,physical_plus_tail_13,0.1,0.75,13,14,1.003765638507859,0.9922194253387843,0.06095785026909037,0.10900856284331599,0.0,,3,False
ridge__physical_plus_tail_13__a0.1__s1.00,ridge,physical_plus_tail_13,0.1,1.0,13,14,1.0021585813865752,0.9906319743760408,0.057779138047854936,0.11497386411497897,0.0,,3,False
ridge__physical_plus_tail_13__a1__s0.50,ridge,physical_plus_tail_13,1.0,0.5,13,14,1.007687829875063,0.9944605422522049,0.07295135269275016,0.11864304707165677,0.0,,3,False
ridge__physical_plus_tail_13__a1__s0.75,ridge,physical_plus_tail_13,1.0,0.75,13,14,1.0037259340339246,0.9923756592001323,0.06258523047759675,0.10183503572065625,0.0,,3,False
ridge__physical_plus_tail_13__a1__s1.00,ridge,physical_plus_tail_13,1.0,1.0,13,14,1.0021098224388887,0.9907706440473573,0.057317106252429036,0.1121493553257705,0.0,,3,False
ridge__physical_plus_tail_13__a10__s0.50,ridge,physical_plus_tail_13,10.0,0.5,13,14,1.0080582356209122,0.994762332468455,0.07540629919358376,0.11510546466197631,0.0,,3,False
ridge__physical_plus_tail_13__a10__s0.75,ridge,physical_plus_tail_13,10.0,0.75,13,14,1.0041454481572027,0.9927526900876361,0.06585572254482475,0.0961437163016865,0.0,,3,False
ridge__physical_plus_tail_13__a10__s1.00,ridge,physical_plus_tail_13,10.0,1.0,13,14,1.002657056121503,0.9911718450860358,0.059371658893218104,0.1109609029229036,0.0,,3,False
ridge__physical_plus_tail_13__a100__s0.50,ridge,physical_plus_tail_13,100.0,0.5,13,14,1.01024244526231,0.9959683965622118,0.08062730814637933,0.12422635770920225,0.0,,3,False
ridge__physical_plus_tail_13__a100__s0.75,ridge,physical_plus_tail_13,100.0,0.75,13,14,1.006588952270213,0.9942727672097064,0.07193804544148101,0.10244761032716904,0.0,,3,False
ridge__physical_plus_tail_13__a100__s1.00,ridge,physical_plus_tail_13,100.0,1.0,13,14,1.0041998704479838,0.992813638938647,0.06475422846650677,0.0982161732537208,0.0,,3,False
huber__physical_plus_tail_13__a0.001__s0.50,huber,physical_plus_tail_13,0.001,0.5,13,15,1.0066315433430457,0.9939447209271627,0.06919822937293753,0.11533998957178718,0.0,,3,False
huber__physical_plus_tail_13__a0.001__s0.75,huber,physical_plus_tail_13,0.001,0.75,13,15,1.0026971371269882,0.9917507779306862,0.05788053285444115,0.10316611821715536,0.0,,3,False
huber__physical_plus_tail_13__a0.001__s1.00,huber,physical_plus_tail_13,0.001,1.0,13,15,1.0016557964454886,0.9901356345001592,0.05478983169560098,0.12082357551538551,0.0,,3,False
huber__physical_plus_tail_13__a0.01__s0.50,huber,physical_plus_tail_13,0.01,0.5,13,15,1.0065343714528725,0.9939482763542968,0.06907295721761084,0.11357598753629343,0.0,,3,False
huber__physical_plus_tail_13__a0.01__s0.75,huber,physical_plus_tail_13,0.01,0.75,13,15,1.0025595402498548,0.9917494008054677,0.0576725058368218,0.10085777721409689,0.0,,3,False
huber__physical_plus_tail_13__a0.01__s1.00,huber,physical_plus_tail_13,0.01,1.0,13,15,1.0013575931713352,0.9901271842627268,0.05431514726478424,0.11597788364259967,0.0,,3,False
huber__physical_plus_tail_13__a0.1__s0.50,huber,physical_plus_tail_13,0.1,0.5,13,15,1.0064326878141703,0.993959737658961,0.06889106880827567,0.11167686548763595,0.0,,3,False
huber__physical_plus_tail_13__a0.1__s0.75,huber,physical_plus_tail_13,0.1,0.75,13,15,1.0022250681473497,0.9917518289783829,0.05724226322179269,0.09498025693575095,0.0,,3,False
huber__physical_plus_tail_13__a0.1__s1.00,huber,physical_plus_tail_13,0.1,1.0,13,15,1.0011806703965995,0.9901149492545795,0.053385486146054935,0.11454345054828893,0.0,,3,True
constant_global_0_90,constant,none,0.0,0.0,0,0,1.0202433920130993,1.0,0.11493392013099227,0.17499999999999993,0.0,,4,False
ridge__physical_9__a0.1__s0.50,ridge,physical_9,0.1,0.5,9,10,1.0066797357882227,0.9933418115250809,0.07586392062070751,0.1150306440214216,0.0,,4,False
ridge__physical_9__a0.1__s0.75,ridge,physical_9,0.1,0.75,9,10,1.0026616841197908,0.9909005313927913,0.06267201301254981,0.10987902851489129,0.0,,4,False
ridge__physical_9__a0.1__s1.00,ridge,physical_9,0.1,1.0,9,10,0.9999504591228565,0.9890621782806908,0.05834787945988729,0.10106985792354235,0.0,,4,False
ridge__physical_9__a1__s0.50,ridge,physical_9,1.0,0.5,9,10,1.0066330550106461,0.9934100984934009,0.0769646360559039,0.11052985823310102,0.0,,4,False
ridge__physical_9__a1__s0.75,ridge,physical_9,1.0,0.75,9,10,1.002752063688787,0.9910054183060367,0.06479216625604037,0.10534857514292334,0.0,,4,False
ridge__physical_9__a1__s1.00,ridge,physical_9,1.0,1.0,9,10,1.0004171859499003,0.9892097523239388,0.06119867826867521,0.10175131598187516,0.0,,4,False
ridge__physical_9__a10__s0.50,ridge,physical_9,10.0,0.5,9,10,1.0074122961514385,0.9937389002079111,0.07960241578921635,0.11426308729211414,0.0,,4,False
ridge__physical_9__a10__s0.75,ridge,physical_9,10.0,0.75,9,10,1.0035699842058308,0.9914360057500871,0.06778932085137321,0.10710092741212787,0.0,,4,False
ridge__physical_9__a10__s1.00,ridge,physical_9,10.0,1.0,9,10,1.0020255996555407,0.9896949850041166,0.06327684999101113,0.12005859304645931,0.0,,4,False
ridge__physical_9__a100__s0.50,ridge,physical_9,100.0,0.5,9,10,1.01075940685786,0.9951380192075499,0.08660775124620466,0.13921225051379582,0.0,,4,False
ridge__physical_9__a100__s0.75,ridge,physical_9,100.0,0.75,9,10,1.0057907900331406,0.9931474712264926,0.0758865290672168,0.10109331799853034,0.0,,4,False
ridge__physical_9__a100__s1.00,ridge,physical_9,100.0,1.0,9,10,1.0034439266041266,0.9914641296415387,0.067095741249784,0.10540445675218914,0.0,,4,False
huber__physical_9__a0.001__s0.50,huber,physical_9,0.001,0.5,9,11,1.006154767830665,0.9933341557133509,0.07438876555530098,0.10763471123568114,0.0,,4,False
huber__physical_9__a0.001__s0.75,huber,physical_9,0.001,0.75,9,11,1.0012814247601638,0.9908815909183816,0.05982058287679733,0.08835551108204848,0.0,,4,False
huber__physical_9__a0.001__s1.00,huber,physical_9,0.001,1.0,9,11,0.9993238154350544,0.9890166907681437,0.05268399627460686,0.10077450078900105,0.0,,4,True
huber__physical_9__a0.01__s0.50,huber,physical_9,0.01,0.5,9,11,1.006153641730932,0.993333886644318,0.07438733193771782,0.10762043785684376,0.0,,4,False
huber__physical_9__a0.01__s0.75,huber,physical_9,0.01,0.75,9,11,1.0012795304381457,0.9908812208222845,0.059819275531404835,0.08832764125441472,0.0,,4,False
huber__physical_9__a0.01__s1.00,huber,physical_9,0.01,1.0,9,11,0.9993246975480268,0.9890162627142608,0.05268092627674286,0.1008068441218356,0.0,,4,False
huber__physical_9__a0.1__s0.50,huber,physical_9,0.1,0.5,9,11,1.0061419544913262,0.9933312396055404,0.07437207856013425,0.10747014059544838,0.0,,4,False
huber__physical_9__a0.1__s0.75,huber,physical_9,0.1,0.75,9,11,1.0012830767241205,0.9908776897643595,0.05980577310912792,0.08849619297696155,0.0,,4,False
huber__physical_9__a0.1__s1.00,huber,physical_9,0.1,1.0,9,11,0.9993335413564652,0.9890121372058505,0.05264849776434177,0.10113108748361248,0.0,,4,False
ridge__physical_plus_tail_13__a0.1__s0.50,ridge,physical_plus_tail_13,0.1,0.5,13,14,1.0065885432825894,0.9933160518936428,0.07570981540373325,0.11403019697146528,0.0,,4,False
ridge__physical_plus_tail_13__a0.1__s0.75,ridge,physical_plus_tail_13,0.1,0.75,13,14,1.002483930536895,0.9908636865573517,0.06263016425386744,0.10714455108313488,0.0,,4,False
ridge__physical_plus_tail_13__a0.1__s1.00,ridge,physical_plus_tail_13,0.1,1.0,13,14,1.0002524098230923,0.9890186278156842,0.058895801998168955,0.10688403615182203,0.0,,4,False
ridge__physical_plus_tail_13__a1__s0.50,ridge,physical_plus_tail_13,1.0,0.5,13,14,1.0063262248790648,0.9933912422947466,0.07684298488942556,0.10501368190751284,0.0,,4,False
ridge__physical_plus_tail_13__a1__s0.75,ridge,physical_plus_tail_13,1.0,0.75,13,14,1.0028322470038913,0.9909737817327313,0.06461796213784457,0.10793338114751008,0.0,,4,False
ridge__physical_plus_tail_13__a1__s1.00,ridge,physical_plus_tail_13,1.0,1.0,13,14,1.0007325648863439,0.9891628354046402,0.0607977603584968,0.10979906891707955,0.0,,4,False
ridge__physical_plus_tail_13__a10__s0.50,ridge,physical_plus_tail_13,10.0,0.5,13,14,1.0073269718736944,0.9937159676188949,0.07939269858185909,0.11343468793226935,0.0,,4,False
ridge__physical_plus_tail_13__a10__s0.75,ridge,physical_plus_tail_13,10.0,0.75,13,14,1.0033307020240685,0.9914055823162473,0.06745068508202419,0.10360102399237545,0.0,,4,False
ridge__physical_plus_tail_13__a10__s1.00,ridge,physical_plus_tail_13,10.0,1.0,13,14,1.0017320432789585,0.989658030156788,0.06279722446651267,0.11588581351038323,0.0,,4,False
ridge__physical_plus_tail_13__a100__s0.50,ridge,physical_plus_tail_13,100.0,0.5,13,14,1.010195418973822,0.9949746902312437,0.08550940867126061,0.1333957575090442,0.0,,4,False
ridge__physical_plus_tail_13__a100__s0.75,ridge,physical_plus_tail_13,100.0,0.75,13,14,1.0051891744536463,0.9929601577504567,0.07426834229343574,0.09604364947692191,0.0,,4,False
ridge__physical_plus_tail_13__a100__s1.00,ridge,physical_plus_tail_13,100.0,1.0,13,14,1.003384428346749,0.9912936396850363,0.06497431193217419,0.11186714936990563,0.0,,4,False
huber__physical_plus_tail_13__a0.001__s0.50,huber,physical_plus_tail_13,0.001,0.5,13,15,1.0063357434315017,0.9934928795755263,0.07564451490827254,0.10556824730296183,0.0,,4,False
huber__physical_plus_tail_13__a0.001__s0.75,huber,physical_plus_tail_13,0.001,0.75,13,15,1.0018751066533667,0.991110034439378,0.061352450184010004,0.09259654391175423,0.0,,4,False
huber__physical_plus_tail_13__a0.001__s1.00,huber,physical_plus_tail_13,0.001,1.0,13,15,0.9999874536716713,0.9893122054542144,0.05605295025105811,0.10139906384702355,0.0,,4,False
huber__physical_plus_tail_13__a0.01__s0.50,huber,physical_plus_tail_13,0.01,0.5,13,15,1.0063573402444972,0.9934785195663801,0.07546973287689457,0.10663694780855298,0.0,,4,False
huber__physical_plus_tail_13__a0.01__s0.75,huber,physical_plus_tail_13,0.01,0.75,13,15,1.0018386753702346,0.9910854561317234,0.061200334093139096,0.09266371658394652,0.0,,4,False
huber__physical_plus_tail_13__a0.01__s1.00,huber,physical_plus_tail_13,0.01,1.0,13,15,0.9999285002267262,0.9892785186995952,0.055754409076685926,0.1014908123892479,0.0,,4,False
huber__physical_plus_tail_13__a0.1__s0.50,huber,physical_plus_tail_13,0.1,0.5,13,15,1.0063336439716613,0.9934331791441501,0.07503409963093548,0.10794109728835187,0.0,,4,False
huber__physical_plus_tail_13__a0.1__s0.75,huber,physical_plus_tail_13,0.1,0.75,13,15,1.0016818791007327,0.9910140585794255,0.06063401712259821,0.09208837618094592,0.0,,4,False
huber__physical_plus_tail_13__a0.1__s1.00,huber,physical_plus_tail_13,0.1,1.0,13,15,0.9995449575917547,0.9891827749005914,0.054799267485645835,0.09764511885197436,0.0,,4,False
