case_id,legacy_split,similarity_group,oracle_gain,minimum_grid_loss,selected_near_optimal_loss,global_gain_loss,oracle_loss_improvement_fraction,oracle_target_weight,near_optimal_gain_count,oracle_at_lower_bound,oracle_at_upper_bound,case_mean_correction_mpa,fluence_rate_mean,fluence_rate_p95,fluence_rate_std,tail_correction_abs_max_mpa,tail_correction_std_mpa,temperature_mean,temperature_p95,temperature_std,v10_case_scale,weight_loss_rate_mean,weight_loss_rate_p95,weight_loss_rate_std
case_01,train,group_001,1.025,0.2947446410698713,0.2957670500204066,0.29957066447338004,0.01269688559011571,1.050787542360463,4,False,False,-0.493874797882639,3.399423837661743,4.336071968078613,0.4025068581104278,6.93151424369415,0.9196533676732599,398.7736511230469,431.3729248046875,15.544198989868164,4.369472491525578,0.3569064140319824,0.4931559860706329,0.0541711002588272
case_06,internal_test,group_005,1.05,0.29328015509015637,0.2943937827635976,0.29991006315886537,0.018393115379878797,1.0735724615195152,3,False,False,-0.5856146246221751,3.47940444946289,4.354030132293701,0.3796917200088501,6.534911892804164,0.8666760060593248,426.3059997558594,442.93011474609375,10.8130464553833,4.120576227325863,0.3404279053211212,0.4521639943122864,0.04245026409626
case_10,train,group_006,0.925,0.2772579363530615,0.2782770238699473,0.27882158759845765,0.00195309026535854,1.0078123610614342,8,False,False,-0.46031593940828774,3.434783697128296,4.363170146942139,0.3976384401321411,7.044839229804583,0.9373150647752247,386.9534912109375,426.16058349609375,18.640626907348636,4.465448541293634,0.3542420864105224,0.485287994146347,0.0568722411990165
case_100,train,group_008,1.0,0.28223293607031813,0.2833916471424681,0.2862523912642509,0.009993782441949666,1.0399751297677986,5,False,False,-0.5051956454312495,3.41831111907959,4.338582992553711,0.39790940284729,6.692415517013658,0.8916194228459456,385.9527282714844,427.4082336425781,18.81670379638672,4.244257285627815,0.3578886091709137,0.4932129979133606,0.051088523119688
case_101,validation,group_067,0.9,0.2739344278343441,0.2750761013352856,0.2750761013352856,0.0,1.0,9,False,False,-0.45895707615726056,3.457998514175415,4.40238094329834,0.4014818966388702,7.184332724462394,0.9536323652471563,386.0186767578125,427.7275695800781,18.97425079345703,4.538750133180804,0.3552675247192383,0.4862160086631775,0.0565304681658744
case_102,internal_test,group_080,0.475,0.38554516003629496,0.3872132857584505,0.4177568203301879,0.07311319189856991,1.2924527675942796,11,False,False,-0.2725847487558939,4.375712871551514,4.843551158905029,0.2771494090557098,8.718909854533834,1.1136522138649925,388.4079895019531,427.1072692871094,18.330293655395508,5.286645717073964,0.599214494228363,0.6417539715766907,0.0443295650184154
case_104,train,group_082,1.0,0.2731483897133095,0.27447580092063184,0.27742298477396177,0.010623430699987703,1.042493722799951,5,False,False,-0.5003095721949115,3.433887243270874,4.365649223327637,0.4009110927581787,6.204008162623866,0.8268940242981188,383.3001403808594,424.0548095703125,18.62049865722656,3.9378730601833247,0.3800892531871795,0.482015997171402,0.0490060336887836
case_105,train,group_083,0.95,0.2622986633276508,0.2633273441699721,0.2644532356584884,0.004257431321317752,1.017029725285271,7,False,False,-0.44244042781776305,3.423628330230713,4.3506760597229,0.3979708552360534,4.512629164556719,0.6077946056419735,368.3004760742188,401.8359680175781,13.826416015625,2.89972096590674,0.4157237112522125,0.5150690078735352,0.0498297587037086
case_106,train,group_084,0.9,0.32074441748458843,0.32077619564791837,0.32077619564791837,0.0,1.0,10,False,False,-0.3554610870613427,3.4595956802368164,4.398697853088379,0.4012538492679596,3.562208116047416,0.4781786424242636,357.8890991210937,377.22314453125,11.15423583984375,2.2833006910723586,0.5974948406219482,0.6409590244293213,0.0442048758268356
case_107,train,group_047,1.0,0.2787277379795864,0.28001091103229026,0.2827685990359061,0.009752454880132192,1.0390098195205288,5,False,False,-0.456346806635899,3.4598100185394287,4.412162780761719,0.4023882746696472,6.233133395171289,0.830692327724476,389.0294799804688,426.8721008300781,18.464963912963867,3.956806232050813,0.3604606389999389,0.4870460033416748,0.0561833307147026
case_109,train,group_034,0.925,0.28880069571520744,0.28991120116341285,0.29048287749686796,0.001968020760401899,1.0078720830416077,8,False,False,-0.4850710553052586,3.416611194610596,4.3369622230529785,0.3980078995227813,6.51643215959779,0.8628307487970601,382.6580505371094,424.52972412109375,19.00833511352539,4.09905992779955,0.4566439390182495,0.537326991558075,0.0477630235254764
case_11,train,group_007,1.05,0.3112620444963726,0.31228089193882486,0.3176142399214609,0.016791904493812487,1.06716761797525,3,False,False,-0.5284438528261058,3.423363447189331,4.352518081665039,0.3977753221988678,7.071844073187713,0.9329975965289995,439.5626831054688,447.81744384765625,10.967487335205078,4.430309365518607,0.3563190102577209,0.4930540025234222,0.0523955263197422
case_110,train,group_086,0.925,0.2780853194818065,0.27924062486244583,0.27979882642828235,0.0019950103900082017,1.0079800415600328,8,False,False,-0.43550647169128576,3.424643993377685,4.347803115844727,0.3981687724590301,4.634146128063901,0.6241072115845193,367.248046875,399.21881103515625,13.424286842346191,2.982030254426668,0.4327633380889892,0.5187699794769287,0.0491685718297958
case_111,train,group_087,0.375,0.6357747523716665,0.6387893283372863,0.6685335359001918,0.04449172100671724,1.1779668840268689,16,False,False,-0.13433544720278434,4.829971790313721,5.104234218597412,0.2632432878017425,5.944717164327743,0.7808323940986087,365.8954162597656,395.9998779296875,12.96779441833496,3.713249251903451,0.5879989862442017,0.6368690133094788,0.0437046326696872
case_114,train,group_090,0.925,0.26492588052001576,0.2660667851945584,0.26660853987500516,0.002032022982837505,1.00812809193135,8,False,False,-0.4056753738704352,3.4229555130004883,4.345383167266846,0.3977976739406585,4.296532176003263,0.582392251192198,364.3996276855469,391.62255859375,12.41891384124756,2.7861849078366694,0.3577557802200317,0.4785889983177185,0.0557358153164386
case_115,train,group_006,0.9,0.2729790817236528,0.27384938251813096,0.27384938251813096,0.0,1.0,9,False,False,-0.4129635638593253,3.470018148422241,4.413661956787109,0.4010722041130066,7.3142481520497284,0.9707401070466785,385.3431091308594,426.0142517089844,19.139636993408203,4.624283639447332,0.3567016720771789,0.5049260258674622,0.0623287335038185
case_116,train,group_011,1.025,0.2874667136074409,0.2885224228190254,0.2922555807682496,0.012773607057941777,1.0510944282317671,4,False,False,-0.493329210590593,3.4343976974487305,4.361715793609619,0.3977457880973816,6.242767523944435,0.8336051571891213,388.6405944824219,424.4935607910156,18.39406394958496,3.975151576251028,0.3576522171497345,0.4954540133476257,0.0513613447546958
case_117,internal_test,group_091,0.9,0.27000801917191997,0.27032650332237806,0.27032650332237806,0.0,1.0,10,False,False,-0.4530330240084911,3.703256130218506,4.484686851501465,0.3485353589057922,6.384638542150823,0.8411204312717664,382.5632019042969,422.6875915527344,18.538129806518555,3.9964189110148123,0.4042470753192901,0.4992350041866302,0.0468110963702201
case_118,train,group_092,0.6,0.42038568711574675,0.42218143363087723,0.43848070267098893,0.03717214678052034,1.1486885871220813,13,False,False,-0.2718880099908708,4.794837474822998,5.080356121063232,0.262771338224411,10.023091588499934,1.297072622127053,385.8163146972656,428.390380859375,19.26175880432129,6.177558689361604,0.348154753446579,0.4713909924030304,0.0469598732888698
case_119,train,group_093,0.95,0.2645658934009939,0.26554384431069433,0.2666653150819973,0.0042055367079072,1.0168221468316287,7,False,False,-0.4048756768962828,3.4510338306427,4.379269123077393,0.3979470133781433,5.302038397629712,0.7135530183711724,370.7916870117188,407.3071899414063,14.664671897888184,3.4081472465807883,0.3555521965026855,0.4912500083446502,0.059317510575056
case_12,train,group_008,1.0,0.28806873100100516,0.28934321392789497,0.29232838465396677,0.01021170328569148,1.040846813142766,5,False,False,-0.5035332054550999,3.4136345386505127,4.322353839874268,0.3964231610298157,6.729700853374412,0.8951173096415086,383.26806640625,426.6660461425781,19.72159576416016,4.2590602270026165,0.3571361303329468,0.4942870140075683,0.0514870733022689
case_120,validation,group_067,0.9,0.27287099779879254,0.2739710841773263,0.2739710841773263,0.0,1.0,9,False,False,-0.45688362292295204,3.4712073802948,4.415709018707275,0.4007486701011657,7.1479782875380655,0.9494062939194963,386.0508728027344,425.6670227050781,18.94571304321289,4.523011080417325,0.3578146398067474,0.4940930008888244,0.0556650310754776
case_121,train,group_093,1.05,0.283064967527866,0.28392189817478497,0.28878607761660946,0.01684353858734888,1.0673741543493955,3,False,False,-0.40476331830079404,3.406583786010742,4.340972900390625,0.4022997617721557,5.106166465205572,0.6879533910967424,368.9012756347656,401.7388916015625,12.318378448486328,3.2893028724641162,0.3489417731761932,0.4907250106334686,0.0595775060355663
case_122,train,group_094,0.9,0.28481939561665426,0.2848523397496814,0.2848523397496814,0.0,1.0,10,False,False,-0.3712948870689763,3.433185338973999,4.363324165344238,0.3995968699455261,4.108179833781044,0.5552382404711367,355.65985107421875,373.4673156738281,6.678843975067139,2.669768648679886,0.3562403917312622,0.4907729923725128,0.0554435476660728
case_124,train,group_096,1.025,0.29094144374533704,0.2922316956319573,0.2963991578510123,0.01406030384590303,1.056241215383612,4,False,False,-0.3975891689194858,3.4256980419158936,4.35232400894165,0.3987233638763428,5.502267637602471,0.7389880250033167,365.5828247070313,399.1667785644531,14.259407997131348,3.532370748135974,0.3498322963714599,0.4898650050163269,0.0593508854508399
case_125,train,group_097,0.975,0.2745885956823503,0.27589032273044417,0.2779039585652076,0.007245797595542194,1.0289831903821687,6,False,False,-0.5368043409807975,3.443427562713623,4.379518985748291,0.398655354976654,5.093088154189378,0.684278906350134,368.0457153320313,400.5073547363281,12.313759803771973,3.2696257114953484,0.3495651483535766,0.4294230043888092,0.038594227284193
case_127,train,group_093,1.0,0.28223263555590433,0.28347517230342884,0.28631347570826493,0.009913272149747309,1.0396530885989892,5,False,False,-0.37734689157819035,3.419966697692871,4.343825817108154,0.397689014673233,5.1049213958384465,0.6871766490404567,368.0277404785156,399.5997619628906,11.938325881958008,3.283525064491456,0.3531530499458313,0.5024470090866089,0.0624348483979702
case_128,train,group_094,0.9,0.2839844002804881,0.2839844002804881,0.2839844002804881,0.0,1.0,10,False,False,-0.35158304029797605,3.4276201725006104,4.353791236877441,0.3980749845504761,4.038829488943357,0.5468898124070126,355.5298767089844,371.6177368164063,6.357247352600098,2.631742965422924,0.3549663126468658,0.4897100031375885,0.0581122711300849
case_129,train,group_099,0.9,0.2929774150902738,0.2929774150902738,0.2929774150902738,0.0,1.0,9,False,False,-0.31725634349248877,3.898416996002197,4.567196846008301,0.3128617107868194,6.442849277027597,0.8526131041294392,376.6202392578125,401.5680541992188,12.03110408782959,4.066341843470784,0.3565903902053833,0.4902989864349365,0.0582155063748359
case_13,train,group_009,1.05,0.2890339637450444,0.29019641013298375,0.29607626736486437,0.019859265601435982,1.0794370624057439,3,False,False,-0.5013118378319256,3.357408046722412,4.221428871154785,0.3732822239398956,5.859773038919265,0.7869602269571107,385.4025268554688,425.37994384765625,19.127836227416992,3.762667288571234,0.356633573770523,0.4923129975795746,0.0537875443696975
case_130,train,group_097,1.05,0.29812235161871936,0.2993368242618012,0.3052369333852135,0.019329604245388935,1.0773184169815557,3,False,False,-0.5397763437956626,3.4111592769622803,4.338098049163818,0.3980726897716522,4.947402594783361,0.6660217706256208,364.0472412109375,394.9378051757813,13.173166275024414,3.1896048514598876,0.3154884874820709,0.405894011259079,0.0397419370710849
case_133,train,group_101,1.0,0.2818052387443286,0.28316545777011437,0.28611486573553047,0.010308475086863795,1.041233900347455,5,False,False,-0.43591468759265506,3.426159381866455,4.360849857330322,0.3986030519008636,5.203251202347887,0.7000255555390322,368.0552368164063,400.2459411621094,12.325944900512695,3.3438593111923196,0.3568843603134155,0.4934580028057098,0.0534955747425556
case_136,train,group_104,0.9,0.2913040513677598,0.292130442064923,0.292130442064923,0.0,1.0,10,False,False,-0.42989705821839086,3.442832946777344,4.3487868309021,0.3937138617038727,4.21556689104581,0.5693315411371915,357.8339538574219,375.0743713378906,7.374810695648193,2.735862692126205,0.3329048454761505,0.4450240135192871,0.0485176593065261
case_137,train,group_094,0.9,0.2928165315411537,0.29307456246357394,0.29307456246357394,0.0,1.0,9,False,False,-0.3440412528512493,3.435466289520264,4.355877876281738,0.3983742296695709,4.025650902197713,0.5443951930238036,354.2911376953125,369.28216552734375,6.197383403778076,2.619380014187845,0.3571969270706177,0.4883509874343872,0.058250818401575
case_139,train,group_106,1.05,0.2915977842247909,0.2924824600555114,0.297494586591412,0.016847790722270897,1.0673911628890835,3,False,False,-0.43894661323740924,3.4313390254974365,4.357687950134277,0.3979701697826385,5.395845664929998,0.7246443656017132,365.51373291015625,399.0341796875,14.265096664428713,3.4621743649812475,0.3571951985359192,0.4944460093975067,0.0526477210223674
case_14,train,group_009,0.975,0.2692315994088619,0.2705068843080418,0.27257768493785967,0.007597102566521301,1.0303884102660852,6,False,False,-0.4918119747810442,3.4991164207458496,4.3103108406066895,0.3551532328128814,6.215326467374046,0.8311250905507991,385.0202941894531,427.4309997558594,19.48707389831543,3.9687431732111085,0.357739120721817,0.4959119856357574,0.051540445536375
case_141,train,group_108,0.9,0.2735972509437865,0.27421619951087894,0.27421619951087894,0.0,1.0,10,False,False,-0.42902528990729216,3.481498003005981,4.4173359870910645,0.3977475762367248,4.938409725538989,0.6560506672500428,368.495361328125,401.115966796875,12.15090560913086,3.122497194953492,0.5427432656288147,0.6030099987983704,0.0424012243747711
case_142,train,group_109,0.9,0.28454449742634286,0.285965401510885,0.285965401510885,0.0,1.0,9,False,False,-0.4300376180006841,3.462690114974976,4.397726058959961,0.4010702967643738,5.369405390436708,0.7154644900835174,368.3284912109375,400.4606628417969,13.094447135925291,3.4080664801229523,0.4618228375911712,0.5411970019340515,0.04727129265666
case_143,train,group_110,0.975,0.293858123298416,0.2953228712529734,0.29741892581350104,0.007047482115653885,1.0281899284626155,6,False,False,-0.4288081061607496,3.470649242401123,4.404397010803223,0.3989446759223938,5.302463387137493,0.7082895522958652,381.3070983886719,396.99114990234375,9.018558502197266,3.3820627272463,0.3576553761959076,0.4957610070705414,0.0518789924681186
case_144,train,group_111,1.025,0.28777392433884896,0.28880479590615765,0.29247942026623486,0.012563702282821505,1.050254809131286,4,False,False,-0.5494466167303078,3.474095582962036,4.409533977508545,0.3984985947608948,6.404504277096564,0.8457230735548472,407.7988586425781,423.0914916992188,10.152734756469728,4.031460164068388,0.3286843001842499,0.4270730018615722,0.0426400192081928
case_145,validation,group_112,0.925,0.2681484325315323,0.26924794610900527,0.26974513781070275,0.001843190597364527,1.0073727623894582,8,False,False,-0.492869429370124,3.5594418048858643,4.413477897644043,0.3731063604354858,4.808352269646406,0.6422751670689456,381.24261474609375,404.8777770996094,11.596158981323242,3.0624743454674395,0.3853324055671692,0.4684740006923675,0.0410384945571422
case_146,train,group_093,0.95,0.27705149875094404,0.2780427358722227,0.27915623011962337,0.003988785229416146,1.0159551409176646,7,False,False,-0.4153035949458538,3.4820210933685303,4.408664226531982,0.395913153886795,5.074484775141818,0.6823804444513293,368.5951843261719,397.0680541992188,13.152121543884276,3.257574932340026,0.3772743344306946,0.4902760088443756,0.052681915462017
case_147,internal_test,group_113,1.025,0.2768532385200163,0.2779309455352976,0.2816368123474713,0.01315831826558783,1.0526332730623513,4,False,False,-0.41022997471321854,3.4660794734954834,4.404131889343262,0.4012894630432129,5.356280947778434,0.718074008060073,366.0380554199219,399.8873596191406,14.437088966369627,3.426656453911548,0.3587525188922882,0.4844110012054443,0.0557233579456806
case_148,train,group_114,1.0,0.32163488639160376,0.3229091240380815,0.32586984254202706,0.009085586075869357,1.0363423443034774,5,False,False,-0.4257264806246527,3.440417766571045,4.37044620513916,0.3981891274452209,4.995863364975359,0.6646715064663627,376.7049255371094,394.57952880859375,9.776519775390623,3.171989825609179,0.474497377872467,0.5505399703979492,0.046178251504898
case_15,train,group_010,1.025,0.3236648510276528,0.3248618037774907,0.32904717091571545,0.012719656961575369,1.0508786278463014,4,False,False,-0.5129258130259279,3.17668890953064,3.788631916046143,0.2720814049243927,3.879779730373699,0.5290412779516884,389.1473388671875,427.666748046875,18.477283477783203,2.5435656530382227,0.352100133895874,0.4952430129051208,0.0616110749542713
case_150,train,group_116,0.9,0.31217776224842614,0.31217776224842614,0.31217776224842614,0.0,1.0,10,False,False,-0.3073513282729202,3.989687919616699,4.625411033630371,0.305380642414093,5.70844041268024,0.7614634334428083,362.2044982910156,389.4493713378906,11.717700004577637,3.639640607411404,0.3479809463024139,0.4744180142879486,0.0542673878371715
case_151,train,group_117,0.9,0.27402806424618775,0.2750513187239171,0.2750513187239171,0.0,1.0,9,False,False,-0.40995079754284414,3.479653596878052,4.40528678894043,0.3960708975791931,4.456944458777224,0.597931227407684,362.6514892578125,386.9087829589844,9.897314071655272,2.8563536629763835,0.4124420881271362,0.5098109841346741,0.048792865127325
case_153,train,group_119,0.95,0.2869877635039353,0.2882332414088681,0.28948843655682827,0.004335907723601887,1.0173436308944075,7,False,False,-0.43588964841228905,3.4646592140197754,4.404366970062256,0.4014725983142853,5.523132075097575,0.732045311628092,367.4671630859375,402.8360900878906,14.68472957611084,3.4859602902498485,0.494371622800827,0.5650830268859863,0.0451486520469188
case_154,train,group_120,0.9,0.3134396706215851,0.3135385849299358,0.3135385849299358,0.0,1.0,10,False,False,-0.33777713620285377,3.8219070434570312,4.552929878234863,0.3305437862873077,5.254180695217162,0.7005619677485391,363.5869445800781,385.8201599121094,10.17988395690918,3.3478074663566337,0.3998811244964599,0.5015569925308228,0.0504109971225261
case_155,train,group_121,0.975,0.2883947748905571,0.2898227259670525,0.2917620916577632,0.006647079062572518,1.02658831625029,6,False,False,-0.42915224216223624,3.4562721252441406,4.397141933441162,0.4012274444103241,4.817089554544047,0.6469825749698636,372.7580871582031,398.3600158691406,12.300539016723633,3.08496935201708,0.3798628151416778,0.4871020019054413,0.0515094064176082
case_156,train,group_096,1.05,0.2984261256116538,0.2996232298868354,0.3054986831665639,0.019232335860921324,1.0769293434436853,3,False,False,-0.4516867316776867,3.3987786769866943,4.339728832244873,0.404140830039978,5.3810984225374074,0.7217155991598921,366.6425476074219,399.6999206542969,14.302489280700684,3.448787851799579,0.3444415628910064,0.4676519930362701,0.0525996312499046
case_157,train,group_122,1.0,0.29218783091458,0.29357662542498103,0.29653892457728015,0.009989579467592368,1.0399583178703695,5,False,False,-0.4141677905181962,3.424818277359009,4.35217809677124,0.3978156745433807,4.759148458179243,0.6414421777972152,373.52349853515625,394.5790100097656,10.145079612731934,3.069813803506341,0.3509520292282104,0.4775919914245605,0.0554457791149616
case_158,train,group_123,1.025,0.3080474452173728,0.3094478079114509,0.31359322487999236,0.013219089698535018,1.05287635879414,4,False,False,-0.48313573362411033,3.424365282058716,4.352934837341309,0.3979684710502624,5.98192237135635,0.7853542523070659,410.723388671875,425.5048828125,10.120108604431152,3.730282558032569,0.4178316593170166,0.5167170166969299,0.0497012622654438
case_159,internal_test,group_124,1.0,0.30929074922005706,0.31077777269058493,0.3139574234577866,0.010127649578030098,1.0405105983121203,5,False,False,-0.44314204419764536,3.417283773422241,4.342947959899902,0.3971401154994964,5.2829991435208585,0.7033219720967838,366.4687805175781,400.5136413574219,14.465778350830078,3.3497878168503155,0.4797284305095672,0.5544710159301758,0.0459972023963928
case_16,train,group_011,0.975,0.2768215249394953,0.27799556857833363,0.28002906495698077,0.007261733273864023,1.0290469330954561,6,False,False,-0.4823759037776859,3.462811231613159,4.341714859008789,0.3811382949352264,6.706141961609796,0.8930865519370529,389.4546813964844,427.8513793945313,18.39821434020996,4.260811997049674,0.3562471866607666,0.4918529987335205,0.0535491593182086
case_163,train,group_128,0.9,0.3367526129520595,0.3377991355401477,0.3377991355401477,0.0,1.0,10,False,False,-0.5146540873118854,3.4270238876342773,4.3568949699401855,0.3980803191661834,6.267151011608086,0.8078470515104488,428.0745849609375,436.895263671875,10.44421100616455,3.8314495228332395,0.5707933306694031,0.6143990159034729,0.0392832420766353
case_164,train,group_129,1.0,0.2820581443519846,0.2833437116283352,0.2860806450731926,0.009566999697435444,1.0382679987897419,5,False,False,-0.3730752751269696,3.4762561321258545,4.41284704208374,0.3991175293922424,4.797059528470061,0.6430755946973005,372.5656433105469,398.373779296875,12.289033889770508,3.0655756931085567,0.4134506583213806,0.5344280004501343,0.0572255402803421
case_165,train,group_130,0.8,0.4499504916602043,0.4521556095716567,0.45594107552850904,0.008302533287803471,1.0332101331512138,13,False,False,-0.16813796697802574,4.635026454925537,4.99378776550293,0.2627304494380951,7.537112699296258,0.9711205608671318,381.8801879882813,415.5033264160156,12.852670669555664,4.607056318475231,0.4151437878608703,0.5631849765777588,0.0593654699623584
case_166,train,group_131,1.025,0.2847532006627488,0.2861414017198647,0.2903423162953711,0.01446883330376391,1.0578753332150557,4,False,False,-0.43940252800927304,3.435631275177002,4.379203796386719,0.4026464819908142,5.239105886858266,0.6989861149491727,367.1941223144531,402.5552978515625,14.791897773742676,3.3296964976939973,0.4171966016292572,0.5165070295333862,0.0498398467898368
case_169,train,group_119,1.025,0.3180654333657523,0.31913804566961895,0.32304674159009306,0.012099474835235336,1.0483978993409413,4,False,False,-0.4413839211391859,3.432600259780884,4.357941150665283,0.3979732692241668,5.559923630002512,0.7379379735498555,380.2094421386719,403.2781677246094,11.796460151672363,3.5167545299545835,0.461256742477417,0.5403760075569153,0.0473449788987636
case_17,train,group_012,1.075,0.32349961000577165,0.32428657340629413,0.33210791003130247,0.023550588193672183,1.0942023527746887,2,False,False,-0.5603091137791536,3.3391776084899902,4.13048791885376,0.3435490429401397,5.484052780072772,0.7364658044234884,440.5730590820313,448.5782775878906,11.065532684326172,3.511935289099871,0.3592750132083893,0.4972169995307922,0.0520152747631073
case_170,train,group_134,0.9,0.2921598915309196,0.2921598915309196,0.2921598915309196,0.0,1.0,10,False,False,-0.3747317187635337,3.624504804611206,4.445261955261231,0.3619391322135925,4.7441412124322,0.6284042570289887,368.7039794921875,398.2426452636719,13.252694129943848,2.989767575926332,0.5845108032226562,0.635528028011322,0.0436390973627567
case_171,train,group_135,1.05,0.3276381901257096,0.3291462836049371,0.3356958329140721,0.019510368217205493,1.078041472868822,3,False,False,-0.45793116942913337,3.394049644470215,4.330490112304688,0.4039483368396759,5.818636958953969,0.7716863592296971,404.6004943847656,419.4354553222656,9.74038028717041,3.672143946803226,0.3590504825115204,0.4828700125217438,0.0560246706008911
case_173,train,group_137,0.35,0.44738652907928556,0.4491960972615309,0.4742666859129531,0.05286179568603234,1.2114471827441293,15,False,False,-0.139209977667354,5.071426868438721,5.266848087310791,0.2815006375312805,10.247865209451593,1.3341054948961024,402.19830322265625,418.6421203613281,10.53454875946045,6.339196958299447,0.3573223054409027,0.4937979876995086,0.0546013936400413
case_175,train,group_093,1.025,0.2953228929360685,0.2965947216410142,0.3006319748889659,0.01342922105821523,1.0537168842328608,4,False,False,-0.38587971381565034,3.4117743968963623,4.342660903930664,0.399386316537857,4.958831205946858,0.6690912902537508,368.5635070800781,397.02093505859375,13.123151779174805,3.197574172900906,0.350957453250885,0.4941850006580353,0.060766514390707
case_176,validation,group_139,0.9,0.2947072418966836,0.2947072418966836,0.2947072418966836,0.0,1.0,9,False,False,-0.3615804979807695,3.8361308574676514,4.557304859161377,0.329047679901123,6.001335404968645,0.7962671955698901,368.1735229492188,400.0348815917969,13.200841903686523,3.7930954310881733,0.4161161482334137,0.5100190043449402,0.0495842769742012
case_179,train,group_142,1.0,0.28010121818740735,0.2810146822321461,0.2836146446678599,0.009167236193880665,1.0366689447755226,5,False,False,-0.40064618192306034,3.457709550857544,4.4017839431762695,0.4018899798393249,5.8624097034394875,0.7834204217712244,367.383544921875,401.6455993652344,14.590286254882812,3.7369887562924102,0.356120616197586,0.4893760085105896,0.0579687319695949
case_18,validation,group_013,0.925,0.2747971469899922,0.27586697234070845,0.2764161596126453,0.001986813190323134,1.0079472527612925,8,False,False,-0.477070217143838,3.517946720123291,4.379520893096924,0.3797719180583954,6.908303780671423,0.9158600706891764,385.7846374511719,427.0711975097656,19.03748893737793,4.356075678264989,0.35971400141716,0.498443990945816,0.0523169860243797
case_180,train,group_143,1.025,0.292668259258145,0.2940040047752467,0.297869991315636,0.012978771454331446,1.0519150858173258,4,False,False,-0.43512527686821767,3.4693281650543213,4.422637939453125,0.4054667055606842,4.823989532456959,0.6441878901123809,381.3869018554688,405.3695373535156,11.89083766937256,3.068462845432796,0.4126565456390381,0.5178800225257874,0.0500586815178394
case_181,train,group_144,0.9,0.3085319999373932,0.30905730327712166,0.30905730327712166,0.0,1.0,10,False,False,-0.3281234986197681,3.880963325500488,4.578250885009766,0.3218696713447571,6.267645428930135,0.8276391599353701,374.6295471191406,400.1968383789063,12.21060562133789,3.940406242403967,0.3653408288955688,0.5090330243110657,0.0560531392693519
case_182,train,group_145,1.05,0.28507326207962447,0.2860103692723088,0.29103814649724724,0.017275320384800563,1.0691012815392023,3,False,False,-0.5182943156502153,3.412649631500244,4.340727806091309,0.3978778421878814,4.997022994579102,0.6723618801937332,369.9147644042969,403.9873962402344,13.084407806396484,3.211346253840576,0.3410781025886535,0.4559800028800964,0.0438534654676914
case_183,train,group_146,1.025,0.28884978240555115,0.2898655571395317,0.29362864564951174,0.012815808558650707,1.0512632342346029,4,False,False,-0.38426969879106365,3.434481382369995,4.36077880859375,0.3981219828128814,5.786124793001198,0.7746595670452,368.73968505859375,402.6380004882813,14.467819213867188,3.698471069238527,0.3535558879375458,0.4997769892215729,0.0617360696196556
case_184,train,group_147,1.025,0.3021538996826229,0.30334077585540165,0.30738232696905443,0.013148287194987847,1.0525931487799514,4,False,False,-0.44468460506290974,3.397519111633301,4.3331170082092285,0.4035210311412811,5.312063453788609,0.7117970331357886,368.1035461425781,399.6644592285156,13.316668510437012,3.395952092909809,0.3936293125152588,0.4979380071163177,0.0509153492748737
case_185,train,group_148,1.0,0.2653716430309855,0.2664560220929404,0.26912488065584705,0.009916803516652773,1.039667214066611,5,False,False,-0.48205230387059406,3.4901881217956543,4.3791680335998535,0.3860352635383606,4.958191290989707,0.6670543729233331,368.5096740722656,400.9403076171875,12.146696090698242,3.1881220469485165,0.3434914350509643,0.4528090059757232,0.0460216291248798
case_186,train,group_149,0.9,0.27005232668896817,0.27057253673622045,0.27057253673622045,0.0,1.0,9,False,False,-0.3644741397468999,3.7361631393432617,4.5027031898498535,0.3437540531158447,5.287902157971469,0.7087725540076987,367.2469177246094,396.7318420410156,11.97087287902832,3.3868961665856347,0.3486391007900238,0.477510005235672,0.0549000240862369
case_187,train,group_147,1.05,0.30370719664454826,0.3046893144060163,0.3100522223269929,0.017296789169021574,1.0691871566760862,3,False,False,-0.44456369151499864,3.3984994888305664,4.339259147644043,0.4044046103954315,5.412325563963798,0.7251750216359212,368.3010864257813,400.6207580566406,13.983709335327148,3.4630886212469534,0.3873427212238312,0.4945510029792785,0.0514682717621326
case_188,train,group_093,1.025,0.281505026674541,0.2827140835657415,0.28665940714967286,0.013763105223584673,1.0550524208943386,4,False,False,-0.40452853126031496,3.424635410308838,4.347849845886231,0.3976042568683624,5.192735897172007,0.6993011647028096,369.7333984375,403.5959777832031,12.921147346496582,3.342910728463898,0.3489305078983307,0.4873859882354736,0.0596411786973476
case_189,train,group_101,1.05,0.3014472186012469,0.30254250235320157,0.3081267209701338,0.018123123497210503,1.072492493988842,3,False,False,-0.4284118719303377,3.40437388420105,4.33687686920166,0.4016564786434173,5.15289342364791,0.6915218438937293,365.9328308105469,396.5462951660156,12.939881324768066,3.3055974834235777,0.3571913838386535,0.4927850067615509,0.0543151460587978
case_19,train,group_006,0.975,0.28151092868159233,0.2825521273923593,0.2844952784549134,0.006830169811981797,1.0273206792479272,6,False,False,-0.4268247288842275,3.423744201660156,4.346603870391846,0.3979784846305847,7.084953252424958,0.9411119666167793,390.79241943359375,430.1040954589844,17.734981536865234,4.481177311272984,0.3600948452949524,0.5095490217208862,0.0629341006278991
case_190,train,group_096,1.05,0.29273102426985825,0.29363093273130847,0.2987214681752195,0.01704107667589896,1.0681643067035957,3,False,False,-0.4123302470173391,3.42315673828125,4.344974040985107,0.3978052139282226,5.48041321457864,0.7356556086590709,366.1627197265625,399.8901672363281,14.30609130859375,3.5162314945924082,0.3473292291164398,0.4861420094966888,0.0576607324182987
case_191,train,group_106,1.05,0.290465358012096,0.2914656749102873,0.2967735930285532,0.01788541245903652,1.071541649836146,3,False,False,-0.4520844294466019,3.413191318511963,4.352011203765869,0.4003863930702209,5.252438930080625,0.7056649432436681,368.427490234375,400.60540771484375,13.19227123260498,3.3696842843645816,0.3589784801006317,0.49720299243927,0.0514899753034114
case_192,train,group_106,1.025,0.28863965464692315,0.2900062345833061,0.2942351495352029,0.014372568874171356,1.0574902754966855,4,False,False,-0.43867409858297224,3.443337202072144,4.376368045806885,0.398783266544342,5.303453264169636,0.7112788735429433,365.5298767089844,396.9407653808594,13.371981620788574,3.3981691258414126,0.358118861913681,0.4958359897136688,0.0515717417001724
case_193,train,group_150,1.025,0.2835223569294727,0.28479013707197964,0.28882011757135795,0.013953254133630874,1.0558130165345234,4,False,False,-0.44844398537209973,3.4327430725097656,4.358067989349365,0.3979721069335937,4.741230711983872,0.6397912384781057,366.6557312011719,394.5610046386719,11.779062271118164,3.062905678623239,0.3520005941390991,0.4825739860534668,0.0502255260944366
case_194,train,group_151,0.9,0.28600612807342396,0.28716357366449397,0.28716357366449397,0.0,1.0,9,False,False,-0.3619872377363612,3.713203191757202,4.489656925201416,0.3472364842891693,5.971698013279704,0.796228673435429,365.9811096191406,399.3850708007813,14.165607452392578,3.799740066456717,0.3648502230644226,0.4881669878959656,0.0557833984494209
case_195,train,group_152,1.05,0.3023506083882226,0.3038473964449464,0.310539534657546,0.021550036197418517,1.086200144789674,3,False,False,-0.4813120832052967,3.398775815963745,4.333730220794678,0.4020915627479553,5.404226217199079,0.7249512837651974,366.947021484375,402.1915893554688,14.86263370513916,3.4649643537831336,0.3481342494487762,0.4725120067596435,0.0488101653754711
case_196,internal_test,group_113,1.0,0.2822253999497002,0.2836261200151636,0.28666137049955465,0.010588278703550632,1.0423531148142025,5,False,False,-0.4093437697328979,3.450724601745605,4.378867149353027,0.3979845643043518,5.540849947314221,0.7424109957684233,367.6076049804688,400.0106201171875,13.770980834960938,3.5467052206923673,0.3562313914299011,0.4884159862995147,0.0566208772361278
case_197,internal_test,group_153,0.9,0.28288603928185263,0.28407217943007823,0.28407217943007823,0.0,1.0,9,False,False,-0.30954709567657124,3.6821987628936768,4.474258899688721,0.3521238565444946,5.699641933603796,0.7602537682721682,368.3271789550781,394.18548583984375,11.780911445617676,3.6312566298518627,0.3610468804836273,0.5100070238113403,0.0630463063716888
case_199,internal_test,group_154,0.9,0.2863896013657454,0.2873988569463947,0.2873988569463947,0.0,1.0,9,False,False,-0.3322095917130111,3.736097574234009,4.4997100830078125,0.3437277376651764,6.359214121866025,0.8453093288013424,368.8340759277344,404.2610778808594,14.88178539276123,4.029894494850174,0.3534270823001861,0.4969339966773987,0.0615021213889122
case_20,train,group_008,1.0,0.2796392234891767,0.28082715972140526,0.2837261794302196,0.01021766731091283,1.0408706692436513,5,False,False,-0.48895697165246854,3.4376983642578125,4.357461929321289,0.3961818218231201,6.808826316033107,0.9059519203381624,386.24993896484375,428.4507751464844,18.953399658203125,4.3180527938586275,0.3569400310516357,0.4920589923858642,0.0531734600663185
case_200,train,group_155,1.05,0.2928423381231712,0.29379202964219353,0.2989649777155098,0.017302856384197436,1.0692114255367897,3,False,False,-0.3968148382461236,3.4804728031158447,4.374592781066895,0.3878067135810852,4.935710005028312,0.6622742864867991,368.853271484375,391.2104797363281,10.57806396484375,3.1682159666205685,0.3642668724060058,0.5085939764976501,0.0548590160906314
case_21,train,group_014,0.9,0.2672677293210553,0.26758103537574823,0.26758103537574823,0.0,1.0,9,False,False,-0.5496772501555083,3.7922611236572266,4.532018184661865,0.3354575634002685,5.911449557078722,0.7843404000764292,380.0529174804688,418.7206726074219,17.622663497924805,3.7383653337719465,0.304046481847763,0.3734660148620605,0.0346808359026908
case_24,train,group_017,1.0,0.26607166617602174,0.26693353990556334,0.26945948640976214,0.009374123501288183,1.0374964940051528,5,False,False,-0.6526883720375878,3.4139652252197266,4.31955099105835,0.3982797265052795,5.956165090531429,0.7919851285003366,386.143798828125,428.4120788574219,19.01522254943848,3.778465310108054,0.2968947887420654,0.3571540117263794,0.0334775671362876
case_27,train,group_019,0.9,0.2739327616095637,0.2741061337742726,0.2741061337742726,0.0,1.0,9,False,False,-0.6636849937056002,3.465683460235596,4.414574146270752,0.4056165814399719,6.335095851673211,0.8240595087369722,385.1637573242188,427.7463684082031,19.543014526367188,3.9048074057331337,0.5838103294372559,0.6116610169410706,0.0133214984089136
case_28,internal_test,group_020,0.9,0.2902096852943181,0.290289257524028,0.290289257524028,0.0,1.0,9,False,False,-0.4887957486082627,3.444808959960937,4.344237804412842,0.4001657962799072,7.316950024997338,0.9650820388985308,388.1788024902344,427.000244140625,18.416955947875977,4.5791667826617894,0.4003788828849792,0.5012249946594238,0.0502807050943374
case_29,validation,group_021,0.575,0.4261326497355809,0.428007689811772,0.4504374248391352,0.04979545168870795,1.1991818067548319,10,False,False,-0.7648887065899526,3.1236889362335205,3.676456928253174,0.230920061469078,3.2372860130213934,0.4424806651433147,392.5954895019531,424.3432922363281,17.600141525268555,2.1267350124096036,0.3146193325519562,0.3714419901371002,0.0281614027917385
case_32,train,group_023,0.9,0.3269960004145533,0.3285500387078639,0.3285500387078639,0.0,1.0,10,False,False,-0.35497619627966426,4.004930019378662,4.635653018951416,0.3062626123428345,8.509299881309824,1.1099825312839366,385.7896423339844,427.2201232910156,19.027637481689453,5.275779542328929,0.3441199362277984,0.4800379872322082,0.0573530942201614
case_34,train,group_025,0.9,0.3011819862872883,0.30126410337862836,0.30126410337862836,0.0,1.0,10,False,False,-0.47714222681036533,3.406077146530152,4.2971391677856445,0.3977664411067962,6.058139846726442,0.7923979254133703,389.1787109375,428.2310485839844,18.73888397216797,3.7518778987074564,0.5822104215621948,0.6336789727210999,0.0434413105249404
case_35,train,group_026,0.9,0.2790751467798246,0.27914088626169975,0.27914088626169975,0.0,1.0,10,False,False,-0.4100382925518561,3.4408388137817383,4.375041961669922,0.3971137702465057,4.615005873857943,0.6114694221143016,371.5977478027344,408.7979736328125,14.876484870910645,2.9088730609856635,0.6220473647117615,0.6585180163383484,0.0442086197435855
case_36,train,group_027,0.225,0.44723021606304825,0.44922821702855,0.4856605584530803,0.07501605965403935,1.3000642386161574,10,False,False,-0.22821371878094765,4.85212516784668,5.117259979248047,0.264154314994812,9.91553428614965,1.272051618512653,433.7020263671875,446.0522766113281,10.608501434326172,6.077426330017212,0.4091252386569977,0.5481550097465515,0.0524387471377849
case_39,train,group_030,0.675,0.3915870731733099,0.3931987070490146,0.40354663499289206,0.025642458755875192,1.1025698350235007,11,False,False,-0.35891081052697793,3.9490442276000977,4.5900468826293945,0.3113228678703308,5.50512162149386,0.723278132701622,399.2710266113281,408.4616088867188,7.977405071258545,3.4326625352435127,0.5030649900436401,0.5717719793319702,0.0440228655934333
case_40,train,group_031,0.9,0.26590045365881604,0.26702028985668896,0.26702028985668896,0.0,1.0,9,False,False,-0.44201676343394913,3.476468086242676,4.402723789215088,0.4011386334896087,5.972621291686916,0.7977840304697679,375.6658325195313,416.1701965332031,16.153501510620117,3.7961379496444487,0.3558333814144134,0.4885160028934479,0.0554569438099861
case_42,train,group_033,0.65,0.35676128258252016,0.358042238534227,0.37178239945887365,0.03695753468869246,1.1478301387547698,10,False,False,-0.45554718573350983,4.481013298034668,4.902854919433594,0.2694236040115356,8.492309163777195,1.1106221959458122,383.3473205566406,424.3719177246094,18.68475341796875,5.282750467961682,0.2999007403850555,0.3775449991226196,0.0306674931198358
case_43,train,group_033,0.675,0.34641655596521914,0.348087744130613,0.3603776174751696,0.03410276540108209,1.1364110616043284,11,False,False,-0.4824385276193418,4.455991268157959,4.886398792266846,0.2713600397109985,8.380533210145238,1.098251400214491,383.7666931152344,426.8658752441406,19.64435768127441,5.2337272126033,0.2953096032142639,0.3641569912433624,0.0284253749996423
case_44,train,group_034,0.9,0.28140623988089397,0.2823724388080687,0.2823724388080687,0.0,1.0,9,False,False,-0.5003575926233349,3.421377658843994,4.3431549072265625,0.396238774061203,6.614392521800247,0.8739319459086866,390.0741271972656,431.2918395996094,18.652687072753903,4.1612122035298915,0.4716525375843048,0.5480489730834961,0.0462924614548683
case_45,validation,group_035,0.85,0.33321019092560933,0.3346826728471771,0.3362119899174275,0.004548669042487111,1.0181946761699485,10,False,False,-0.3269619084629912,4.089926719665527,4.690937042236328,0.2983483970165252,9.014600221586255,1.1639765290090913,415.900634765625,438.6653137207031,11.671467781066896,5.524929731775814,0.3532792031764984,0.4961870014667511,0.0611677840352058
case_47,train,group_036,0.925,0.2742667118210166,0.27513638162313153,0.2756452938201839,0.0018462575217566884,1.0073850300870268,8,False,False,-0.5943874511288847,3.431697368621826,4.369460105895996,0.4010428488254547,6.363827062446024,0.8420482034656205,385.2372741699219,425.9954833984375,19.205371856689453,4.008412210630037,0.4492833018302917,0.5024229884147644,0.0318298153579235
case_48,train,group_037,0.975,0.2927859869411156,0.2938779766997797,0.29584351215673377,0.006643834920107138,1.0265753396804285,6,False,False,-0.4322437076539781,3.426650285720825,4.351603031158447,0.4008990824222564,7.337103889324099,0.9685342801700703,405.2812194824219,434.8112487792969,13.833043098449709,4.593622989629891,0.3604381084442138,0.510021984577179,0.0630935654044151
case_49,train,group_006,0.925,0.27353791072878153,0.27463673290940227,0.27519877928403924,0.0020423287345212723,1.008169314938085,8,False,False,-0.429796902505142,3.473597764968872,4.401814937591553,0.3960037231445312,7.114880961652489,0.9472163957183343,385.604248046875,425.4900512695313,19.03375816345215,4.51638471039998,0.3456548154354095,0.4862389862537384,0.0603737421333789
case_51,validation,group_039,0.825,0.2933538485123547,0.29431289959245566,0.2963484094869693,0.006868637824098476,1.0274745512963939,9,False,False,-0.6834384444820177,3.5304033756256104,4.083449840545654,0.2575376629829407,4.546394014281809,0.6162935495800522,385.83099365234375,427.0550231933594,19.01648330688477,2.9556043098054774,0.3277938067913055,0.3821699917316437,0.0266861338168382
case_52,train,group_040,0.925,0.2730055781380099,0.27395616949364165,0.27445144970038304,0.0018046186576244467,1.0072184746304977,8,False,False,-0.4817419450541116,3.4609897136688232,4.405360221862793,0.4015334546566009,6.493427239935278,0.8575332059245703,389.7483520507813,428.3780517578125,18.55299186706543,4.077394370551652,0.4170320630073547,0.5167099833488464,0.0497259832918643
case_54,validation,group_041,0.9,0.27510743250877256,0.27510743250877256,0.27510743250877256,0.0,1.0,9,False,False,-0.48924751194805016,3.480163097381592,4.408173084259033,0.3963909745216369,6.941213629885252,0.9117481367880882,388.8660583496094,428.88818359375,18.78531646728516,4.335847222933649,0.4751777052879333,0.5484179854393005,0.0450370088219642
case_56,train,group_043,0.825,0.27426459878286025,0.2754688336733,0.2776266144729617,0.007772240437963745,1.031088961751855,10,False,False,-0.3840994307613811,3.9566686153411865,4.530732154846191,0.2822281122207641,6.866255390206363,0.9052261127063488,391.56829833984375,431.0653076171875,18.250450134277344,4.31642872233671,0.3620691299438476,0.4984259903430938,0.0552688166499137
case_57,internal_test,group_044,0.9,0.30032502547328455,0.3007177702231574,0.3007177702231574,0.0,1.0,10,False,False,-0.5118549359981092,3.4517061710357666,4.381138801574707,0.3979073762893677,6.817535932537379,0.8865933482417868,420.9454956054688,442.0559387207031,11.190784454345703,4.2006975912825615,0.5291222929954529,0.5933359861373901,0.0428076982498168
case_58,train,group_045,1.0,0.3213751240168444,0.32263560406805847,0.3255607318288609,0.008984891219436485,1.0359395648777459,5,False,False,-0.7033770092175666,3.2952799797058105,3.9979400634765625,0.3093965649604797,4.3166952494501665,0.5820153400553694,397.2033996582031,431.0664978027344,16.30899429321289,2.7855562992830287,0.437208890914917,0.4841910004615783,0.0247922614216804
case_59,train,group_046,0.9,0.31719021844737927,0.31857800292361954,0.31857800292361954,0.0,1.0,9,False,False,-0.5159046951533299,3.414113521575928,4.321518898010254,0.3985752761363983,6.731501179594585,0.8780545910591775,415.2822570800781,437.5419616699219,11.511637687683104,4.149537071005078,0.5159759521484375,0.5820009708404541,0.0432564616203308
case_60,validation,group_013,0.9,0.274692228248801,0.274692228248801,0.274692228248801,0.0,1.0,9,False,False,-0.4498826800442751,3.585988759994507,4.4092559814453125,0.3671199679374695,7.3258561454521285,0.9668912729635541,390.0577392578125,431.7008666992188,18.76041984558105,4.596000443662611,0.3576135337352752,0.4934250116348266,0.0558004081249237
case_61,train,group_047,1.025,0.29271862834863827,0.2941181426948467,0.29820705102888057,0.013711642028336407,1.0548465681133457,4,False,False,-0.4879485336558198,3.501136541366577,4.439974784851074,0.398209810256958,6.174580777912599,0.8204345647646284,395.2786865234375,425.8003540039063,16.925382614135742,3.9117152241298707,0.3529425859451294,0.4788320064544678,0.0503299720585346
case_62,validation,group_048,0.675,0.3078164960842842,0.3089157123186855,0.32059336556190626,0.036425124464922354,1.1457004978596894,9,False,False,-0.33893455714766374,3.798898220062256,4.536083221435547,0.3343678414821625,3.824781395396325,0.5168016212412607,353.52325439453125,368.2245178222656,11.043818473815918,2.473053961909988,0.40302774310112,0.4987649917602539,0.0459478944540023
case_63,train,group_049,0.75,0.3920840302942617,0.39386223613017957,0.3987311601092913,0.012211044599015538,1.0488441783960623,14,False,False,-0.3255343964384416,4.257575988769531,4.785690784454346,0.2848091423511505,6.793850762930461,0.8812387911314027,392.8834533691406,425.2461242675781,17.84315299987793,4.2008939223552275,0.4950523376464844,0.5653340220451355,0.045140091329813
case_64,train,group_050,0.9,0.2553656215250291,0.2560800444033924,0.2560800444033924,0.0,1.0,10,False,False,-0.4079748309598251,3.4654695987701416,4.380486011505127,0.3898314535617828,4.595579137567754,0.6215544394302172,365.7829895019531,395.7268676757813,12.928702354431152,2.9747887018984156,0.3566097617149353,0.4926530122756958,0.0552641712129116
case_66,internal_test,group_052,0.35,0.41477735473888544,0.4164748107323633,0.45379400658169666,0.08223818584658801,1.3289527433863522,14,False,False,-0.3517476388207105,4.957562446594238,5.1825032234191895,0.2692562043666839,9.56276889535906,1.245857345018574,385.6255798339844,426.7341918945313,19.089977264404297,5.924408740627714,0.3400048613548279,0.415477991104126,0.0304559022188186
case_67,train,group_040,0.925,0.2685722188496833,0.2698508845219527,0.2704216167041905,0.0021105272174380667,1.0084421088697522,8,False,False,-0.4741204835586429,3.481675148010254,4.425694942474365,0.4014225006103515,6.4347000243431465,0.8518155674897352,382.6053771972656,426.1247253417969,19.79265022277832,4.049607023102838,0.4159236252307892,0.5154770016670227,0.0497010350227355
case_68,train,group_053,0.8,0.39543037191865715,0.39708253674769295,0.4001054892095652,0.00755538862474562,1.0302215544989826,13,False,False,-0.27311501663329707,4.425922393798828,4.877762794494629,0.2735873758792877,8.12502315086309,1.0526678358843937,392.8239440917969,425.4644470214844,17.428680419921875,5.012768088796757,0.3605170845985412,0.4894739985466003,0.055677156895399
case_69,train,group_054,1.05,0.28326217480278865,0.2842176334278307,0.2894086708466887,0.017936703152919398,1.0717468126116776,3,False,False,-0.5249880748164524,3.414844036102295,4.331756114959717,0.3967931568622589,6.173207604026618,0.8232609579616322,382.49993896484375,424.4466552734375,19.06673622131348,3.914355880218464,0.3441344201564789,0.448743999004364,0.0483309514820575
case_71,internal_test,group_056,0.9,0.2922896050541386,0.2927530321761441,0.2927530321761441,0.0,1.0,10,False,False,-0.5736860894151701,3.42432165145874,4.346854209899902,0.3977628350257873,5.603339931932406,0.7341066186505258,391.5738220214844,425.13677978515625,17.769493103027344,3.4893286205402942,0.609678328037262,0.6314210295677185,0.0258737206459045
case_72,train,group_057,0.7,0.3141897279112049,0.31527515945588996,0.32379068432292335,0.02629947456592257,1.1051978982636903,9,False,False,-0.306669995191027,3.4638895988464355,4.408148765563965,0.4016619920730591,3.711798134678086,0.5047898997167436,352.4326477050781,370.5895690917969,11.414469718933104,2.4204991784191536,0.359425276517868,0.5082319974899292,0.0628086552023887
case_73,train,group_058,0.3,0.3827786710167845,0.38454592487594674,0.43010637808587376,0.10592833664240746,1.42371334656963,13,False,False,-0.2793892277354988,4.698200225830078,4.967726230621338,0.2422367930412292,8.985725358431534,1.1645743770183812,389.1913757324219,430.40179443359375,18.797691345214844,5.53511755843712,0.5048685073852539,0.5674020051956177,0.0409205108880996
case_74,train,group_059,0.9,0.2743172124863763,0.2747441152474087,0.2747441152474087,0.0,1.0,10,False,False,-0.5455600262297836,3.837376594543457,4.5571489334106445,0.3287328779697418,6.986382164833961,0.9183953290075025,390.3270568847656,431.7774658203125,18.64606475830078,4.3768052391929295,0.3540834486484527,0.4266839921474457,0.0346968248486518
case_75,train,group_060,0.925,0.279109092680772,0.280282397377297,0.2808554041747201,0.00204021994558683,1.0081608797823474,8,False,False,-0.47009748184346034,3.434945821762085,4.355371952056885,0.3981591463088989,6.7341645903902165,0.889728623514074,389.47900390625,428.7915649414063,18.642627716064453,4.223954647691022,0.4121075272560119,0.5527989864349365,0.0529544055461883
case_77,train,group_062,1.05,0.2808670396373138,0.28183870013046264,0.28719381801138977,0.01864635498774821,1.0745854199509928,3,False,False,-0.5233869170050102,3.3737595081329346,4.057146072387695,0.3044011890888214,4.719060860521958,0.6392854413395782,382.7502746582031,424.6549377441406,18.993059158325195,3.0610954022559325,0.357508510351181,0.4952700138092041,0.0517014302313327
case_78,train,group_063,0.9,0.2768240146710159,0.27735283163945,0.27735283163945,0.0,1.0,9,False,False,-0.31809003512532397,3.473510503768921,4.394714832305908,0.3976163566112518,4.152251274070848,0.5633925900961353,362.4739379882813,375.292724609375,10.105934143066406,2.694443431041621,0.3519338071346283,0.4985930025577545,0.0626445561647415
case_79,train,group_064,0.975,0.2825459107146651,0.2838547072720703,0.2858877791875374,0.00711143344862401,1.028445733794496,6,False,False,-0.47081201943733986,3.430354595184326,4.354800224304199,0.3977881073951721,6.670601508399023,0.8862457116954982,389.55474853515625,427.9959411621094,18.49088859558105,4.215130275970287,0.3595194816589355,0.4861499965190887,0.05570088326931
case_81,validation,group_066,0.975,0.30473864619444047,0.3059826711890081,0.3079771968500795,0.006476212139960173,1.0259048485598408,6,False,False,-0.5091176406605992,3.4711034297943115,4.370614051818848,0.389234334230423,7.122727067535836,0.936902032174589,427.3624877929688,443.0621643066406,10.700604438781738,4.4452974081445085,0.3936992585659027,0.4970389902591705,0.0506984405219554
case_82,internal_test,group_020,0.9,0.27610948599677887,0.27692216188042984,0.27692216188042984,0.0,1.0,10,False,False,-0.47913230870590495,3.4522545337677,4.387165069580078,0.4008691310882568,6.902531072070323,0.9158307923825402,383.1573181152344,424.2245788574219,18.72331428527832,4.355909012913179,0.3968290388584137,0.5005000233650208,0.0505726896226406
case_83,validation,group_067,0.9,0.28134687056054,0.2818729477720663,0.2818729477720663,0.0,1.0,9,False,False,-0.45978259928771603,3.4547364711761475,4.374969005584717,0.4013635814189911,7.287253415560199,0.9665895120910224,386.7286682128906,426.0284423828125,18.719057083129883,4.595082030216067,0.3536431193351745,0.4840059876441955,0.0563716106116771
case_84,train,group_008,1.025,0.2743624386689819,0.2753087163659216,0.2789256798551046,0.01296748112637721,1.0518699245055088,4,False,False,-0.4948511965112058,3.4487290382385254,4.3586931228637695,0.3937629163265228,6.6502872488324805,0.8845042229470779,390.2251892089844,431.4751586914063,18.657062530517575,4.216277891378709,0.360487163066864,0.4993279874324798,0.0526352971792221
case_85,train,group_068,1.025,0.2767066932010687,0.27790658068286844,0.281895076056762,0.014148864995039664,1.0565954599801586,4,False,False,-0.46543415625514883,3.4244441986083984,4.3561110496521,0.3965501189231872,6.374632102798585,0.8506470456063144,382.4470825195313,426.2056274414063,19.90363121032715,4.052905444919697,0.3595130443572998,0.4842430055141449,0.0562217868864536
case_86,validation,group_069,1.05,0.3042233029685396,0.3056313614988885,0.3121806616030698,0.02097919861707702,1.0839167944683081,3,False,False,-0.6518462367493008,3.3035128116607666,4.07803201675415,0.337123692035675,4.846136212637985,0.6559348281388303,385.3857116699219,425.63128662109375,19.11328125,3.145643795711836,0.3429905772209167,0.4162420034408569,0.0352904871106147
case_87,validation,group_070,0.825,0.3459176924014613,0.34738457203989986,0.3494740237215234,0.005978846895037109,1.0239153875801483,12,False,False,-0.372479482093925,4.078866958618164,4.678973197937012,0.2992359101772308,8.357043038912899,1.0756300915634343,434.91937255859375,446.29388427734375,10.841824531555176,5.111466613247705,0.3624218702316284,0.4929479956626892,0.0561986789107322
case_89,train,group_071,0.9,0.28678478609187397,0.28678478609187397,0.28678478609187397,0.0,1.0,9,False,False,-0.4695997359248636,3.8019614219665527,4.541163921356201,0.3334589302539825,7.349869734653196,0.9702675742128164,383.197509765625,423.9712829589844,18.62520980834961,4.622457716068559,0.328755110502243,0.4343090057373047,0.0461499169468879
case_91,train,group_007,1.025,0.30266672771171965,0.3038279182466797,0.3076748867865866,0.012503355668983432,1.0500134226759337,4,False,False,-0.5593597411722274,3.455228328704834,4.390332221984863,0.4016213715076446,7.152611119918343,0.942181615444263,433.0641174316406,445.1156921386719,10.695987701416016,4.467663698574018,0.3450756967067718,0.4657489955425262,0.0467129945755004
case_92,train,group_073,1.075,0.3323920122119745,0.3333224258422656,0.3421402043435464,0.025772412564606915,1.1030896502584278,2,False,False,-0.5678627467402245,3.3151376247406006,4.09653377532959,0.3396933972835541,5.362451499002739,0.7215803100219591,440.694091796875,448.29205322265625,11.036330223083496,3.4425546643598843,0.3573110401630401,0.4941030144691467,0.0518410392105579
case_93,internal_test,group_074,1.025,0.2732188394887114,0.27420410968263986,0.2778435090435134,0.013098738111256615,1.0523949524450265,4,False,False,-0.5274498080399083,3.417858839035034,4.322260856628418,0.3889064490795135,6.009249100721224,0.8018171006071891,386.1116943359375,427.1571960449219,18.93198776245117,3.8235457866807523,0.3820260167121887,0.4785780012607574,0.0465712547302246
case_94,train,group_075,1.025,0.27358805039258716,0.2749354189354629,0.2791618243408152,0.015139625252600732,1.0605585010104028,4,False,False,-0.716840658516426,3.345393419265747,4.140851020812988,0.3452984094619751,4.902062609123403,0.6625634448465304,382.6231994628906,424.648193359375,19.04590606689453,3.1787736701836438,0.2921536862850189,0.3512179851531982,0.0267762038856744
case_95,train,group_076,0.75,0.3544654062559386,0.3557528787661779,0.3605564895355967,0.013322768855459952,1.0532910754218399,12,False,False,-0.401258210509455,4.116982936859131,4.701513767242432,0.2957494258880615,8.606573453893732,1.10769796981412,441.1065368652344,448.7469177246094,11.151686668395996,5.276489414461732,0.3583834171295166,0.4941360056400299,0.0516914539039135
case_96,train,group_077,0.9,0.2684242572874551,0.268457851750165,0.268457851750165,0.0,1.0,9,False,False,-0.5498503345055489,3.607393741607666,4.233084201812744,0.2878321409225464,5.5198488049368475,0.7422464253332419,386.0886535644531,428.4657897949219,19.101863861083984,3.552206898352047,0.3271991014480591,0.4280770123004913,0.0433760397136211
case_97,train,group_068,1.05,0.2873523871371008,0.28830775682169585,0.2935271425322408,0.017781611831592995,1.071126447326372,3,False,False,-0.4646511821046263,3.3956286907196045,4.331124782562256,0.4038839638233185,6.354545222505701,0.84655848597478,385.0579528808594,424.7047424316406,18.142024993896484,4.027948525432437,0.3635185360908508,0.4960069954395294,0.0565620250999927
case_98,internal_test,group_078,1.075,0.3176764482096048,0.3184521773741534,0.32619151733265606,0.02372636793804162,1.0949054717521665,2,False,False,-0.5025608308952821,3.4002556800842285,4.341915130615234,0.4038166403770447,6.579234849231603,0.8710196255921763,426.91705322265625,443.4223937988281,10.807268142700195,4.131635266479871,0.3600414395332336,0.486066997051239,0.0555852316319942
case_99,train,group_079,1.025,0.32048424227804795,0.3219047510815449,0.32638858669744053,0.013737721840292417,1.0549508873611697,4,False,False,-0.5343788949895278,3.2034356594085693,3.818567991256714,0.2735406458377838,3.8896720943113543,0.5294786964375092,388.10498046875,426.9716491699219,18.422473907470703,2.543495027285999,0.363998681306839,0.4999220073223114,0.0566882155835628
