split,model,criterion,rank,case_id,value,rmse,actual_p99,predicted_p99,actual_max,predicted_max,prediction_abs_max_ratio,top1pct_hotspot_overlap
internal_test,v10_signed_staged_symbolic,rmse,1,case_95,2.680167061948449,2.680167061948449,16.617831211090085,15.532664267572018,34.6576042175293,31.203182972927095,0.9003271771781903,0.5084915084915085
internal_test,v10_signed_staged_symbolic,rmse,2,case_48,2.355363557700273,2.355363557700273,16.89704576492309,14.125045236784999,36.57381820678711,28.91194759213965,0.7905094138291084,0.44405594405594406
internal_test,v10_signed_staged_symbolic,rmse,3,case_52,2.264029967903494,2.264029967903494,15.024835319519037,13.10920899607511,33.935302734375,26.190149789601737,0.7717670885273182,0.46378621378621376
internal_test,v10_signed_staged_symbolic,rmse,4,case_68,2.2573914937838264,2.2573914937838264,14.204864883422841,14.450037728065116,30.399791717529297,28.39175076266493,0.93394556865643,0.5117382617382618
internal_test,v10_signed_staged_symbolic,rmse,5,case_67,2.227099312653792,2.227099312653792,15.007321405410755,13.070545111845474,33.35513687133789,26.042548784206907,0.7807657598486817,0.4582917082917083
internal_test,v10_signed_staged_symbolic,p99_underprediction_fraction,1,case_189,0.18957191311566352,1.7283156947259093,12.753865308761585,10.336090662560158,29.364471435546875,20.98108673281151,0.7145058537445036,0.4230769230769231
internal_test,v10_signed_staged_symbolic,p99_underprediction_fraction,2,case_191,0.18613224672478756,1.7787344404877405,13.111052494049055,10.670662836405075,29.264482498168945,21.509198858521167,0.734993310059967,0.4353146853146853
internal_test,v10_signed_staged_symbolic,p99_underprediction_fraction,3,case_182,0.1809873722446694,1.780119698998461,12.821896562576253,10.501295196522618,27.602649688720703,20.848340929751622,0.7553021599325263,0.44280719280719283
internal_test,v10_signed_staged_symbolic,p99_underprediction_fraction,4,case_139,0.17912655757369902,1.7914977524414653,13.217778148651119,10.850123050110383,29.612136840820312,21.95878889336948,0.7415469208253591,0.4175824175824176
internal_test,v10_signed_staged_symbolic,p99_underprediction_fraction,5,case_192,0.17386697851614105,1.76947898476644,12.946696014404287,10.695693096612848,29.42413902282715,21.5927888985668,0.7338460738584461,0.4210789210789211
internal_test,v10_signed_staged_symbolic,max_relative_error,1,case_189,0.2854941462554964,1.7283156947259093,12.753865308761585,10.336090662560158,29.364471435546875,20.98108673281151,0.7145058537445036,0.4230769230769231
internal_test,v10_signed_staged_symbolic,max_relative_error,2,case_116,0.2777524089099429,2.155358561803335,15.341071567535392,12.713327046500225,35.28178024291992,25.482180789817683,0.7222475910900571,0.4645354645354645
internal_test,v10_signed_staged_symbolic,max_relative_error,3,case_157,0.26835700302140364,1.6504801887776797,11.7065015220642,9.719643876640772,26.843324661254883,19.639730504029988,0.7316429969785964,0.4478021978021978
internal_test,v10_signed_staged_symbolic,max_relative_error,4,case_192,0.26615392614155386,1.76947898476644,12.946696014404287,10.695693096612848,29.42413902282715,21.5927888985668,0.7338460738584461,0.4210789210789211
internal_test,v10_signed_staged_symbolic,max_relative_error,5,case_191,0.26500668994003296,1.7787344404877405,13.111052494049055,10.670662836405075,29.264482498168945,21.509198858521167,0.734993310059967,0.4353146853146853
internal_test,v10_signed_staged_symbolic,top1pct_hotspot_overlap,1,case_139,0.4175824175824176,1.7914977524414653,13.217778148651119,10.850123050110383,29.612136840820312,21.95878889336948,0.7415469208253591,0.4175824175824176
internal_test,v10_signed_staged_symbolic,top1pct_hotspot_overlap,2,case_192,0.4210789210789211,1.76947898476644,12.946696014404287,10.695693096612848,29.42413902282715,21.5927888985668,0.7338460738584461,0.4210789210789211
internal_test,v10_signed_staged_symbolic,top1pct_hotspot_overlap,3,case_189,0.4230769230769231,1.7283156947259093,12.753865308761585,10.336090662560158,29.364471435546875,20.98108673281151,0.7145058537445036,0.4230769230769231
internal_test,v10_signed_staged_symbolic,top1pct_hotspot_overlap,4,case_191,0.4353146853146853,1.7787344404877405,13.111052494049055,10.670662836405075,29.264482498168945,21.509198858521167,0.734993310059967,0.4353146853146853
internal_test,v10_signed_staged_symbolic,top1pct_hotspot_overlap,5,case_133,0.4355644355644356,1.7743277418283416,12.81892926216123,10.638580781501801,28.935829162597656,21.39276821591789,0.7393176153932406,0.4355644355644356
internal_test,v11_current_gain_1_00,rmse,1,case_95,2.515280482159566,2.515280482159566,16.617831211090085,15.002117148128367,34.6576042175293,31.11348347622843,0.8977390151074464,0.5132367632367633
internal_test,v11_current_gain_1_00,rmse,2,case_48,2.3601924505308216,2.3601924505308216,16.89704576492309,14.09548221803187,36.57381820678711,29.370585994732743,0.8030494882615881,0.497002997002997
internal_test,v11_current_gain_1_00,rmse,3,case_68,2.3092757590236257,2.3092757590236257,14.204864883422841,13.509174299031704,30.399791717529297,28.17296465765881,0.9267486079983094,0.5404595404595405
internal_test,v11_current_gain_1_00,rmse,4,case_52,2.206225886519975,2.206225886519975,15.024835319519037,12.933064924959876,33.935302734375,26.45007010801098,0.7794263783366281,0.5179820179820179
internal_test,v11_current_gain_1_00,rmse,5,case_16,2.1620513779203376,2.1620513779203376,15.720469598770103,13.182487533399183,34.04954528808594,27.34944730250771,0.803225037841471,0.5014985014985015
internal_test,v11_current_gain_1_00,p99_underprediction_fraction,1,case_182,0.20363853528370102,1.6879942356018838,12.821896562576253,10.210864327014104,27.602649688720703,20.967443360578468,0.7596170511538396,0.4905094905094905
internal_test,v11_current_gain_1_00,p99_underprediction_fraction,2,case_189,0.2025134563308781,1.7538434755526757,12.753865308761585,10.171035963505794,29.364471435546875,21.23599068542112,0.7231865464370013,0.46853146853146854
internal_test,v11_current_gain_1_00,p99_underprediction_fraction,3,case_191,0.200748853308181,1.7743571912565084,13.111052494049055,10.47902374020534,29.264482498168945,21.743443402702272,0.7429977073424326,0.4805194805194805
internal_test,v11_current_gain_1_00,p99_underprediction_fraction,4,case_139,0.19279337552319958,1.7883628579027235,13.217778148651119,10.669478082455882,29.612136840820312,22.217831769422904,0.7502947824689111,0.46003996003996006
internal_test,v11_current_gain_1_00,p99_underprediction_fraction,5,case_192,0.18826952479315956,1.7568063733427037,12.946696014404287,10.509227708130899,29.42413902282715,21.83602372068998,0.7421125798702102,0.46528471528471527
internal_test,v11_current_gain_1_00,max_relative_error,1,case_189,0.2768134535629987,1.7538434755526757,12.753865308761585,10.171035963505794,29.364471435546875,21.23599068542112,0.7231865464370013,0.46853146853146854
internal_test,v11_current_gain_1_00,max_relative_error,2,case_116,0.2688873398776664,2.1103047403504087,15.341071567535392,12.519400933969031,35.28178024291992,25.794956207252778,0.7311126601223336,0.516983016983017
internal_test,v11_current_gain_1_00,max_relative_error,3,case_157,0.2598464410913613,1.6156097567992869,11.7065015220642,9.557473276448775,26.843324661254883,19.86818228096783,0.7401535589086387,0.4975024975024975
internal_test,v11_current_gain_1_00,max_relative_error,4,case_192,0.2578874201297898,1.7568063733427037,12.946696014404287,10.509227708130899,29.42413902282715,21.83602372068998,0.7421125798702102,0.46528471528471527
internal_test,v11_current_gain_1_00,max_relative_error,5,case_191,0.25700229265756735,1.7743571912565084,13.111052494049055,10.47902374020534,29.264482498168945,21.743443402702272,0.7429977073424326,0.4805194805194805
internal_test,v11_current_gain_1_00,top1pct_hotspot_overlap,1,case_139,0.46003996003996006,1.7883628579027235,13.217778148651119,10.669478082455882,29.612136840820312,22.217831769422904,0.7502947824689111,0.46003996003996006
internal_test,v11_current_gain_1_00,top1pct_hotspot_overlap,2,case_192,0.46528471528471527,1.7568063733427037,12.946696014404287,10.509227708130899,29.42413902282715,21.83602372068998,0.7421125798702102,0.46528471528471527
internal_test,v11_current_gain_1_00,top1pct_hotspot_overlap,3,case_189,0.46853146853146854,1.7538434755526757,12.753865308761585,10.171035963505794,29.364471435546875,21.23599068542112,0.7231865464370013,0.46853146853146854
internal_test,v11_current_gain_1_00,top1pct_hotspot_overlap,4,case_133,0.4805194805194805,1.7165746288985713,12.81892926216123,10.45313922362191,28.935829162597656,21.629991121800394,0.7475158565616374,0.4805194805194805
internal_test,v11_current_gain_1_00,top1pct_hotspot_overlap,5,case_191,0.4805194805194805,1.7743571912565084,13.111052494049055,10.47902374020534,29.264482498168945,21.743443402702272,0.7429977073424326,0.4805194805194805
internal_test,v11_mean_calibrated_v10,rmse,1,case_95,2.4262167865594453,2.4262167865594453,16.617831211090085,14.72896829556392,34.6576042175293,30.399487000918995,0.8771375773730888,0.5084915084915085
internal_test,v11_mean_calibrated_v10,rmse,2,case_48,2.3370954508354305,2.3370954508354305,16.89704576492309,13.545084859351132,36.57381820678711,28.331987214705784,0.7746521583969632,0.44405594405594406
internal_test,v11_mean_calibrated_v10,rmse,3,case_68,2.270784330286509,2.270784330286509,14.204864883422841,13.564196275580443,30.399791717529297,27.505909310180257,0.9048058475453188,0.5117382617382618
internal_test,v11_mean_calibrated_v10,rmse,4,case_52,2.1924088122960375,2.1924088122960375,15.024835319519037,12.442833421747881,33.935302734375,25.523774215274507,0.7521304411237806,0.46378621378621376
internal_test,v11_mean_calibrated_v10,rmse,5,case_67,2.142386104244128,2.142386104244128,15.007321405410755,12.386128767093812,33.35513687133789,25.358132439455243,0.7602466911549542,0.4582917082917083
internal_test,v11_mean_calibrated_v10,p99_underprediction_fraction,1,case_189,0.23295383830222735,1.735158581261862,12.753865308761585,9.782803431895951,29.364471435546875,20.427799502147302,0.695663790406887,0.4230769230769231
internal_test,v11_mean_calibrated_v10,p99_underprediction_fraction,2,case_182,0.23286174108905083,1.687460754028222,12.821896562576253,9.83616740495103,27.602649688720703,20.183213138180037,0.7312056402479188,0.44280719280719283
internal_test,v11_mean_calibrated_v10,p99_underprediction_fraction,3,case_191,0.23109921838220396,1.7641080666859812,13.111052494049055,10.081098510506273,29.264482498168945,20.919634532622364,0.7148472396165314,0.4353146853146853
internal_test,v11_mean_calibrated_v10,p99_underprediction_fraction,4,case_139,0.2235887960137453,1.7719812940059008,13.217778148651119,10.262431046417424,29.612136840820312,21.371096889676522,0.7217005987969257,0.4175824175824176
internal_test,v11_mean_calibrated_v10,p99_underprediction_fraction,5,case_192,0.2192794325084964,1.7422824118361766,12.946696014404287,10.107751859505703,29.42413902282715,21.004847661459653,0.7138644785889627,0.4210789210789211
internal_test,v11_mean_calibrated_v10,max_relative_error,1,case_189,0.30433620959311297,1.735158581261862,12.753865308761585,9.782803431895951,29.364471435546875,20.427799502147302,0.695663790406887,0.4230769230769231
internal_test,v11_mean_calibrated_v10,max_relative_error,2,case_116,0.2965239322672106,2.102664512663129,15.341071567535392,12.051034284584269,35.28178024291992,24.819888027901726,0.7034760677327894,0.4645354645354645
internal_test,v11_mean_calibrated_v10,max_relative_error,3,case_157,0.28774526099190295,1.5980627232461886,11.7065015220642,9.199198573322496,26.843324661254883,19.119285200711712,0.7122547390080971,0.4478021978021978
internal_test,v11_mean_calibrated_v10,max_relative_error,4,case_192,0.28613552141103726,1.7422824118361766,12.946696014404287,10.107751859505703,29.42413902282715,21.004847661459653,0.7138644785889627,0.4210789210789211
internal_test,v11_mean_calibrated_v10,max_relative_error,5,case_191,0.28515276038346865,1.7641080666859812,13.111052494049055,10.081098510506273,29.264482498168945,20.919634532622364,0.7148472396165314,0.4353146853146853
internal_test,v11_mean_calibrated_v10,top1pct_hotspot_overlap,1,case_139,0.4175824175824176,1.7719812940059008,13.217778148651119,10.262431046417424,29.612136840820312,21.371096889676522,0.7217005987969257,0.4175824175824176
internal_test,v11_mean_calibrated_v10,top1pct_hotspot_overlap,2,case_192,0.4210789210789211,1.7422824118361766,12.946696014404287,10.107751859505703,29.42413902282715,21.004847661459653,0.7138644785889627,0.4210789210789211
internal_test,v11_mean_calibrated_v10,top1pct_hotspot_overlap,3,case_189,0.4230769230769231,1.735158581261862,12.753865308761585,9.782803431895951,29.364471435546875,20.427799502147302,0.695663790406887,0.4230769230769231
internal_test,v11_mean_calibrated_v10,top1pct_hotspot_overlap,4,case_191,0.4353146853146853,1.7641080666859812,13.111052494049055,10.081098510506273,29.264482498168945,20.919634532622364,0.7148472396165314,0.4353146853146853
internal_test,v11_mean_calibrated_v10,top1pct_hotspot_overlap,5,case_133,0.4355644355644356,1.699761909663463,12.81892926216123,10.058656012447885,28.935829162597656,20.812843446863972,0.7192758614211953,0.4355644355644356
internal_test,v11_selected_gain_0.95,rmse,1,case_95,2.5037472284387237,2.5037472284387237,16.617831211090085,14.965491019383554,34.6576042175293,31.07778365246296,0.8967089432207285,0.5154845154845155
internal_test,v11_selected_gain_0.95,rmse,2,case_48,2.3532550882629053,2.3532550882629053,16.89704576492309,14.045163902333083,36.57381820678711,29.313911144768486,0.8014998865863181,0.495004995004995
internal_test,v11_selected_gain_0.95,rmse,3,case_68,2.3003325641244388,2.3003325641244388,14.204864883422841,13.47535864574927,30.399791717529297,28.139611890284883,0.9256514699756598,0.5392107892107892
internal_test,v11_selected_gain_0.95,rmse,4,case_52,2.2006602743526145,2.2006602743526145,15.024835319519037,12.88976218166304,33.935302734375,26.399826237113782,0.7779458000936558,0.516983016983017
internal_test,v11_selected_gain_0.95,rmse,5,case_16,2.155358713327962,2.155358713327962,15.720469598770103,13.135892108974147,34.04954528808594,27.297119839285664,0.8016882342577722,0.5002497502497503
internal_test,v11_selected_gain_0.95,p99_underprediction_fraction,1,case_182,0.20611786545674568,1.684007457021756,12.821896562576253,10.17907461199085,27.602649688720703,20.928231849458545,0.7581964806085435,0.48976023976023975
internal_test,v11_selected_gain_0.95,p99_underprediction_fraction,2,case_189,0.20529575022485544,1.7488744999154446,12.753865308761585,10.135550961932617,29.364471435546875,21.19558112625743,0.7218104086354957,0.4672827172827173
internal_test,v11_selected_gain_0.95,p99_underprediction_fraction,3,case_191,0.20334641251347343,1.7696984879527586,13.111052494049055,10.444967005108351,29.264482498168945,21.702252959198276,0.7415901839561375,0.48026973026973024
internal_test,v11_selected_gain_0.95,p99_underprediction_fraction,4,case_139,0.19549384706588,1.7832026594072978,13.217778148651119,10.633783848707987,29.612136840820312,22.175495025435588,0.7488650732853119,0.46003996003996006
internal_test,v11_selected_gain_0.95,p99_underprediction_fraction,5,case_192,0.19106514563328472,1.7518226104025851,12.946696014404287,10.473033654942265,29.42413902282715,21.79446491772846,0.7407001748061477,0.4647852147852148
internal_test,v11_selected_gain_0.95,max_relative_error,1,case_189,0.27818959136450433,1.7488744999154446,12.753865308761585,10.135550961932617,29.364471435546875,21.19558112625743,0.7218104086354957,0.4672827172827173
internal_test,v11_selected_gain_0.95,max_relative_error,2,case_116,0.27026916949714364,2.1050730509732785,15.341071567535392,12.478882523548622,35.28178024291992,25.746202798285225,0.7297308305028564,0.5154845154845155
internal_test,v11_selected_gain_0.95,max_relative_error,3,case_157,0.2612413820863885,1.6109543283647163,11.7065015220642,9.527979886162537,26.843324661254883,19.83073742695502,0.7387586179136115,0.49575424575424576
internal_test,v11_selected_gain_0.95,max_relative_error,4,case_192,0.25929982519385225,1.7518226104025851,12.946696014404287,10.473033654942265,29.42413902282715,21.79446491772846,0.7407001748061477,0.4647852147852148
internal_test,v11_selected_gain_0.95,max_relative_error,5,case_191,0.25840981604386243,1.7696984879527586,13.111052494049055,10.444967005108351,29.264482498168945,21.702252959198276,0.7415901839561375,0.48026973026973024
internal_test,v11_selected_gain_0.95,top1pct_hotspot_overlap,1,case_139,0.46003996003996006,1.7832026594072978,13.217778148651119,10.633783848707987,29.612136840820312,22.175495025435588,0.7488650732853119,0.46003996003996006
internal_test,v11_selected_gain_0.95,top1pct_hotspot_overlap,2,case_192,0.4647852147852148,1.7518226104025851,12.946696014404287,10.473033654942265,29.42413902282715,21.79446491772846,0.7407001748061477,0.4647852147852148
internal_test,v11_selected_gain_0.95,top1pct_hotspot_overlap,3,case_189,0.4672827172827173,1.7488744999154446,12.753865308761585,10.135550961932617,29.364471435546875,21.19558112625743,0.7218104086354957,0.4672827172827173
internal_test,v11_selected_gain_0.95,top1pct_hotspot_overlap,4,case_191,0.48026973026973024,1.7696984879527586,13.111052494049055,10.444967005108351,29.264482498168945,21.702252959198276,0.7415901839561375,0.48026973026973024
internal_test,v11_selected_gain_0.95,top1pct_hotspot_overlap,5,case_133,0.4805194805194805,1.7115146860223844,12.81892926216123,10.418049154684484,28.935829162597656,21.589133738053576,0.7461038568046154,0.4805194805194805
validation,v10_signed_staged_symbolic,rmse,1,case_36,3.168828058424384,3.168828058424384,19.2957092285156,18.551753452987764,31.747325897216797,32.68561101033688,1.0295547762402986,0.6131368631368631
validation,v10_signed_staged_symbolic,rmse,2,case_74,2.2979430878679006,2.2979430878679006,13.751770725250228,13.5469800057784,29.059873580932617,27.27915767750977,0.9387225172035418,0.43006993006993005
validation,v10_signed_staged_symbolic,rmse,3,case_63,2.234565033268867,2.234565033268867,13.304288787841797,12.262508407180912,25.949066162109375,24.476191555539515,0.9432397837606757,0.5177322677322678
validation,v10_signed_staged_symbolic,rmse,4,case_24,2.1654582430994305,2.1654582430994305,14.59939882278439,12.61937654611943,27.87183380126953,24.746764769166035,0.8878771646535453,0.44805194805194803
validation,v10_signed_staged_symbolic,rmse,5,case_117,2.086693642467621,2.086693642467621,13.745235443115213,12.550048446863077,30.055034637451172,25.25222600134842,0.840199530826092,0.44155844155844154
validation,v10_signed_staged_symbolic,p99_underprediction_fraction,1,case_156,0.18595621955186092,1.797553323474097,13.289695453643796,10.818393928088643,28.11277961730957,21.910499871924323,0.7793786374092163,0.4060939060939061
validation,v10_signed_staged_symbolic,p99_underprediction_fraction,2,case_190,0.1795357191245889,1.8136148236232608,13.360542898178092,10.96184822105877,28.387516021728516,22.255175436227578,0.783977556162114,0.4075924075924076
validation,v10_signed_staged_symbolic,p99_underprediction_fraction,3,case_124,0.17585647775358237,1.8193950332793756,13.333128252029367,10.988411280190704,28.74965476989746,22.331357218794253,0.7767521870271801,0.40684315684315686
validation,v10_signed_staged_symbolic,p99_underprediction_fraction,4,case_15,0.16661881619532257,1.320483168954303,9.363036231994613,7.802978219025757,18.940412521362305,16.24165257529544,0.8575131379518256,0.45554445554445555
validation,v10_signed_staged_symbolic,p99_underprediction_fraction,5,case_148,0.16441037366442876,1.626637547533738,11.485404291152937,9.59708467995745,26.239187240600586,19.79930144883718,0.754569921213154,0.4370629370629371
validation,v10_signed_staged_symbolic,max_relative_error,1,case_148,0.24543007878684597,1.626637547533738,11.485404291152937,9.59708467995745,26.239187240600586,19.79930144883718,0.754569921213154,0.4370629370629371
validation,v10_signed_staged_symbolic,max_relative_error,2,case_124,0.22324781297281993,1.8193950332793756,13.333128252029367,10.988411280190704,28.74965476989746,22.331357218794253,0.7767521870271801,0.40684315684315686
validation,v10_signed_staged_symbolic,max_relative_error,3,case_156,0.2206213625907837,1.797553323474097,13.289695453643796,10.818393928088643,28.11277961730957,21.910499871924323,0.7793786374092163,0.4060939060939061
validation,v10_signed_staged_symbolic,max_relative_error,4,case_190,0.21602244383788602,1.8136148236232608,13.360542898178092,10.96184822105877,28.387516021728516,22.255175436227578,0.783977556162114,0.4075924075924076
validation,v10_signed_staged_symbolic,max_relative_error,5,case_181,0.18654443752251823,1.7140082206546425,12.506495037078853,11.311234156302472,29.049291610717773,23.63030784676882,0.8134555624774817,0.4110889110889111
validation,v10_signed_staged_symbolic,top1pct_hotspot_overlap,1,case_150,0.39435564435564435,1.4986732482149967,10.835816211700429,10.331625481847627,22.92385482788086,21.435935067611652,0.9350929513626328,0.39435564435564435
validation,v10_signed_staged_symbolic,top1pct_hotspot_overlap,2,case_156,0.4060939060939061,1.797553323474097,13.289695453643796,10.818393928088643,28.11277961730957,21.910499871924323,0.7793786374092163,0.4060939060939061
validation,v10_signed_staged_symbolic,top1pct_hotspot_overlap,3,case_124,0.40684315684315686,1.8193950332793756,13.333128252029367,10.988411280190704,28.74965476989746,22.331357218794253,0.7767521870271801,0.40684315684315686
validation,v10_signed_staged_symbolic,top1pct_hotspot_overlap,4,case_190,0.4075924075924076,1.8136148236232608,13.360542898178092,10.96184822105877,28.387516021728516,22.255175436227578,0.783977556162114,0.4075924075924076
validation,v10_signed_staged_symbolic,top1pct_hotspot_overlap,5,case_181,0.4110889110889111,1.7140082206546425,12.506495037078853,11.311234156302472,29.049291610717773,23.63030784676882,0.8134555624774817,0.4110889110889111
validation,v11_current_gain_1_00,rmse,1,case_36,2.8517357974066955,2.8517357974066955,19.2957092285156,17.186020310350806,31.747325897216797,32.50077199336478,1.0237325845517602,0.5786713286713286
validation,v11_current_gain_1_00,rmse,2,case_74,2.108895513657886,2.108895513657886,13.751770725250228,13.113929948423245,29.059873580932617,27.115917713921156,0.9331051505920187,0.49925074925074925
validation,v11_current_gain_1_00,rmse,3,case_63,2.0858344376520193,2.0858344376520193,13.304288787841797,11.53777838321498,25.949066162109375,24.196963077169734,0.9324791468797421,0.5
validation,v11_current_gain_1_00,rmse,4,case_165,2.0234108615180593,2.0234108615180593,13.54518896102898,12.087532274437692,26.689733505249023,25.059048028366078,0.9389021446556504,0.5581918081918081
validation,v11_current_gain_1_00,rmse,5,case_24,1.9642238927698645,1.9642238927698645,14.59939882278439,12.222417376551142,27.87183380126953,24.832295289786742,0.890945872698755,0.499000999000999
validation,v11_current_gain_1_00,p99_underprediction_fraction,1,case_156,0.19956702307730037,1.825555522424579,13.289695453643796,10.637510494356171,28.11277961730957,22.167170577105928,0.7885086739504471,0.4485514485514486
validation,v11_current_gain_1_00,p99_underprediction_fraction,2,case_190,0.19028561811040717,1.818245123946387,13.360542898178092,10.818223734507663,28.387516021728516,22.55676129874139,0.794601446687899,0.44905094905094906
validation,v11_current_gain_1_00,p99_underprediction_fraction,3,case_124,0.18539035325004063,1.820856054242999,13.333128252029367,10.861294895457545,28.74965476989746,22.650531189303194,0.7878540236601241,0.44905094905094906
validation,v11_current_gain_1_00,p99_underprediction_fraction,4,case_15,0.18037717779888926,1.4171368211020612,9.363036231994613,7.6741581808386785,18.940412521362305,16.373090168016578,0.8644526696316607,0.494005994005994
validation,v11_current_gain_1_00,p99_underprediction_fraction,5,case_148,0.17573814934577503,1.6788429612927849,11.485404291152937,9.466980596537697,26.239187240600586,20.072737078196614,0.7649908091336586,0.48126873126873126
validation,v11_current_gain_1_00,max_relative_error,1,case_148,0.23500919086634137,1.6788429612927849,11.485404291152937,9.466980596537697,26.239187240600586,20.072737078196614,0.7649908091336586,0.48126873126873126
validation,v11_current_gain_1_00,max_relative_error,2,case_124,0.2121459763398759,1.820856054242999,13.333128252029367,10.861294895457545,28.74965476989746,22.650531189303194,0.7878540236601241,0.44905094905094906
validation,v11_current_gain_1_00,max_relative_error,3,case_156,0.21149132604955287,1.825555522424579,13.289695453643796,10.637510494356171,28.11277961730957,22.167170577105928,0.7885086739504471,0.4485514485514486
validation,v11_current_gain_1_00,max_relative_error,4,case_190,0.20539855331210102,1.818245123946387,13.360542898178092,10.818223734507663,28.387516021728516,22.55676129874139,0.794601446687899,0.44905094905094906
validation,v11_current_gain_1_00,max_relative_error,5,case_181,0.1861895111988271,1.7418346365463364,12.506495037078853,11.054832197450052,29.049291610717773,23.640618205046042,0.8138104888011729,0.47677322677322675
validation,v11_current_gain_1_00,top1pct_hotspot_overlap,1,case_156,0.4485514485514486,1.825555522424579,13.289695453643796,10.637510494356171,28.11277961730957,22.167170577105928,0.7885086739504471,0.4485514485514486
validation,v11_current_gain_1_00,top1pct_hotspot_overlap,2,case_124,0.44905094905094906,1.820856054242999,13.333128252029367,10.861294895457545,28.74965476989746,22.650531189303194,0.7878540236601241,0.44905094905094906
validation,v11_current_gain_1_00,top1pct_hotspot_overlap,3,case_190,0.44905094905094906,1.818245123946387,13.360542898178092,10.818223734507663,28.387516021728516,22.55676129874139,0.794601446687899,0.44905094905094906
validation,v11_current_gain_1_00,top1pct_hotspot_overlap,4,case_150,0.458041958041958,1.511770653856504,10.835816211700429,9.950605898350961,22.92385482788086,21.467392824519127,0.9364652230483361,0.458041958041958
validation,v11_current_gain_1_00,top1pct_hotspot_overlap,5,case_39,0.469030969030969,1.686927431907509,10.974815073013293,9.618203114312957,22.030895233154297,20.558897170462515,0.9331848276198703,0.469030969030969
validation,v11_mean_calibrated_v10,rmse,1,case_36,2.747841064968128,2.747841064968128,19.2957092285156,17.57548098654423,31.747325897216797,31.70933854389334,0.9988034471487003,0.6131368631368631
validation,v11_mean_calibrated_v10,rmse,2,case_74,2.0753937086773218,2.0753937086773218,13.751770725250228,12.628220829192161,29.059873580932617,26.36039850092353,0.9071064410348872,0.43006993006993005
validation,v11_mean_calibrated_v10,rmse,3,case_165,2.030825474539794,2.030825474539794,13.54518896102898,12.367582420462497,26.689733505249023,24.426530793393784,0.9152032480425427,0.5621878121878122
validation,v11_mean_calibrated_v10,rmse,4,case_63,1.9960056638980022,1.9960056638980022,13.304288787841797,11.431562151081959,25.949066162109375,23.645245299440564,0.9112175810768546,0.5177322677322678
validation,v11_mean_calibrated_v10,rmse,5,case_24,1.9522102847925529,1.9522102847925529,14.59939882278439,11.777361307738893,27.87183380126953,23.904749530785498,0.8576669085080675,0.44805194805194803
validation,v11_mean_calibrated_v10,p99_underprediction_fraction,1,case_156,0.2301228363031697,1.8090430347464945,13.289695453643796,10.231433042245946,28.11277961730957,21.323538986081626,0.7584998451363493,0.4060939060939061
validation,v11_mean_calibrated_v10,p99_underprediction_fraction,2,case_190,0.221326113332414,1.8014053541341202,13.360542898178092,10.403505866513349,28.387516021728516,21.696833081682158,0.7643089682476923,0.4075924075924076
validation,v11_mean_calibrated_v10,p99_underprediction_fraction,3,case_15,0.21839214101263665,1.3684794068124853,9.363036231994613,7.318222702910419,18.940412521362305,15.756897059180101,0.8319194231597852,0.45554445554445555
validation,v11_mean_calibrated_v10,p99_underprediction_fraction,4,case_124,0.21669779073066364,1.7980239995563696,13.333128252029367,10.443868816286008,28.74965476989746,21.786814754889555,0.7578113521454038,0.40684315684315686
validation,v11_mean_calibrated_v10,p99_underprediction_fraction,5,case_148,0.20841267856230924,1.634271710342124,11.485404291152937,9.091700418462713,26.239187240600586,19.293917187342444,0.7353092536909245,0.4370629370629371
validation,v11_mean_calibrated_v10,max_relative_error,1,case_148,0.2646907463090755,1.634271710342124,11.485404291152937,9.091700418462713,26.239187240600586,19.293917187342444,0.7353092536909245,0.4370629370629371
validation,v11_mean_calibrated_v10,max_relative_error,2,case_124,0.24218864785459612,1.7980239995563696,13.333128252029367,10.443868816286008,28.74965476989746,21.786814754889555,0.7578113521454038,0.40684315684315686
validation,v11_mean_calibrated_v10,max_relative_error,3,case_156,0.2415001548636507,1.8090430347464945,13.289695453643796,10.231433042245946,28.11277961730957,21.323538986081626,0.7584998451363493,0.4060939060939061
validation,v11_mean_calibrated_v10,max_relative_error,4,case_190,0.23569103175230766,1.8014053541341202,13.360542898178092,10.403505866513349,28.387516021728516,21.696833081682158,0.7643089682476923,0.4075924075924076
validation,v11_mean_calibrated_v10,max_relative_error,5,case_181,0.20906345810910487,1.7280094400463226,12.506495037078853,10.657072560494962,29.049291610717773,22.976146250961307,0.7909365418908951,0.4110889110889111
validation,v11_mean_calibrated_v10,top1pct_hotspot_overlap,1,case_150,0.39435564435564435,1.4942843061358475,10.835816211700429,9.645987583718458,22.92385482788086,20.750297169482483,0.9051835882438579,0.39435564435564435
validation,v11_mean_calibrated_v10,top1pct_hotspot_overlap,2,case_156,0.4060939060939061,1.8090430347464945,13.289695453643796,10.231433042245946,28.11277961730957,21.323538986081626,0.7584998451363493,0.4060939060939061
validation,v11_mean_calibrated_v10,top1pct_hotspot_overlap,3,case_124,0.40684315684315686,1.7980239995563696,13.333128252029367,10.443868816286008,28.74965476989746,21.786814754889555,0.7578113521454038,0.40684315684315686
validation,v11_mean_calibrated_v10,top1pct_hotspot_overlap,4,case_190,0.4075924075924076,1.8014053541341202,13.360542898178092,10.403505866513349,28.387516021728516,21.696833081682158,0.7643089682476923,0.4075924075924076
validation,v11_mean_calibrated_v10,top1pct_hotspot_overlap,5,case_181,0.4110889110889111,1.7280094400463226,12.506495037078853,10.657072560494962,29.049291610717773,22.976146250961307,0.7909365418908951,0.4110889110889111
validation,v11_selected_gain_0.95,rmse,1,case_36,2.838264840856854,2.838264840856854,19.2957092285156,17.173123094430288,31.747325897216797,32.46120032089121,1.0224861276816073,0.5826673326673326
validation,v11_selected_gain_0.95,rmse,2,case_74,2.101353670599381,2.101353670599381,13.751770725250228,13.064256955313384,29.059873580932617,27.06191970188438,0.9312469865540236,0.49725274725274726
validation,v11_selected_gain_0.95,rmse,3,case_63,2.0759592403239835,2.0759592403239835,13.304288787841797,11.510861385256186,25.949066162109375,24.169377188283278,0.9314160685895978,0.5037462537462537
validation,v11_selected_gain_0.95,rmse,4,case_165,2.0170081135035183,2.0170081135035183,13.54518896102898,12.077747547567725,26.689733505249023,25.027422166617463,0.937717199824995,0.5594405594405595
validation,v11_selected_gain_0.95,rmse,5,case_24,1.9589140443969615,1.9589140443969615,14.59939882278439,12.182507712483941,27.87183380126953,24.78591800183668,0.8892819244892207,0.498001998001998
validation,v11_selected_gain_0.95,p99_underprediction_fraction,1,case_156,0.20208567061993918,1.8205102182108581,13.289695453643796,10.604038435559433,28.11277961730957,22.124988997554713,0.7870082325097423,0.4488011988011988
validation,v11_selected_gain_0.95,p99_underprediction_fraction,2,case_190,0.19284257450167933,1.812999112211349,13.360542898178092,10.784061408953301,28.387516021728516,22.513764887888428,0.7930868227658886,0.4483016983016983
validation,v11_selected_gain_0.95,p99_underprediction_fraction,3,case_124,0.18803510106046462,1.8152784986181147,13.333128252029367,10.826032133706889,28.74965476989746,22.607345367582514,0.7863518900843882,0.4488011988011988
validation,v11_selected_gain_0.95,p99_underprediction_fraction,4,case_15,0.18401021187236352,1.4117773815965378,9.363036231994613,7.640141951176668,18.940412521362305,16.342280512574757,0.862826007308067,0.4937562437562438
validation,v11_selected_gain_0.95,p99_underprediction_fraction,5,case_148,0.17836594299778605,1.6727577079255433,11.485404291152937,9.436799324050625,26.239187240600586,20.033796083653908,0.763506731361522,0.481018981018981
validation,v11_selected_gain_0.95,max_relative_error,1,case_148,0.236493268638478,1.6727577079255433,11.485404291152937,9.436799324050625,26.239187240600586,20.033796083653908,0.763506731361522,0.481018981018981
validation,v11_selected_gain_0.95,max_relative_error,2,case_124,0.21364810991561184,1.8152784986181147,13.333128252029367,10.826032133706889,28.74965476989746,22.607345367582514,0.7863518900843882,0.4488011988011988
validation,v11_selected_gain_0.95,max_relative_error,3,case_156,0.21299176749025775,1.8205102182108581,13.289695453643796,10.604038435559433,28.11277961730957,22.124988997554713,0.7870082325097423,0.4488011988011988
validation,v11_selected_gain_0.95,max_relative_error,4,case_190,0.20691317723411135,1.812999112211349,13.360542898178092,10.784061408953301,28.387516021728516,22.513764887888428,0.7930868227658886,0.4483016983016983
validation,v11_selected_gain_0.95,max_relative_error,5,case_181,0.18786114719830177,1.735374193666669,12.506495037078853,11.021103173887713,29.049291610717773,23.59205836343033,0.8121388528016983,0.47502497502497504
validation,v11_selected_gain_0.95,top1pct_hotspot_overlap,1,case_190,0.4483016983016983,1.812999112211349,13.360542898178092,10.784061408953301,28.387516021728516,22.513764887888428,0.7930868227658886,0.4483016983016983
validation,v11_selected_gain_0.95,top1pct_hotspot_overlap,2,case_124,0.4488011988011988,1.8152784986181147,13.333128252029367,10.826032133706889,28.74965476989746,22.607345367582514,0.7863518900843882,0.4488011988011988
validation,v11_selected_gain_0.95,top1pct_hotspot_overlap,3,case_156,0.4488011988011988,1.8205102182108581,13.289695453643796,10.604038435559433,28.11277961730957,22.124988997554713,0.7870082325097423,0.4488011988011988
validation,v11_selected_gain_0.95,top1pct_hotspot_overlap,4,case_150,0.45604395604395603,1.505222032914554,10.835816211700429,9.916004937270179,22.92385482788086,21.422773813169474,0.9345188221622432,0.45604395604395603
validation,v11_selected_gain_0.95,top1pct_hotspot_overlap,5,case_39,0.471028971028971,1.6782935554490677,10.974815073013293,9.588049169304526,22.030895233154297,20.51656476028688,0.9312633255779592,0.471028971028971
