case_id,estimated_v10_mean_residual_mpa,predicted_mean_correction_mpa,error_mpa
case_01,-0.4646518525939387,-0.6382730676736021,-0.17362121507966344
case_06,-0.7686789358781656,-0.7225141480340307,0.046164787844134914
case_10,-0.646103926728965,-0.6409984202258521,0.005105506503112922
case_11,-0.5734981524287398,-0.6174621905816711,-0.04396403815293126
case_12,-0.537236714892936,-0.6813843147806344,-0.14414759988769843
case_13,-0.41719507375935605,-0.6277421156210865,-0.21054704186173046
case_14,-0.8506197832726538,-0.6945304367560232,0.15608934651663053
case_17,-0.4304831833373792,-0.5735935207315319,-0.1431103373941527
case_18,-0.8470777708984248,-0.6963586258285486,0.15071914506987627
case_19,-0.503125390741777,-0.6005190464825196,-0.09739365574074266
case_20,-0.6893107884219289,-0.6794205167158456,0.009890271706083364
case_21,-1.3509203816737143,-0.8984991563812783,0.452421225292436
case_27,-0.9962119975834635,-0.8305209877417259,0.16569100984173757
case_28,-0.6233972795382917,-0.6588903588493922,-0.03549307931110046
case_29,-0.7710800355572303,-0.6840621328745953,0.08701790268263498
case_32,-0.885222527014148,-0.8013430257802683,0.08387950123387977
case_34,-0.6103679652510855,-0.5863340623309052,0.02403390292018026
case_35,-0.7034370618310866,-0.5243549498011855,0.1790821120299011
case_40,-0.9823542716432716,-0.6447855851135937,0.33756868652967786
case_42,-0.9936762277859995,-1.1333116403920114,-0.13963541260601187
case_43,-1.1293956418452975,-1.1566881220327652,-0.02729248018746766
case_44,-0.680187437846628,-0.6560453789711564,0.024142058875471606
case_45,-0.8342832386415951,-0.7599737094724168,0.07430952916917832
case_49,-0.7313467498134663,-0.6353539785795614,0.09599277123390482
case_51,-1.4875952566531694,-0.8560125789238571,0.6315826777293123
case_54,-0.9155043538781871,-0.673461879982566,0.24204247389562106
case_56,-1.575396708032863,-0.7842137749035385,0.7911829331293245
case_57,-0.7373107164166846,-0.6168070888590678,0.12050362755761679
case_58,-0.4152664595739226,-0.731288869125204,-0.31602240955128136
case_59,-0.5378465870763284,-0.5998813298883232,-0.062034742811994836
case_60,-1.106221271790351,-0.7024708864154705,0.4037503853748805
case_61,-0.6300722942606855,-0.6816444054079716,-0.051572111147286104
case_62,-0.6303149673114183,-0.5728249866851653,0.05748998062625299
case_64,-0.9772182388641328,-0.5608637347409426,0.4163545041231902
case_66,-1.109761414243517,-1.246803802304083,-0.137042388060566
case_69,-0.6018338260262114,-0.7028435929044834,-0.10100976687827201
case_71,-0.6632866337278422,-0.676722533628622,-0.013435899900779757
case_72,-1.0320510810980315,-0.4161970243761166,0.6158540567219148
case_73,-1.5067712062617522,-1.0046578964052304,0.5021133098565218
case_75,-0.5961480915823902,-0.6384864944694648,-0.04233840288707458
case_77,-0.5405059100743227,-0.6278545000202982,-0.0873485899459755
case_79,-0.5071710782065416,-0.6456447853456557,-0.1384737071391141
case_81,-0.6505618203842733,-0.6313950323001492,0.019166788084124198
case_82,-0.6511591130627713,-0.6669704229244116,-0.015811309861640255
case_83,-0.6881152299760805,-0.6502903098085855,0.03782492016749506
case_84,-0.6071383166107052,-0.6871382612252224,-0.0799999446145172
case_85,-0.5869076351287787,-0.6539245979489179,-0.06701696282013914
case_86,-0.42831542423005725,-0.7356742729526577,-0.3073588487226005
case_87,-1.1137068718702503,-0.7660228115522436,0.3476840603180067
case_89,-0.8902919716682143,-0.8261090400830513,0.06418293158516297
case_91,-0.6493374284261573,-0.6806617252688061,-0.03132429684264881
case_92,-0.37252382993619476,-0.5648559536493407,-0.19233212371314595
case_93,-0.6641328700008554,-0.6947805919875676,-0.030647721986712173
case_94,-0.783502779781152,-0.8449684094682204,-0.06146562968706837
case_96,-1.3637852855468842,-0.7827683290487861,0.581016956498098
case_97,-0.3720291675795304,-0.6237527687497486,-0.2517236011702182
case_98,-0.36122237937436624,-0.6035728916935539,-0.24235051231918764
case_99,-0.20750561082694535,-0.5202985951500265,-0.31279298432308117
case_100,-0.6156345133974425,-0.6822255459675999,-0.06659103257015742
case_101,-0.8173702513230247,-0.663936914071654,0.15343333725137065
case_102,-1.036551361753497,-0.8290448684647713,0.2075064932887256
case_104,-0.5677971946593892,-0.6800497019676355,-0.11225250730824632
case_105,-0.7151319935648593,-0.5758363043432935,0.13929568922156588
case_106,-0.43043041992175546,-0.41790232108620495,0.012528098835550505
case_107,-0.7832687426960077,-0.650619653253528,0.13264908944247966
case_109,-0.5047877067332198,-0.6400012724496369,-0.13521356571641707
case_110,-0.6829836649045404,-0.5590849637365258,0.1238987011680146
case_111,-0.19036514818845549,-0.8662921758866142,-0.6759270276981587
case_114,-0.6731918574607977,-0.5260284944004838,0.14716336306031386
case_115,-0.7666813295225384,-0.6197306285190503,0.14695070100348817
case_118,-0.7432317204121232,-1.090913414432205,-0.34768169402008187
case_119,-0.8960572624584363,-0.5775401890340246,0.3185170734244117
case_120,-0.8263909801310898,-0.6614221606075716,0.16496881952351816
case_121,-0.5090196103447396,-0.5416904070296356,-0.03267079668489592
case_122,-0.6054097503386274,-0.462418059844228,0.14299169049439941
case_125,-0.780434313893816,-0.694489323538253,0.08594499035556302
case_127,-0.5083616582532074,-0.5135940095565674,-0.005232351303359972
case_128,-0.4827445743855756,-0.43277858005531744,0.04996599433025817
case_129,-0.5571284842347564,-0.6476269822569125,-0.09049849802215615
case_130,-0.45774662843321956,-0.6777395541717466,-0.21999292573852702
case_136,-0.4873218920752838,-0.5261014177615131,-0.03877952568622928
case_137,-0.5182579399995326,-0.42354234726840945,0.09471559273112318
case_141,-0.5946253393284737,-0.5662345843179657,0.02839075501050803
case_142,-0.5533765514566767,-0.572033365399176,-0.018656813942499295
case_143,-0.36082964609761053,-0.5452635817538027,-0.1844339356561922
case_144,-0.5579337851143152,-0.6854839046312124,-0.1275501195168972
case_145,-0.9678835918318073,-0.6652096280578226,0.3026739637739847
case_146,-0.6715451498016721,-0.5715451771275604,0.09999997267411176
case_147,-0.5031997665699325,-0.5814211652252541,-0.07822139865532163
case_151,-0.5890365977899178,-0.539979121733313,0.04905747605660482
case_153,-0.4880780302774161,-0.5839960055158024,-0.09591797523838635
case_154,-0.36047487118231236,-0.6143070734757412,-0.25383220229342884
case_155,-0.5239756538466468,-0.5652810313345638,-0.04130537748791696
case_158,-0.30981247892911307,-0.5696777586987689,-0.25986527976965584
case_159,-0.2993551770044308,-0.5601281213287321,-0.2607729443243013
case_163,-0.6739871290493074,-0.5572864619148417,0.1167006671344657
case_164,-0.5360922599422446,-0.5122843417327547,0.02380791820948991
case_166,-0.36096734788010104,-0.5884054684803297,-0.22743812060022867
case_169,-0.13662590588874768,-0.5382688574033554,-0.4016429515146077
case_170,-0.6891284634577517,-0.5481247019702591,0.1410037614874926
case_171,-0.19287483860603738,-0.5389795500155539,-0.3461047114095165
case_173,-0.8918685735667609,-1.006520652971112,-0.11465207940435107
case_175,-0.41835348682129186,-0.5089413988575235,-0.09058791203623168
case_176,-0.565952109349809,-0.6763052421762552,-0.11035313282644621
case_179,-0.46282409390776585,-0.5708283570741735,-0.1080042631664076
case_180,-0.6194361795344016,-0.5721282159087493,0.04730796362565226
case_183,-0.3585897121336556,-0.537507172893881,-0.17891746076022536
case_184,-0.287592971742504,-0.563020681646274,-0.27542770990376997
case_185,-0.7927374103385493,-0.656935481613441,0.13580192872510832
case_186,-0.7530747891078376,-0.6383690770590811,0.11470571204875657
case_187,-0.2679527118939539,-0.5685559307661123,-0.3006032188721584
case_188,-0.5597829209229427,-0.5531676164747945,0.006615304448148174
case_193,-0.5705761580921292,-0.5799188390265662,-0.009342680934436909
case_194,-0.5048096491752997,-0.6347229353401844,-0.12991328616488473
case_195,-0.28411592101904815,-0.6226867259275104,-0.33857080490846225
case_196,-0.47125141847083657,-0.5660911362646313,-0.09483971779379469
case_197,-0.4648098522790352,-0.5430254812777997,-0.0782156289987645
case_199,-0.589698501568846,-0.6253926326589987,-0.035694131090152736
case_200,-0.26048504570753767,-0.5269268695269462,-0.26644182381940856
