case_id,stress_tier,selected_rows,target_loss_mass,actual_selected_loss_mass,q90,q95,q99,residual_rmse_before_correction
case_01,below_p90,2500,0.5,0.5,8.621943473815918,10.326234483718872,16.558459148406914,1.1730867560542382
case_01,p90_to_p95,500,0.1,0.09999999999999999,8.621943473815918,10.326234483718872,16.558459148406914,1.1730867560542382
case_01,p95_to_p99,1000,0.2,0.2,8.621943473815918,10.326234483718872,16.558459148406914,1.1730867560542382
case_01,top_p99,1000,0.2,0.2,8.621943473815918,10.326234483718872,16.558459148406914,1.1730867560542382
case_10,below_p90,2500,0.5,0.5,8.422401428222656,10.146135330200195,16.147420253753637,1.1334381554786783
case_10,p90_to_p95,500,0.1,0.09999999999999999,8.422401428222656,10.146135330200195,16.147420253753637,1.1334381554786783
case_10,p95_to_p99,1000,0.2,0.2,8.422401428222656,10.146135330200195,16.147420253753637,1.1334381554786783
case_10,top_p99,1000,0.2,0.2,8.422401428222656,10.146135330200195,16.147420253753637,1.1334381554786783
case_11,below_p90,2500,0.5,0.5,9.481954383850102,10.622378873825072,17.002918834686216,1.195409016627569
case_11,p90_to_p95,500,0.1,0.09999999999999999,9.481954383850102,10.622378873825072,17.002918834686216,1.195409016627569
case_11,p95_to_p99,1000,0.2,0.2,9.481954383850102,10.622378873825072,17.002918834686216,1.195409016627569
case_11,top_p99,1000,0.2,0.2,9.481954383850102,10.622378873825072,17.002918834686216,1.195409016627569
case_12,below_p90,2500,0.5,0.5,8.25219078063965,10.082114791870117,16.142577419280983,1.1398101920757386
case_12,p90_to_p95,500,0.1,0.09999999999999999,8.25219078063965,10.082114791870117,16.142577419280983,1.1398101920757386
case_12,p95_to_p99,1000,0.2,0.2,8.25219078063965,10.082114791870117,16.142577419280983,1.1398101920757386
case_12,top_p99,1000,0.2,0.2,8.25219078063965,10.082114791870117,16.142577419280983,1.1398101920757386
case_13,below_p90,2500,0.5,0.5,7.618145275115968,9.118360137939451,14.603178558349592,1.1351781849109683
case_13,p90_to_p95,500,0.1,0.09999999999999999,7.618145275115968,9.118360137939451,14.603178558349592,1.1351781849109683
case_13,p95_to_p99,1000,0.2,0.2,7.618145275115968,9.118360137939451,14.603178558349592,1.1351781849109683
case_13,top_p99,1000,0.2,0.2,7.618145275115968,9.118360137939451,14.603178558349592,1.1351781849109683
case_14,below_p90,2500,0.5,0.5,7.814601469039917,9.186977624893188,14.805124273300162,1.1546768527268116
case_14,p90_to_p95,500,0.1,0.09999999999999999,7.814601469039917,9.186977624893188,14.805124273300162,1.1546768527268116
case_14,p95_to_p99,1000,0.2,0.2,7.814601469039917,9.186977624893188,14.805124273300162,1.1546768527268116
case_14,top_p99,1000,0.2,0.2,7.814601469039917,9.186977624893188,14.805124273300162,1.1546768527268116
case_15,below_p90,2500,0.5,0.5,4.917429590225221,5.832143068313598,9.363036231994613,1.157865147970915
case_15,p90_to_p95,500,0.1,0.09999999999999999,4.917429590225221,5.832143068313598,9.363036231994613,1.157865147970915
case_15,p95_to_p99,1000,0.2,0.2,4.917429590225221,5.832143068313598,9.363036231994613,1.157865147970915
case_15,top_p99,1000,0.2,0.2,4.917429590225221,5.832143068313598,9.363036231994613,1.157865147970915
case_16,below_p90,2500,0.5,0.5,8.29208583831787,9.801409292221068,15.720469598770103,1.1448546695729536
case_16,p90_to_p95,500,0.1,0.09999999999999999,8.29208583831787,9.801409292221068,15.720469598770103,1.1448546695729536
case_16,p95_to_p99,1000,0.2,0.2,8.29208583831787,9.801409292221068,15.720469598770103,1.1448546695729536
case_16,top_p99,1000,0.2,0.2,8.29208583831787,9.801409292221068,15.720469598770103,1.1448546695729536
case_17,below_p90,2500,0.5,0.5,7.94538350105286,8.882305335998534,13.956213130950902,1.1434305302314627
case_17,p90_to_p95,500,0.1,0.09999999999999999,7.94538350105286,8.882305335998534,13.956213130950902,1.1434305302314627
case_17,p95_to_p99,1000,0.2,0.2,7.94538350105286,8.882305335998534,13.956213130950902,1.1434305302314627
case_17,top_p99,1000,0.2,0.2,7.94538350105286,8.882305335998534,13.956213130950902,1.1434305302314627
case_19,below_p90,2500,0.5,0.5,8.578166675567628,10.343796873092652,16.581697864532423,1.173230488283307
case_19,p90_to_p95,500,0.1,0.09999999999999999,8.578166675567628,10.343796873092652,16.581697864532423,1.173230488283307
case_19,p95_to_p99,1000,0.2,0.2,8.578166675567628,10.343796873092652,16.581697864532423,1.173230488283307
case_19,top_p99,1000,0.2,0.2,8.578166675567628,10.343796873092652,16.581697864532423,1.173230488283307
case_20,below_p90,2500,0.5,0.5,8.465796852111817,10.149102687835692,16.289631748199415,1.1719212066493343
case_20,p90_to_p95,500,0.1,0.09999999999999999,8.465796852111817,10.149102687835692,16.289631748199415,1.1719212066493343
case_20,p95_to_p99,1000,0.2,0.2,8.465796852111817,10.149102687835692,16.289631748199415,1.1719212066493343
case_20,top_p99,1000,0.2,0.2,8.465796852111817,10.149102687835692,16.289631748199415,1.1719212066493343
case_21,below_p90,2500,0.5,0.5,6.813072156906129,8.021694707870484,12.29129181861873,1.0369840354757007
case_21,p90_to_p95,500,0.1,0.09999999999999999,6.813072156906129,8.021694707870484,12.29129181861873,1.0369840354757007
case_21,p95_to_p99,1000,0.2,0.2,6.813072156906129,8.021694707870484,12.29129181861873,1.0369840354757007
case_21,top_p99,1000,0.2,0.2,6.813072156906129,8.021694707870484,12.29129181861873,1.0369840354757007
case_24,below_p90,2500,0.5,0.5,7.66337251663208,9.102337694168089,14.59939882278439,1.1490000500429778
case_24,p90_to_p95,500,0.1,0.09999999999999999,7.66337251663208,9.102337694168089,14.59939882278439,1.1490000500429778
case_24,p95_to_p99,1000,0.2,0.2,7.66337251663208,9.102337694168089,14.59939882278439,1.1490000500429778
case_24,top_p99,1000,0.2,0.2,7.66337251663208,9.102337694168089,14.59939882278439,1.1490000500429778
case_27,below_p90,2500,0.5,0.5,7.139598655700684,8.11301689147949,13.111589975357049,1.2565600800903043
case_27,p90_to_p95,500,0.1,0.09999999999999999,7.139598655700684,8.11301689147949,13.111589975357049,1.2565600800903043
case_27,p95_to_p99,1000,0.2,0.2,7.139598655700684,8.11301689147949,13.111589975357049,1.2565600800903043
case_27,top_p99,1000,0.2,0.2,7.139598655700684,8.11301689147949,13.111589975357049,1.2565600800903043
case_32,below_p90,2500,0.5,0.5,8.342197036743167,10.015990829467771,15.115796918868979,1.0037365084214833
case_32,p90_to_p95,500,0.1,0.09999999999999999,8.342197036743167,10.015990829467771,15.115796918868979,1.0037365084214833
case_32,p95_to_p99,1000,0.2,0.2,8.342197036743167,10.015990829467771,15.115796918868979,1.0037365084214833
case_32,top_p99,1000,0.2,0.2,8.342197036743167,10.015990829467771,15.115796918868979,1.0037365084214833
case_34,below_p90,2500,0.5,0.5,7.029938602447512,8.226318550109863,12.876111402511585,1.1051236156788697
case_34,p90_to_p95,500,0.1,0.09999999999999999,7.029938602447512,8.226318550109863,12.876111402511585,1.1051236156788697
case_34,p95_to_p99,1000,0.2,0.2,7.029938602447512,8.226318550109863,12.876111402511585,1.1051236156788697
case_34,top_p99,1000,0.2,0.2,7.029938602447512,8.226318550109863,12.876111402511585,1.1051236156788697
case_35,below_p90,2500,0.5,0.5,5.815611219406129,6.875816249847412,10.138929128646827,0.9840203436290365
case_35,p90_to_p95,500,0.1,0.09999999999999999,5.815611219406129,6.875816249847412,10.138929128646827,0.9840203436290365
case_35,p95_to_p99,1000,0.2,0.2,5.815611219406129,6.875816249847412,10.138929128646827,0.9840203436290365
case_35,top_p99,1000,0.2,0.2,5.815611219406129,6.875816249847412,10.138929128646827,0.9840203436290365
case_36,below_p90,2500,0.5,0.5,6.371178054809575,9.813024330139159,19.2957092285156,1.0016435711509553
case_36,p90_to_p95,500,0.1,0.09999999999999999,6.371178054809575,9.813024330139159,19.2957092285156,1.0016435711509553
case_36,p95_to_p99,1000,0.2,0.2,6.371178054809575,9.813024330139159,19.2957092285156,1.0016435711509553
case_36,top_p99,1000,0.2,0.2,6.371178054809575,9.813024330139159,19.2957092285156,1.0016435711509553
case_39,below_p90,2500,0.5,0.5,5.178376388549805,6.646077251434326,10.974815073013293,0.9629392327980587
case_39,p90_to_p95,500,0.1,0.09999999999999999,5.178376388549805,6.646077251434326,10.974815073013293,0.9629392327980587
case_39,p95_to_p99,1000,0.2,0.2,5.178376388549805,6.646077251434326,10.974815073013293,0.9629392327980587
case_39,top_p99,1000,0.2,0.2,5.178376388549805,6.646077251434326,10.974815073013293,0.9629392327980587
case_40,below_p90,2500,0.5,0.5,7.539405775070191,8.88729267120361,14.066408891677813,1.1480137767160263
case_40,p90_to_p95,500,0.1,0.09999999999999999,7.539405775070191,8.88729267120361,14.066408891677813,1.1480137767160263
case_40,p95_to_p99,1000,0.2,0.2,7.539405775070191,8.88729267120361,14.066408891677813,1.1480137767160263
case_40,top_p99,1000,0.2,0.2,7.539405775070191,8.88729267120361,14.066408891677813,1.1480137767160263
case_42,below_p90,2500,0.5,0.5,7.019306039810181,8.91228380203247,13.76958976745605,0.8480470879868383
case_42,p90_to_p95,500,0.1,0.09999999999999999,7.019306039810181,8.91228380203247,13.76958976745605,0.8480470879868383
case_42,p95_to_p99,1000,0.2,0.2,7.019306039810181,8.91228380203247,13.76958976745605,0.8480470879868383
case_42,top_p99,1000,0.2,0.2,7.019306039810181,8.91228380203247,13.76958976745605,0.8480470879868383
case_43,below_p90,2500,0.5,0.5,7.143338203430185,9.005365419387815,13.601225948333738,0.8319650405638598
case_43,p90_to_p95,500,0.1,0.09999999999999999,7.143338203430185,9.005365419387815,13.601225948333738,0.8319650405638598
case_43,p95_to_p99,1000,0.2,0.2,7.143338203430185,9.005365419387815,13.601225948333738,0.8319650405638598
case_43,top_p99,1000,0.2,0.2,7.143338203430185,9.005365419387815,13.601225948333738,0.8319650405638598
case_44,below_p90,2500,0.5,0.5,7.955138158798219,9.196964502334595,14.862060785293576,1.1689179192759804
case_44,p90_to_p95,500,0.1,0.09999999999999999,7.955138158798219,9.196964502334595,14.862060785293576,1.1689179192759804
case_44,p95_to_p99,1000,0.2,0.2,7.955138158798219,9.196964502334595,14.862060785293576,1.1689179192759804
case_44,top_p99,1000,0.2,0.2,7.955138158798219,9.196964502334595,14.862060785293576,1.1689179192759804
case_47,below_p90,2500,0.5,0.5,7.777303504943848,9.033231782913207,14.435490150451656,1.1585993344422219
case_47,p90_to_p95,500,0.1,0.09999999999999999,7.777303504943848,9.033231782913207,14.435490150451656,1.1585993344422219
case_47,p95_to_p99,1000,0.2,0.2,7.777303504943848,9.033231782913207,14.435490150451656,1.1585993344422219
case_47,top_p99,1000,0.2,0.2,7.777303504943848,9.033231782913207,14.435490150451656,1.1585993344422219
case_48,below_p90,2500,0.5,0.5,8.957969093322754,10.65202441215515,16.89704576492309,1.1500471497482452
case_48,p90_to_p95,500,0.1,0.09999999999999999,8.957969093322754,10.65202441215515,16.89704576492309,1.1500471497482452
case_48,p95_to_p99,1000,0.2,0.2,8.957969093322754,10.65202441215515,16.89704576492309,1.1500471497482452
case_48,top_p99,1000,0.2,0.2,8.957969093322754,10.65202441215515,16.89704576492309,1.1500471497482452
case_49,below_p90,2500,0.5,0.5,8.614511680603032,10.265372943878171,16.352748069763166,1.1319519092634374
case_49,p90_to_p95,500,0.1,0.09999999999999999,8.614511680603032,10.265372943878171,16.352748069763166,1.1319519092634374
case_49,p95_to_p99,1000,0.2,0.2,8.614511680603032,10.265372943878171,16.352748069763166,1.1319519092634374
case_49,top_p99,1000,0.2,0.2,8.614511680603032,10.265372943878171,16.352748069763166,1.1319519092634374
case_52,below_p90,2500,0.5,0.5,8.210784435272217,9.567922735214232,15.024835319519037,1.1640083367892882
case_52,p90_to_p95,500,0.1,0.09999999999999999,8.210784435272217,9.567922735214232,15.024835319519037,1.1640083367892882
case_52,p95_to_p99,1000,0.2,0.2,8.210784435272217,9.567922735214232,15.024835319519037,1.1640083367892882
case_52,top_p99,1000,0.2,0.2,8.210784435272217,9.567922735214232,15.024835319519037,1.1640083367892882
case_56,below_p90,2500,0.5,0.5,7.545088195800784,9.012357282638549,12.885962295532151,0.9363055109566104
case_56,p90_to_p95,500,0.1,0.09999999999999999,7.545088195800784,9.012357282638549,12.885962295532151,0.9363055109566104
case_56,p95_to_p99,1000,0.2,0.2,7.545088195800784,9.012357282638549,12.885962295532151,0.9363055109566104
case_56,top_p99,1000,0.2,0.2,7.545088195800784,9.012357282638549,12.885962295532151,0.9363055109566104
case_58,below_p90,2500,0.5,0.5,5.742211008071901,6.500666666030883,10.108694267272929,1.09592918489507
case_58,p90_to_p95,500,0.1,0.09999999999999999,5.742211008071901,6.500666666030883,10.108694267272929,1.09592918489507
case_58,p95_to_p99,1000,0.2,0.2,5.742211008071901,6.500666666030883,10.108694267272929,1.09592918489507
case_58,top_p99,1000,0.2,0.2,5.742211008071901,6.500666666030883,10.108694267272929,1.09592918489507
case_59,below_p90,2500,0.5,0.5,8.079314613342287,9.45020728111267,14.667274990081749,1.119131130832702
case_59,p90_to_p95,500,0.1,0.09999999999999999,8.079314613342287,9.45020728111267,14.667274990081749,1.119131130832702
case_59,p95_to_p99,1000,0.2,0.2,8.079314613342287,9.45020728111267,14.667274990081749,1.119131130832702
case_59,top_p99,1000,0.2,0.2,8.079314613342287,9.45020728111267,14.667274990081749,1.119131130832702
case_61,below_p90,2500,0.5,0.5,8.40147466659546,9.68325624465942,15.157886562347406,1.1830247328609595
case_61,p90_to_p95,500,0.1,0.09999999999999999,8.40147466659546,9.68325624465942,15.157886562347406,1.1830247328609595
case_61,p95_to_p99,1000,0.2,0.2,8.40147466659546,9.68325624465942,15.157886562347406,1.1830247328609595
case_61,top_p99,1000,0.2,0.2,8.40147466659546,9.68325624465942,15.157886562347406,1.1830247328609595
case_63,below_p90,2500,0.5,0.5,6.312755584716802,8.285945415496824,13.304288787841797,0.906437113236439
case_63,p90_to_p95,500,0.1,0.09999999999999999,6.312755584716802,8.285945415496824,13.304288787841797,0.906437113236439
case_63,p95_to_p99,1000,0.2,0.2,6.312755584716802,8.285945415496824,13.304288787841797,0.906437113236439
case_63,top_p99,1000,0.2,0.2,6.312755584716802,8.285945415496824,13.304288787841797,0.906437113236439
case_64,below_p90,2500,0.5,0.5,5.991517400741579,6.892904663085936,10.860165023803638,1.1324429734736299
case_64,p90_to_p95,500,0.1,0.09999999999999999,5.991517400741579,6.892904663085936,10.860165023803638,1.1324429734736299
case_64,p95_to_p99,1000,0.2,0.2,5.991517400741579,6.892904663085936,10.860165023803638,1.1324429734736299
case_64,top_p99,1000,0.2,0.2,5.991517400741579,6.892904663085936,10.860165023803638,1.1324429734736299
case_67,below_p90,2500,0.5,0.5,8.129978370666503,9.483993959426876,15.007321405410755,1.2164911163647958
case_67,p90_to_p95,500,0.1,0.09999999999999999,8.129978370666503,9.483993959426876,15.007321405410755,1.2164911163647958
case_67,p95_to_p99,1000,0.2,0.2,8.129978370666503,9.483993959426876,15.007321405410755,1.2164911163647958
case_67,top_p99,1000,0.2,0.2,8.129978370666503,9.483993959426876,15.007321405410755,1.2164911163647958
case_68,below_p90,2500,0.5,0.5,7.673165082931521,9.673214769363403,14.204864883422841,0.841424176979626
case_68,p90_to_p95,500,0.1,0.09999999999999999,7.673165082931521,9.673214769363403,14.204864883422841,0.841424176979626
case_68,p95_to_p99,1000,0.2,0.2,7.673165082931521,9.673214769363403,14.204864883422841,0.841424176979626
case_68,top_p99,1000,0.2,0.2,7.673165082931521,9.673214769363403,14.204864883422841,0.841424176979626
case_69,below_p90,2500,0.5,0.5,8.143990993499758,9.673070669174193,15.407477064132683,1.1399711343302914
case_69,p90_to_p95,500,0.1,0.09999999999999999,8.143990993499758,9.673070669174193,15.407477064132683,1.1399711343302914
case_69,p95_to_p99,1000,0.2,0.2,8.143990993499758,9.673070669174193,15.407477064132683,1.1399711343302914
case_69,top_p99,1000,0.2,0.2,8.143990993499758,9.673070669174193,15.407477064132683,1.1399711343302914
case_72,below_p90,2500,0.5,0.5,4.210915660858155,4.794327330589294,7.4184241771698,1.1226327039029913
case_72,p90_to_p95,500,0.1,0.09999999999999999,4.210915660858155,4.794327330589294,7.4184241771698,1.1226327039029913
case_72,p95_to_p99,1000,0.2,0.2,4.210915660858155,4.794327330589294,7.4184241771698,1.1226327039029913
case_72,top_p99,1000,0.2,0.2,4.210915660858155,4.794327330589294,7.4184241771698,1.1226327039029913
case_73,below_p90,2500,0.5,0.5,5.935178899765017,8.22641882896423,14.632464952468844,0.9614919033456621
case_73,p90_to_p95,500,0.1,0.09999999999999999,5.935178899765017,8.22641882896423,14.632464952468844,0.9614919033456621
case_73,p95_to_p99,1000,0.2,0.2,5.935178899765017,8.22641882896423,14.632464952468844,0.9614919033456621
case_73,top_p99,1000,0.2,0.2,5.935178899765017,8.22641882896423,14.632464952468844,0.9614919033456621
case_74,below_p90,2500,0.5,0.5,7.925480604171754,9.183551406860351,13.751770725250228,1.0208605647630205
case_74,p90_to_p95,500,0.1,0.09999999999999999,7.925480604171754,9.183551406860351,13.751770725250228,1.0208605647630205
case_74,p95_to_p99,1000,0.2,0.2,7.925480604171754,9.183551406860351,13.751770725250228,1.0208605647630205
case_74,top_p99,1000,0.2,0.2,7.925480604171754,9.183551406860351,13.751770725250228,1.0208605647630205
case_75,below_p90,2500,0.5,0.5,8.108385753631593,9.665987253189082,15.416833810806175,1.1975660774337828
case_75,p90_to_p95,500,0.1,0.09999999999999999,8.108385753631593,9.665987253189082,15.416833810806175,1.1975660774337828
case_75,p95_to_p99,1000,0.2,0.2,8.108385753631593,9.665987253189082,15.416833810806175,1.1975660774337828
case_75,top_p99,1000,0.2,0.2,8.108385753631593,9.665987253189082,15.416833810806175,1.1975660774337828
case_77,below_p90,2500,0.5,0.5,6.230674314498903,7.30365433692932,11.748572282791129,1.132765504368538
case_77,p90_to_p95,500,0.1,0.09999999999999999,6.230674314498903,7.30365433692932,11.748572282791129,1.132765504368538
case_77,p95_to_p99,1000,0.2,0.2,6.230674314498903,7.30365433692932,11.748572282791129,1.132765504368538
case_77,top_p99,1000,0.2,0.2,6.230674314498903,7.30365433692932,11.748572282791129,1.132765504368538
case_78,below_p90,2500,0.5,0.5,4.941975545883179,5.647890686988831,8.848848810195921,1.1678555872597505
case_78,p90_to_p95,500,0.1,0.09999999999999999,4.941975545883179,5.647890686988831,8.848848810195921,1.1678555872597505
case_78,p95_to_p99,1000,0.2,0.2,4.941975545883179,5.647890686988831,8.848848810195921,1.1678555872597505
case_78,top_p99,1000,0.2,0.2,4.941975545883179,5.647890686988831,8.848848810195921,1.1678555872597505
case_79,below_p90,2500,0.5,0.5,8.438597679138184,10.056427860260005,15.850202865600538,1.1397631655714462
case_79,p90_to_p95,500,0.1,0.09999999999999999,8.438597679138184,10.056427860260005,15.850202865600538,1.1397631655714462
case_79,p95_to_p99,1000,0.2,0.2,8.438597679138184,10.056427860260005,15.850202865600538,1.1397631655714462
case_79,top_p99,1000,0.2,0.2,8.438597679138184,10.056427860260005,15.850202865600538,1.1397631655714462
case_84,below_p90,2500,0.5,0.5,8.520696544647219,10.052421236038205,16.077098846435536,1.1480021470724908
case_84,p90_to_p95,500,0.1,0.09999999999999999,8.520696544647219,10.052421236038205,16.077098846435536,1.1480021470724908
case_84,p95_to_p99,1000,0.2,0.2,8.520696544647219,10.052421236038205,16.077098846435536,1.1480021470724908
case_84,top_p99,1000,0.2,0.2,8.520696544647219,10.052421236038205,16.077098846435536,1.1480021470724908
case_85,below_p90,2500,0.5,0.5,8.277219963073733,9.90499882698059,15.767036905288688,1.1459751898882393
case_85,p90_to_p95,500,0.1,0.09999999999999999,8.277219963073733,9.90499882698059,15.767036905288688,1.1459751898882393
case_85,p95_to_p99,1000,0.2,0.2,8.277219963073733,9.90499882698059,15.767036905288688,1.1459751898882393
case_85,top_p99,1000,0.2,0.2,8.277219963073733,9.90499882698059,15.767036905288688,1.1459751898882393
case_89,below_p90,2500,0.5,0.5,8.03588161468506,9.501103210449216,14.831547985076902,1.0776500412025953
case_89,p90_to_p95,500,0.1,0.09999999999999999,8.03588161468506,9.501103210449216,14.831547985076902,1.0776500412025953
case_89,p95_to_p99,1000,0.2,0.2,8.03588161468506,9.501103210449216,14.831547985076902,1.0776500412025953
case_89,top_p99,1000,0.2,0.2,8.03588161468506,9.501103210449216,14.831547985076902,1.0776500412025953
case_91,below_p90,2500,0.5,0.5,9.551535987854004,10.791361618041991,16.847370262145986,1.138215550787058
case_91,p90_to_p95,500,0.1,0.09999999999999999,9.551535987854004,10.791361618041991,16.847370262145986,1.138215550787058
case_91,p95_to_p99,1000,0.2,0.2,9.551535987854004,10.791361618041991,16.847370262145986,1.138215550787058
case_91,top_p99,1000,0.2,0.2,9.551535987854004,10.791361618041991,16.847370262145986,1.138215550787058
case_92,below_p90,2500,0.5,0.5,7.7384740829467775,8.626925182342527,13.86244007110595,1.1819733334289406
case_92,p90_to_p95,500,0.1,0.09999999999999999,7.7384740829467775,8.626925182342527,13.86244007110595,1.1819733334289406
case_92,p95_to_p99,1000,0.2,0.2,7.7384740829467775,8.626925182342527,13.86244007110595,1.1819733334289406
case_92,top_p99,1000,0.2,0.2,7.7384740829467775,8.626925182342527,13.86244007110595,1.1819733334289406
case_94,below_p90,2500,0.5,0.5,6.6170741558074955,7.718307733535765,12.303719158172552,1.1369163728612115
case_94,p90_to_p95,500,0.1,0.09999999999999999,6.6170741558074955,7.718307733535765,12.303719158172552,1.1369163728612115
case_94,p95_to_p99,1000,0.2,0.2,6.6170741558074955,7.718307733535765,12.303719158172552,1.1369163728612115
case_94,top_p99,1000,0.2,0.2,6.6170741558074955,7.718307733535765,12.303719158172552,1.1369163728612115
case_95,below_p90,2500,0.5,0.5,8.410765743255617,10.778055810928343,16.617831211090085,0.8749670743192789
case_95,p90_to_p95,500,0.1,0.09999999999999999,8.410765743255617,10.778055810928343,16.617831211090085,0.8749670743192789
case_95,p95_to_p99,1000,0.2,0.2,8.410765743255617,10.778055810928343,16.617831211090085,0.8749670743192789
case_95,top_p99,1000,0.2,0.2,8.410765743255617,10.778055810928343,16.617831211090085,0.8749670743192789
case_96,below_p90,2500,0.5,0.5,6.657563495635986,7.780730009078979,12.240180082321166,1.0867832780338444
case_96,p90_to_p95,500,0.1,0.09999999999999999,6.657563495635986,7.780730009078979,12.240180082321166,1.0867832780338444
case_96,p95_to_p99,1000,0.2,0.2,6.657563495635986,7.780730009078979,12.240180082321166,1.0867832780338444
case_96,top_p99,1000,0.2,0.2,6.657563495635986,7.780730009078979,12.240180082321166,1.0867832780338444
case_97,below_p90,2500,0.5,0.5,8.249234867095948,9.87625789642334,15.68950984954829,1.1350961566945648
case_97,p90_to_p95,500,0.1,0.09999999999999999,8.249234867095948,9.87625789642334,15.68950984954829,1.1350961566945648
case_97,p95_to_p99,1000,0.2,0.2,8.249234867095948,9.87625789642334,15.68950984954829,1.1350961566945648
case_97,top_p99,1000,0.2,0.2,8.249234867095948,9.87625789642334,15.68950984954829,1.1350961566945648
case_99,below_p90,2500,0.5,0.5,5.001983404159547,5.963100194931029,9.452709732055656,1.1448212028755593
case_99,p90_to_p95,500,0.1,0.09999999999999999,5.001983404159547,5.963100194931029,9.452709732055656,1.1448212028755593
case_99,p95_to_p99,1000,0.2,0.2,5.001983404159547,5.963100194931029,9.452709732055656,1.1448212028755593
case_99,top_p99,1000,0.2,0.2,5.001983404159547,5.963100194931029,9.452709732055656,1.1448212028755593
case_100,below_p90,2500,0.5,0.5,8.291062831878662,10.016252183914181,16.072310028076142,1.148042273716328
case_100,p90_to_p95,500,0.1,0.09999999999999999,8.291062831878662,10.016252183914181,16.072310028076142,1.148042273716328
case_100,p95_to_p99,1000,0.2,0.2,8.291062831878662,10.016252183914181,16.072310028076142,1.148042273716328
case_100,top_p99,1000,0.2,0.2,8.291062831878662,10.016252183914181,16.072310028076142,1.148042273716328
case_104,below_p90,2500,0.5,0.5,8.131133270263673,9.49413046836853,15.03142244338985,1.152735690545354
case_104,p90_to_p95,500,0.1,0.09999999999999999,8.131133270263673,9.49413046836853,15.03142244338985,1.152735690545354
case_104,p95_to_p99,1000,0.2,0.2,8.131133270263673,9.49413046836853,15.03142244338985,1.152735690545354
case_104,top_p99,1000,0.2,0.2,8.131133270263673,9.49413046836853,15.03142244338985,1.152735690545354
case_105,below_p90,2500,0.5,0.5,6.042276000976564,6.899764347076416,10.9968593406677,1.2015485431957398
case_105,p90_to_p95,500,0.1,0.09999999999999999,6.042276000976564,6.899764347076416,10.9968593406677,1.2015485431957398
case_105,p95_to_p99,1000,0.2,0.2,6.042276000976564,6.899764347076416,10.9968593406677,1.2015485431957398
case_105,top_p99,1000,0.2,0.2,6.042276000976564,6.899764347076416,10.9968593406677,1.2015485431957398
case_106,below_p90,2500,0.5,0.5,4.336377429962159,5.13510546684265,7.404705095291117,0.9608266094830199
case_106,p90_to_p95,500,0.1,0.09999999999999999,4.336377429962159,5.13510546684265,7.404705095291117,0.9608266094830199
case_106,p95_to_p99,1000,0.2,0.2,4.336377429962159,5.13510546684265,7.404705095291117,0.9608266094830199
case_106,top_p99,1000,0.2,0.2,4.336377429962159,5.13510546684265,7.404705095291117,0.9608266094830199
case_107,below_p90,2500,0.5,0.5,8.390282630920412,9.823783111572263,15.309831600189176,1.151032686032329
case_107,p90_to_p95,500,0.1,0.09999999999999999,8.390282630920412,9.823783111572263,15.309831600189176,1.151032686032329
case_107,p95_to_p99,1000,0.2,0.2,8.390282630920412,9.823783111572263,15.309831600189176,1.151032686032329
case_107,top_p99,1000,0.2,0.2,8.390282630920412,9.823783111572263,15.309831600189176,1.151032686032329
case_109,below_p90,2500,0.5,0.5,7.783132171630859,9.180979347229002,14.838084297180142,1.173039607607338
case_109,p90_to_p95,500,0.1,0.09999999999999999,7.783132171630859,9.180979347229002,14.838084297180142,1.173039607607338
case_109,p95_to_p99,1000,0.2,0.2,7.783132171630859,9.180979347229002,14.838084297180142,1.173039607607338
case_109,top_p99,1000,0.2,0.2,7.783132171630859,9.180979347229002,14.838084297180142,1.173039607607338
case_110,below_p90,2500,0.5,0.5,5.942445325851442,6.862423944473265,10.958230762481676,1.150362883122839
case_110,p90_to_p95,500,0.1,0.09999999999999999,5.942445325851442,6.862423944473265,10.958230762481676,1.150362883122839
case_110,p95_to_p99,1000,0.2,0.2,5.942445325851442,6.862423944473265,10.958230762481676,1.150362883122839
case_110,top_p99,1000,0.2,0.2,5.942445325851442,6.862423944473265,10.958230762481676,1.150362883122839
case_111,below_p90,2500,0.5,0.5,3.526404452323914,5.327201390266418,13.019953222274761,1.5674157502108401
case_111,p90_to_p95,500,0.1,0.09999999999999999,3.526404452323914,5.327201390266418,13.019953222274761,1.5674157502108401
case_111,p95_to_p99,1000,0.2,0.2,3.526404452323914,5.327201390266418,13.019953222274761,1.5674157502108401
case_111,top_p99,1000,0.2,0.2,3.526404452323914,5.327201390266418,13.019953222274761,1.5674157502108401
case_114,below_p90,2500,0.5,0.5,5.740637493133547,6.512721204757687,10.346745529174791,1.1834378485753207
case_114,p90_to_p95,500,0.1,0.09999999999999999,5.740637493133547,6.512721204757687,10.346745529174791,1.1834378485753207
case_114,p95_to_p99,1000,0.2,0.2,5.740637493133547,6.512721204757687,10.346745529174791,1.1834378485753207
case_114,top_p99,1000,0.2,0.2,5.740637493133547,6.512721204757687,10.346745529174791,1.1834378485753207
case_115,below_p90,2500,0.5,0.5,8.64419755935669,10.394952774047848,16.448994159698447,1.120735076488958
case_115,p90_to_p95,500,0.1,0.09999999999999999,8.64419755935669,10.394952774047848,16.448994159698447,1.120735076488958
case_115,p95_to_p99,1000,0.2,0.2,8.64419755935669,10.394952774047848,16.448994159698447,1.120735076488958
case_115,top_p99,1000,0.2,0.2,8.64419755935669,10.394952774047848,16.448994159698447,1.120735076488958
case_116,below_p90,2500,0.5,0.5,8.049812889099123,9.626658058166502,15.341071567535392,1.1472445254669472
case_116,p90_to_p95,500,0.1,0.09999999999999999,8.049812889099123,9.626658058166502,15.341071567535392,1.1472445254669472
case_116,p95_to_p99,1000,0.2,0.2,8.049812889099123,9.626658058166502,15.341071567535392,1.1472445254669472
case_116,top_p99,1000,0.2,0.2,8.049812889099123,9.626658058166502,15.341071567535392,1.1472445254669472
case_118,below_p90,2500,0.5,0.5,7.4225030422210745,9.728425073623656,15.380120143890334,0.8308157895438146
case_118,p90_to_p95,500,0.1,0.09999999999999999,7.4225030422210745,9.728425073623656,15.380120143890334,0.8308157895438146
case_118,p95_to_p99,1000,0.2,0.2,7.4225030422210745,9.728425073623656,15.380120143890334,0.8308157895438146
case_118,top_p99,1000,0.2,0.2,7.4225030422210745,9.728425073623656,15.380120143890334,0.8308157895438146
case_119,below_p90,2500,0.5,0.5,6.877431440353393,8.03566355705261,12.864710826873766,1.1612235825718156
case_119,p90_to_p95,500,0.1,0.09999999999999999,6.877431440353393,8.03566355705261,12.864710826873766,1.1612235825718156
case_119,p95_to_p99,1000,0.2,0.2,6.877431440353393,8.03566355705261,12.864710826873766,1.1612235825718156
case_119,top_p99,1000,0.2,0.2,6.877431440353393,8.03566355705261,12.864710826873766,1.1612235825718156
case_121,below_p90,2500,0.5,0.5,6.769794368743898,7.992828512191771,12.891168012618962,1.1459067252346407
case_121,p90_to_p95,500,0.1,0.09999999999999999,6.769794368743898,7.992828512191771,12.891168012618962,1.1459067252346407
case_121,p95_to_p99,1000,0.2,0.2,6.769794368743898,7.992828512191771,12.891168012618962,1.1459067252346407
case_121,top_p99,1000,0.2,0.2,6.769794368743898,7.992828512191771,12.891168012618962,1.1459067252346407
case_122,below_p90,2500,0.5,0.5,4.8859138011932375,5.731524729728698,9.12270348548888,1.1692577176142498
case_122,p90_to_p95,500,0.1,0.09999999999999999,4.8859138011932375,5.731524729728698,9.12270348548888,1.1692577176142498
case_122,p95_to_p99,1000,0.2,0.2,4.8859138011932375,5.731524729728698,9.12270348548888,1.1692577176142498
case_122,top_p99,1000,0.2,0.2,4.8859138011932375,5.731524729728698,9.12270348548888,1.1692577176142498
case_124,below_p90,2500,0.5,0.5,7.055772066116334,8.326841783523559,13.333128252029367,1.1551176081247923
case_124,p90_to_p95,500,0.1,0.09999999999999999,7.055772066116334,8.326841783523559,13.333128252029367,1.1551176081247923
case_124,p95_to_p99,1000,0.2,0.2,7.055772066116334,8.326841783523559,13.333128252029367,1.1551176081247923
case_124,top_p99,1000,0.2,0.2,7.055772066116334,8.326841783523559,13.333128252029367,1.1551176081247923
case_125,below_p90,2500,0.5,0.5,6.6000275135040285,7.719360971450801,12.352934799194323,1.120380947037462
case_125,p90_to_p95,500,0.1,0.09999999999999999,6.6000275135040285,7.719360971450801,12.352934799194323,1.120380947037462
case_125,p95_to_p99,1000,0.2,0.2,6.6000275135040285,7.719360971450801,12.352934799194323,1.120380947037462
case_125,top_p99,1000,0.2,0.2,6.6000275135040285,7.719360971450801,12.352934799194323,1.120380947037462
case_127,below_p90,2500,0.5,0.5,6.558638811111451,7.859949254989618,12.608463897705061,1.1627399013292787
case_127,p90_to_p95,500,0.1,0.09999999999999999,6.558638811111451,7.859949254989618,12.608463897705061,1.1627399013292787
case_127,p95_to_p99,1000,0.2,0.2,6.558638811111451,7.859949254989618,12.608463897705061,1.1627399013292787
case_127,top_p99,1000,0.2,0.2,6.558638811111451,7.859949254989618,12.608463897705061,1.1627399013292787
case_128,below_p90,2500,0.5,0.5,4.805820369720459,5.586181855201721,8.927573862075796,1.1978085257204654
case_128,p90_to_p95,500,0.1,0.09999999999999999,4.805820369720459,5.586181855201721,8.927573862075796,1.1978085257204654
case_128,p95_to_p99,1000,0.2,0.2,4.805820369720459,5.586181855201721,8.927573862075796,1.1978085257204654
case_128,top_p99,1000,0.2,0.2,4.805820369720459,5.586181855201721,8.927573862075796,1.1978085257204654
case_129,below_p90,2500,0.5,0.5,6.958357095718385,8.360485506057739,12.449416322708034,0.9444383943860776
case_129,p90_to_p95,500,0.1,0.09999999999999999,6.958357095718385,8.360485506057739,12.449416322708034,0.9444383943860776
case_129,p95_to_p99,1000,0.2,0.2,6.958357095718385,8.360485506057739,12.449416322708034,0.9444383943860776
case_129,top_p99,1000,0.2,0.2,6.958357095718385,8.360485506057739,12.449416322708034,0.9444383943860776
case_130,below_p90,2500,0.5,0.5,6.539754009246829,7.741332387924194,12.371518497466973,1.1867122443870117
case_130,p90_to_p95,500,0.1,0.09999999999999999,6.539754009246829,7.741332387924194,12.371518497466973,1.1867122443870117
case_130,p95_to_p99,1000,0.2,0.2,6.539754009246829,7.741332387924194,12.371518497466973,1.1867122443870117
case_130,top_p99,1000,0.2,0.2,6.539754009246829,7.741332387924194,12.371518497466973,1.1867122443870117
case_133,below_p90,2500,0.5,0.5,6.750997686386109,8.05308094024658,12.81892926216123,1.1169812350313808
case_133,p90_to_p95,500,0.1,0.09999999999999999,6.750997686386109,8.05308094024658,12.81892926216123,1.1169812350313808
case_133,p95_to_p99,1000,0.2,0.2,6.750997686386109,8.05308094024658,12.81892926216123,1.1169812350313808
case_133,top_p99,1000,0.2,0.2,6.750997686386109,8.05308094024658,12.81892926216123,1.1169812350313808
case_136,below_p90,2500,0.5,0.5,5.139823007583619,5.935817217826843,9.499952650070178,1.20026040298355
case_136,p90_to_p95,500,0.1,0.09999999999999999,5.139823007583619,5.935817217826843,9.499952650070178,1.20026040298355
case_136,p95_to_p99,1000,0.2,0.2,5.139823007583619,5.935817217826843,9.499952650070178,1.20026040298355
case_136,top_p99,1000,0.2,0.2,5.139823007583619,5.935817217826843,9.499952650070178,1.20026040298355
case_137,below_p90,2500,0.5,0.5,4.637449979782106,5.4260913848876955,8.722746763229296,1.2112993963500303
case_137,p90_to_p95,500,0.1,0.09999999999999999,4.637449979782106,5.4260913848876955,8.722746763229296,1.2112993963500303
case_137,p95_to_p99,1000,0.2,0.2,4.637449979782106,5.4260913848876955,8.722746763229296,1.2112993963500303
case_137,top_p99,1000,0.2,0.2,4.637449979782106,5.4260913848876955,8.722746763229296,1.2112993963500303
case_139,below_p90,2500,0.5,0.5,7.001120185852052,8.312557744979857,13.217778148651119,1.1328973349977602
case_139,p90_to_p95,500,0.1,0.09999999999999999,7.001120185852052,8.312557744979857,13.217778148651119,1.1328973349977602
case_139,p95_to_p99,1000,0.2,0.2,7.001120185852052,8.312557744979857,13.217778148651119,1.1328973349977602
case_139,top_p99,1000,0.2,0.2,7.001120185852052,8.312557744979857,13.217778148651119,1.1328973349977602
case_141,below_p90,2500,0.5,0.5,6.175196123123171,7.26107919216156,11.077090291976921,1.0354909988408971
case_141,p90_to_p95,500,0.1,0.09999999999999999,6.175196123123171,7.26107919216156,11.077090291976921,1.0354909988408971
case_141,p95_to_p99,1000,0.2,0.2,6.175196123123171,7.26107919216156,11.077090291976921,1.0354909988408971
case_141,top_p99,1000,0.2,0.2,6.175196123123171,7.26107919216156,11.077090291976921,1.0354909988408971
case_142,below_p90,2500,0.5,0.5,6.654256010055542,7.779161429405209,12.231397266387924,1.10259941614352
case_142,p90_to_p95,500,0.1,0.09999999999999999,6.654256010055542,7.779161429405209,12.231397266387924,1.10259941614352
case_142,p95_to_p99,1000,0.2,0.2,6.654256010055542,7.779161429405209,12.231397266387924,1.10259941614352
case_142,top_p99,1000,0.2,0.2,6.654256010055542,7.779161429405209,12.231397266387924,1.10259941614352
case_143,below_p90,2500,0.5,0.5,6.828693103790284,7.921590662002563,12.536460180282564,1.1446694299848374
case_143,p90_to_p95,500,0.1,0.09999999999999999,6.828693103790284,7.921590662002563,12.536460180282564,1.1446694299848374
case_143,p95_to_p99,1000,0.2,0.2,6.828693103790284,7.921590662002563,12.536460180282564,1.1446694299848374
case_143,top_p99,1000,0.2,0.2,6.828693103790284,7.921590662002563,12.536460180282564,1.1446694299848374
case_144,below_p90,2500,0.5,0.5,8.429866123199465,9.57113671302795,15.136413698196405,1.162898269364368
case_144,p90_to_p95,500,0.1,0.09999999999999999,8.429866123199465,9.57113671302795,15.136413698196405,1.162898269364368
case_144,p95_to_p99,1000,0.2,0.2,8.429866123199465,9.57113671302795,15.136413698196405,1.162898269364368
case_144,top_p99,1000,0.2,0.2,8.429866123199465,9.57113671302795,15.136413698196405,1.162898269364368
case_146,below_p90,2500,0.5,0.5,6.4904943943023685,7.589036440849302,12.167704410552965,1.2005477194901093
case_146,p90_to_p95,500,0.1,0.09999999999999999,6.4904943943023685,7.589036440849302,12.167704410552965,1.2005477194901093
case_146,p95_to_p99,1000,0.2,0.2,6.4904943943023685,7.589036440849302,12.167704410552965,1.2005477194901093
case_146,top_p99,1000,0.2,0.2,6.4904943943023685,7.589036440849302,12.167704410552965,1.2005477194901093
case_148,below_p90,2500,0.5,0.5,6.300917434692384,7.333276700973511,11.485404291152937,1.0929735706754797
case_148,p90_to_p95,500,0.1,0.09999999999999999,6.300917434692384,7.333276700973511,11.485404291152937,1.0929735706754797
case_148,p95_to_p99,1000,0.2,0.2,6.300917434692384,7.333276700973511,11.485404291152937,1.0929735706754797
case_148,top_p99,1000,0.2,0.2,6.300917434692384,7.333276700973511,11.485404291152937,1.0929735706754797
case_150,below_p90,2500,0.5,0.5,6.113219213485718,7.405756855010986,10.835816211700429,0.9101286104095172
case_150,p90_to_p95,500,0.1,0.09999999999999999,6.113219213485718,7.405756855010986,10.835816211700429,0.9101286104095172
case_150,p95_to_p99,1000,0.2,0.2,6.113219213485718,7.405756855010986,10.835816211700429,0.9101286104095172
case_150,top_p99,1000,0.2,0.2,6.113219213485718,7.405756855010986,10.835816211700429,0.9101286104095172
case_151,below_p90,2500,0.5,0.5,5.76791081428528,6.654342794418334,10.317672529220548,1.1331256728675574
case_151,p90_to_p95,500,0.1,0.09999999999999999,5.76791081428528,6.654342794418334,10.317672529220548,1.1331256728675574
case_151,p95_to_p99,1000,0.2,0.2,5.76791081428528,6.654342794418334,10.317672529220548,1.1331256728675574
case_151,top_p99,1000,0.2,0.2,5.76791081428528,6.654342794418334,10.317672529220548,1.1331256728675574
case_153,below_p90,2500,0.5,0.5,6.899252128601077,8.088743019104003,12.596611623764018,1.0691267487267557
case_153,p90_to_p95,500,0.1,0.09999999999999999,6.899252128601077,8.088743019104003,12.596611623764018,1.0691267487267557
case_153,p95_to_p99,1000,0.2,0.2,6.899252128601077,8.088743019104003,12.596611623764018,1.0691267487267557
case_153,top_p99,1000,0.2,0.2,6.899252128601077,8.088743019104003,12.596611623764018,1.0691267487267557
case_154,below_p90,2500,0.5,0.5,5.747634983062745,6.938599348068237,10.474741182327266,1.003023498583816
case_154,p90_to_p95,500,0.1,0.09999999999999999,5.747634983062745,6.938599348068237,10.474741182327266,1.003023498583816
case_154,p95_to_p99,1000,0.2,0.2,5.747634983062745,6.938599348068237,10.474741182327266,1.003023498583816
case_154,top_p99,1000,0.2,0.2,5.747634983062745,6.938599348068237,10.474741182327266,1.003023498583816
case_155,below_p90,2500,0.5,0.5,6.5814643859863295,7.589083981513977,11.835097093582132,1.1885428381938765
case_155,p90_to_p95,500,0.1,0.09999999999999999,6.5814643859863295,7.589083981513977,11.835097093582132,1.1885428381938765
case_155,p95_to_p99,1000,0.2,0.2,6.5814643859863295,7.589083981513977,11.835097093582132,1.1885428381938765
case_155,top_p99,1000,0.2,0.2,6.5814643859863295,7.589083981513977,11.835097093582132,1.1885428381938765
case_156,below_p90,2500,0.5,0.5,7.027060174942017,8.350664710998535,13.289695453643796,1.1444235201386843
case_156,p90_to_p95,500,0.1,0.09999999999999999,7.027060174942017,8.350664710998535,13.289695453643796,1.1444235201386843
case_156,p95_to_p99,1000,0.2,0.2,7.027060174942017,8.350664710998535,13.289695453643796,1.1444235201386843
case_156,top_p99,1000,0.2,0.2,7.027060174942017,8.350664710998535,13.289695453643796,1.1444235201386843
case_157,below_p90,2500,0.5,0.5,6.234185695648196,7.273385071754455,11.7065015220642,1.1853697422372385
case_157,p90_to_p95,500,0.1,0.09999999999999999,6.234185695648196,7.273385071754455,11.7065015220642,1.1853697422372385
case_157,p95_to_p99,1000,0.2,0.2,6.234185695648196,7.273385071754455,11.7065015220642,1.1853697422372385
case_157,top_p99,1000,0.2,0.2,6.234185695648196,7.273385071754455,11.7065015220642,1.1853697422372385
case_158,below_p90,2500,0.5,0.5,7.99565691947937,9.031450700759887,14.374462537765476,1.2144525954377459
case_158,p90_to_p95,500,0.1,0.09999999999999999,7.99565691947937,9.031450700759887,14.374462537765476,1.2144525954377459
case_158,p95_to_p99,1000,0.2,0.2,7.99565691947937,9.031450700759887,14.374462537765476,1.2144525954377459
case_158,top_p99,1000,0.2,0.2,7.99565691947937,9.031450700759887,14.374462537765476,1.2144525954377459
case_163,below_p90,2500,0.5,0.5,7.7857942581176784,9.154281949996946,13.400103712081906,0.9913490435374371
case_163,p90_to_p95,500,0.1,0.09999999999999999,7.7857942581176784,9.154281949996946,13.400103712081906,0.9913490435374371
case_163,p95_to_p99,1000,0.2,0.2,7.7857942581176784,9.154281949996946,13.400103712081906,0.9913490435374371
case_163,top_p99,1000,0.2,0.2,7.7857942581176784,9.154281949996946,13.400103712081906,0.9913490435374371
case_164,below_p90,2500,0.5,0.5,6.586019182205203,7.523049545288086,11.752422008514381,1.17611175572434
case_164,p90_to_p95,500,0.1,0.09999999999999999,6.586019182205203,7.523049545288086,11.752422008514381,1.17611175572434
case_164,p95_to_p99,1000,0.2,0.2,6.586019182205203,7.523049545288086,11.752422008514381,1.17611175572434
case_164,top_p99,1000,0.2,0.2,6.586019182205203,7.523049545288086,11.752422008514381,1.17611175572434
case_165,below_p90,2500,0.5,0.5,6.380742454528812,8.25058135986328,13.54518896102898,0.9506188655562878
case_165,p90_to_p95,500,0.1,0.09999999999999999,6.380742454528812,8.25058135986328,13.54518896102898,0.9506188655562878
case_165,p95_to_p99,1000,0.2,0.2,6.380742454528812,8.25058135986328,13.54518896102898,0.9506188655562878
case_165,top_p99,1000,0.2,0.2,6.380742454528812,8.25058135986328,13.54518896102898,0.9506188655562878
case_166,below_p90,2500,0.5,0.5,7.0247314453125,8.191421604156492,12.85470631599426,1.1395393103799647
case_166,p90_to_p95,500,0.1,0.09999999999999999,7.0247314453125,8.191421604156492,12.85470631599426,1.1395393103799647
case_166,p95_to_p99,1000,0.2,0.2,7.0247314453125,8.191421604156492,12.85470631599426,1.1395393103799647
case_166,top_p99,1000,0.2,0.2,7.0247314453125,8.191421604156492,12.85470631599426,1.1395393103799647
case_169,below_p90,2500,0.5,0.5,6.967317152023317,8.090929222106933,12.841711378097514,1.1154862685184943
case_169,p90_to_p95,500,0.1,0.09999999999999999,6.967317152023317,8.090929222106933,12.841711378097514,1.1154862685184943
case_169,p95_to_p99,1000,0.2,0.2,6.967317152023317,8.090929222106933,12.841711378097514,1.1154862685184943
case_169,top_p99,1000,0.2,0.2,6.967317152023317,8.090929222106933,12.841711378097514,1.1154862685184943
case_170,below_p90,2500,0.5,0.5,5.600141525268558,6.727396512031555,9.981185073852506,0.9857739502611313
case_170,p90_to_p95,500,0.1,0.09999999999999999,5.600141525268558,6.727396512031555,9.981185073852506,0.9857739502611313
case_170,p95_to_p99,1000,0.2,0.2,5.600141525268558,6.727396512031555,9.981185073852506,0.9857739502611313
case_170,top_p99,1000,0.2,0.2,5.600141525268558,6.727396512031555,9.981185073852506,0.9857739502611313
case_171,below_p90,2500,0.5,0.5,8.078412532806396,9.183458948135376,14.578658542633027,1.1841698497833244
case_171,p90_to_p95,500,0.1,0.09999999999999999,8.078412532806396,9.183458948135376,14.578658542633027,1.1841698497833244
case_171,p95_to_p99,1000,0.2,0.2,8.078412532806396,9.183458948135376,14.578658542633027,1.1841698497833244
case_171,top_p99,1000,0.2,0.2,8.078412532806396,9.183458948135376,14.578658542633027,1.1841698497833244
case_173,below_p90,2500,0.5,0.5,6.56617274284363,9.599425172805786,17.56222873687742,0.8668289592458743
case_173,p90_to_p95,500,0.1,0.09999999999999999,6.56617274284363,9.599425172805786,17.56222873687742,0.8668289592458743
case_173,p95_to_p99,1000,0.2,0.2,6.56617274284363,9.599425172805786,17.56222873687742,0.8668289592458743
case_173,top_p99,1000,0.2,0.2,6.56617274284363,9.599425172805786,17.56222873687742,0.8668289592458743
case_175,below_p90,2500,0.5,0.5,6.440139722824097,7.760565519332886,12.505675315856932,1.15830508013129
case_175,p90_to_p95,500,0.1,0.09999999999999999,6.440139722824097,7.760565519332886,12.505675315856932,1.15830508013129
case_175,p95_to_p99,1000,0.2,0.2,6.440139722824097,7.760565519332886,12.505675315856932,1.15830508013129
case_175,top_p99,1000,0.2,0.2,6.440139722824097,7.760565519332886,12.505675315856932,1.15830508013129
case_179,below_p90,2500,0.5,0.5,7.400428724288941,8.778277397155762,13.768545122146582,1.105070345039516
case_179,p90_to_p95,500,0.1,0.09999999999999999,7.400428724288941,8.778277397155762,13.768545122146582,1.105070345039516
case_179,p95_to_p99,1000,0.2,0.2,7.400428724288941,8.778277397155762,13.768545122146582,1.105070345039516
case_179,top_p99,1000,0.2,0.2,7.400428724288941,8.778277397155762,13.768545122146582,1.105070345039516
case_180,below_p90,2500,0.5,0.5,6.915890789031983,7.6927731275558475,12.1202414035797,1.2104170822515994
case_180,p90_to_p95,500,0.1,0.09999999999999999,6.915890789031983,7.6927731275558475,12.1202414035797,1.2104170822515994
case_180,p95_to_p99,1000,0.2,0.2,6.915890789031983,7.6927731275558475,12.1202414035797,1.2104170822515994
case_180,top_p99,1000,0.2,0.2,6.915890789031983,7.6927731275558475,12.1202414035797,1.2104170822515994
case_181,below_p90,2500,0.5,0.5,6.973642206192021,8.348705530166626,12.506495037078853,0.9912519570997577
case_181,p90_to_p95,500,0.1,0.09999999999999999,6.973642206192021,8.348705530166626,12.506495037078853,0.9912519570997577
case_181,p95_to_p99,1000,0.2,0.2,6.973642206192021,8.348705530166626,12.506495037078853,0.9912519570997577
case_181,top_p99,1000,0.2,0.2,6.973642206192021,8.348705530166626,12.506495037078853,0.9912519570997577
case_182,below_p90,2500,0.5,0.5,6.643274450302125,8.005867195129394,12.821896562576253,1.1569089891678401
case_182,p90_to_p95,500,0.1,0.09999999999999999,6.643274450302125,8.005867195129394,12.821896562576253,1.1569089891678401
case_182,p95_to_p99,1000,0.2,0.2,6.643274450302125,8.005867195129394,12.821896562576253,1.1569089891678401
case_182,top_p99,1000,0.2,0.2,6.643274450302125,8.005867195129394,12.821896562576253,1.1569089891678401
case_183,below_p90,2500,0.5,0.5,7.320832157135011,8.673352289199828,13.893857116699213,1.1502086740955557
case_183,p90_to_p95,500,0.1,0.09999999999999999,7.320832157135011,8.673352289199828,13.893857116699213,1.1502086740955557
case_183,p95_to_p99,1000,0.2,0.2,7.320832157135011,8.673352289199828,13.893857116699213,1.1502086740955557
case_183,top_p99,1000,0.2,0.2,7.320832157135011,8.673352289199828,13.893857116699213,1.1502086740955557
case_184,below_p90,2500,0.5,0.5,6.694358062744142,7.875815033912657,12.749776926040594,1.201768416486307
case_184,p90_to_p95,500,0.1,0.09999999999999999,6.694358062744142,7.875815033912657,12.749776926040594,1.201768416486307
case_184,p95_to_p99,1000,0.2,0.2,6.694358062744142,7.875815033912657,12.749776926040594,1.201768416486307
case_184,top_p99,1000,0.2,0.2,6.694358062744142,7.875815033912657,12.749776926040594,1.201768416486307
case_185,below_p90,2500,0.5,0.5,6.59258804321289,7.666236424446105,12.235298709869317,1.1544260898385543
case_185,p90_to_p95,500,0.1,0.09999999999999999,6.59258804321289,7.666236424446105,12.235298709869317,1.1544260898385543
case_185,p95_to_p99,1000,0.2,0.2,6.59258804321289,7.666236424446105,12.235298709869317,1.1544260898385543
case_185,top_p99,1000,0.2,0.2,6.59258804321289,7.666236424446105,12.235298709869317,1.1544260898385543
case_186,below_p90,2500,0.5,0.5,6.350747919082642,7.5299984931945785,11.554426622390743,1.052507223552942
case_186,p90_to_p95,500,0.1,0.09999999999999999,6.350747919082642,7.5299984931945785,11.554426622390743,1.052507223552942
case_186,p95_to_p99,1000,0.2,0.2,6.350747919082642,7.5299984931945785,11.554426622390743,1.052507223552942
case_186,top_p99,1000,0.2,0.2,6.350747919082642,7.5299984931945785,11.554426622390743,1.052507223552942
case_187,below_p90,2500,0.5,0.5,6.920290899276734,8.103256320953365,13.128380126953111,1.18530903327502
case_187,p90_to_p95,500,0.1,0.09999999999999999,6.920290899276734,8.103256320953365,13.128380126953111,1.18530903327502
case_187,p95_to_p99,1000,0.2,0.2,6.920290899276734,8.103256320953365,13.128380126953111,1.18530903327502
case_187,top_p99,1000,0.2,0.2,6.920290899276734,8.103256320953365,13.128380126953111,1.18530903327502
case_188,below_p90,2500,0.5,0.5,6.823497581481936,8.110652208328247,13.086825618743863,1.1341796663475356
case_188,p90_to_p95,500,0.1,0.09999999999999999,6.823497581481936,8.110652208328247,13.086825618743863,1.1341796663475356
case_188,p95_to_p99,1000,0.2,0.2,6.823497581481936,8.110652208328247,13.086825618743863,1.1341796663475356
case_188,top_p99,1000,0.2,0.2,6.823497581481936,8.110652208328247,13.086825618743863,1.1341796663475356
case_189,below_p90,2500,0.5,0.5,6.722201299667359,7.995612788200375,12.753865308761585,1.1525445194821302
case_189,p90_to_p95,500,0.1,0.09999999999999999,6.722201299667359,7.995612788200375,12.753865308761585,1.1525445194821302
case_189,p95_to_p99,1000,0.2,0.2,6.722201299667359,7.995612788200375,12.753865308761585,1.1525445194821302
case_189,top_p99,1000,0.2,0.2,6.722201299667359,7.995612788200375,12.753865308761585,1.1525445194821302
case_190,below_p90,2500,0.5,0.5,7.025573968887332,8.360267305374144,13.360542898178092,1.1415699882470112
case_190,p90_to_p95,500,0.1,0.09999999999999999,7.025573968887332,8.360267305374144,13.360542898178092,1.1415699882470112
case_190,p95_to_p99,1000,0.2,0.2,7.025573968887332,8.360267305374144,13.360542898178092,1.1415699882470112
case_190,top_p99,1000,0.2,0.2,7.025573968887332,8.360267305374144,13.360542898178092,1.1415699882470112
case_191,below_p90,2500,0.5,0.5,6.874036741256715,8.205350446701049,13.111052494049055,1.1550889459362894
case_191,p90_to_p95,500,0.1,0.09999999999999999,6.874036741256715,8.205350446701049,13.111052494049055,1.1550889459362894
case_191,p95_to_p99,1000,0.2,0.2,6.874036741256715,8.205350446701049,13.111052494049055,1.1550889459362894
case_191,top_p99,1000,0.2,0.2,6.874036741256715,8.205350446701049,13.111052494049055,1.1550889459362894
case_192,below_p90,2500,0.5,0.5,6.916901445388796,8.175111389160156,12.946696014404287,1.1127028225413955
case_192,p90_to_p95,500,0.1,0.09999999999999999,6.916901445388796,8.175111389160156,12.946696014404287,1.1127028225413955
case_192,p95_to_p99,1000,0.2,0.2,6.916901445388796,8.175111389160156,12.946696014404287,1.1127028225413955
case_192,top_p99,1000,0.2,0.2,6.916901445388796,8.175111389160156,12.946696014404287,1.1127028225413955
case_193,below_p90,2500,0.5,0.5,6.316708660125733,7.433103251457213,11.889664096832272,1.146720420655317
case_193,p90_to_p95,500,0.1,0.09999999999999999,6.316708660125733,7.433103251457213,11.889664096832272,1.146720420655317
case_193,p95_to_p99,1000,0.2,0.2,6.316708660125733,7.433103251457213,11.889664096832272,1.146720420655317
case_193,top_p99,1000,0.2,0.2,6.316708660125733,7.433103251457213,11.889664096832272,1.146720420655317
case_194,below_p90,2500,0.5,0.5,6.957199859619141,8.246804285049436,12.928755416870114,1.0667886025841544
case_194,p90_to_p95,500,0.1,0.09999999999999999,6.957199859619141,8.246804285049436,12.928755416870114,1.0667886025841544
case_194,p95_to_p99,1000,0.2,0.2,6.957199859619141,8.246804285049436,12.928755416870114,1.0667886025841544
case_194,top_p99,1000,0.2,0.2,6.957199859619141,8.246804285049436,12.928755416870114,1.0667886025841544
case_195,below_p90,2500,0.5,0.5,7.18097734451294,8.506486845016479,13.599721879959082,1.131122161326851
case_195,p90_to_p95,500,0.1,0.09999999999999999,7.18097734451294,8.506486845016479,13.599721879959082,1.131122161326851
case_195,p95_to_p99,1000,0.2,0.2,7.18097734451294,8.506486845016479,13.599721879959082,1.131122161326851
case_195,top_p99,1000,0.2,0.2,7.18097734451294,8.506486845016479,13.599721879959082,1.131122161326851
case_200,below_p90,2500,0.5,0.5,6.519919538497925,7.528428196907043,12.027814435958856,1.1549761190654577
case_200,p90_to_p95,500,0.1,0.09999999999999999,6.519919538497925,7.528428196907043,12.027814435958856,1.1549761190654577
case_200,p95_to_p99,1000,0.2,0.2,6.519919538497925,7.528428196907043,12.027814435958856,1.1549761190654577
case_200,top_p99,1000,0.2,0.2,6.519919538497925,7.528428196907043,12.027814435958856,1.1549761190654577
