stage,run_id,candidate_index,complexity,loss,score,equation,formula_scaled_sympy,formula_original_variables,feature_support_json,structure_signature,family_signature,segment,attempt,search_mode
v10_geometry_residual,v10_i4_geometry_signed_residual_pilot,0,1,0.3937043896217235,0.0,-0.031887044492085216,-0.031887044492085216,0.16823023823286303,[],CONST,"{""features"": [], ""operators"": []}",2,1,warm_start_checkpoint
v10_geometry_residual,v10_i4_geometry_signed_residual_pilot,1,3,0.3795073201893332,0.018363230931453554,z_scaled * 0.20283008524793797,z_scaled*0.20283008524793797,0.00059118903525675333*z - 0.086010375933227664,"[""z_scaled""]","Mul(CONST, Symbol('z_scaled'))","{""features"": [""z_scaled""], ""operators"": [""Mul""]}",2,1,warm_start_checkpoint
v10_geometry_residual,v10_i4_geometry_signed_residual_pilot,2,5,0.3596858990078423,0.02682136892200895,rho_scaled * (nearest_axial_boundary_fraction_proxy_scaled * 0.3093596925439427),rho_scaled*nearest_axial_boundary_fraction_proxy_scaled*0.3093596925439427,0.2428209987508325*(6.35717263336409*nearest_axial_boundary_fraction_proxy - 1.50609073609435)*(0.0515522721791705*rho - 9.44322879527937) + 0.19325885113039,"[""nearest_axial_boundary_fraction_proxy_scaled"", ""rho_scaled""]","Mul(CONST, Symbol('nearest_axial_boundary_fraction_proxy_scaled'), Symbol('rho_scaled'))","{""features"": [""nearest_axial_boundary_fraction_proxy_scaled"", ""rho_scaled""], ""operators"": [""Mul""]}",2,1,warm_start_checkpoint
v10_geometry_residual,v10_i4_geometry_signed_residual_pilot,3,7,0.3449987604980007,0.020845161788299604,nearest_axial_boundary_fraction_proxy_scaled * ((signed_radial_position_proxy_scaled - nearest_radial_boundary_fraction_proxy_scaled) * 0.23801407892398405),nearest_axial_boundary_fraction_proxy_scaled*(-nearest_radial_boundary_fraction_proxy_scaled + signed_radial_position_proxy_scaled)*0.23801407892398405,0.18682077127055548*(6.35717263336409*nearest_axial_boundary_fraction_proxy - 1.50609073609435)*(-7.2459763106469*nearest_radial_boundary_fraction_proxy + 2.40096813285283*signed_radial_position_proxy + 2.04536778941203) + 0.19325885113039,"[""nearest_axial_boundary_fraction_proxy_scaled"", ""nearest_radial_boundary_fraction_proxy_scaled"", ""signed_radial_position_proxy_scaled""]","Mul(Integer(-1), CONST, Symbol('nearest_axial_boundary_fraction_proxy_scaled'), Add(Symbol('nearest_radial_boundary_fraction_proxy_scaled'), Mul(Integer(-1), Symbol('signed_radial_position_proxy_scaled'))))","{""features"": [""nearest_axial_boundary_fraction_proxy_scaled"", ""nearest_radial_boundary_fraction_proxy_scaled"", ""signed_radial_position_proxy_scaled""], ""operators"": [""Add"", ""Mul""]}",2,1,warm_start_checkpoint
v10_geometry_residual,v10_i4_geometry_signed_residual_pilot,4,9,0.3320490644283032,0.019129040922720532,((nearest_axial_boundary_fraction_proxy_scaled * (nearest_radial_boundary_fraction_proxy_scaled - rho_fraction_proxy_scaled)) - signed_axial_position_proxy_scaled) * -0.22004135810146327,(nearest_axial_boundary_fraction_proxy_scaled*(nearest_radial_boundary_fraction_proxy_scaled - rho_fraction_proxy_scaled) - signed_axial_position_proxy_scaled)*(-0.22004135810146327),0.28333563253028948*signed_axial_position_proxy - 0.172713716843048*(6.35717263336409*nearest_axial_boundary_fraction_proxy - 1.50609073609435)*(7.2459763106469*nearest_radial_boundary_fraction_proxy - 4.80193626540531*rho_fraction_proxy + 0.355600343239047) + 0.17476920758923375,"[""nearest_axial_boundary_fraction_proxy_scaled"", ""nearest_radial_boundary_fraction_proxy_scaled"", ""rho_fraction_proxy_scaled"", ""signed_axial_position_proxy_scaled""]","Mul(Integer(-1), CONST, Add(Mul(CONST, Symbol('nearest_axial_boundary_fraction_proxy_scaled'), Symbol('nearest_radial_boundary_fraction_proxy_scaled')), Mul(Integer(-1), CONST, Symbol('nearest_axial_boundary_fraction_proxy_scaled'), Symbol('rho_fraction_proxy_scaled')), Mul(Integer(-1), CONST, Symbol('signed_axial_position_proxy_scaled'))))","{""features"": [""nearest_axial_boundary_fraction_proxy_scaled"", ""nearest_radial_boundary_fraction_proxy_scaled"", ""rho_fraction_proxy_scaled"", ""signed_axial_position_proxy_scaled""], ""operators"": [""Add"", ""Mul""]}",2,1,warm_start_checkpoint
v10_geometry_residual,v10_i4_geometry_signed_residual_pilot,5,10,0.3320479441599023,3.3738095079419846e-06,(((nearest_radial_boundary_fraction_proxy_scaled - rho_within_case_z_scaled) * nearest_axial_boundary_fraction_proxy_scaled) - signed_axial_position_proxy_scaled) * -0.22010174168176377,(nearest_axial_boundary_fraction_proxy_scaled*(nearest_radial_boundary_fraction_proxy_scaled - rho_within_case_z_scaled) - signed_axial_position_proxy_scaled)*(-0.22010174168176377),0.2834133852767118*signed_axial_position_proxy - 0.17276111280842457*(6.35717263336409*nearest_axial_boundary_fraction_proxy - 1.50609073609435)*(7.2459763106469*nearest_radial_boundary_fraction_proxy - 0.8976228724163*rho_within_case_z - 2.60505073214867) + 0.17476413367546986,"[""nearest_axial_boundary_fraction_proxy_scaled"", ""nearest_radial_boundary_fraction_proxy_scaled"", ""rho_within_case_z_scaled"", ""signed_axial_position_proxy_scaled""]","Mul(Integer(-1), CONST, Add(Mul(CONST, Symbol('nearest_axial_boundary_fraction_proxy_scaled'), Symbol('nearest_radial_boundary_fraction_proxy_scaled')), Mul(Integer(-1), CONST, Symbol('nearest_axial_boundary_fraction_proxy_scaled'), Symbol('rho_within_case_z_scaled')), Mul(Integer(-1), CONST, Symbol('signed_axial_position_proxy_scaled'))))","{""features"": [""nearest_axial_boundary_fraction_proxy_scaled"", ""nearest_radial_boundary_fraction_proxy_scaled"", ""rho_within_case_z_scaled"", ""signed_axial_position_proxy_scaled""], ""operators"": [""Add"", ""Mul""]}",2,1,warm_start_checkpoint
v10_geometry_residual,v10_i4_geometry_signed_residual_pilot,6,11,0.3280621630586206,0.012076256663144465,((nearest_axial_boundary_fraction_proxy_scaled * (nearest_radial_boundary_fraction_proxy_scaled - rho_fraction_proxy_scaled)) - (nearest_radial_boundary_fraction_proxy_scaled + z_scaled)) * -0.2144801086556452,(nearest_axial_boundary_fraction_proxy_scaled*(nearest_radial_boundary_fraction_proxy_scaled - rho_fraction_proxy_scaled) - (nearest_radial_boundary_fraction_proxy_scaled + z_scaled))*(-0.2144801086556452),1.2198500391975*nearest_radial_boundary_fraction_proxy + 0.0006251453691541728*z - 0.1683486098905828*(6.35717263336409*nearest_axial_boundary_fraction_proxy - 1.50609073609435)*(7.2459763106469*nearest_radial_boundary_fraction_proxy - 4.80193626540531*rho_fraction_proxy + 0.355600343239047) - 0.5032681061061191,"[""nearest_axial_boundary_fraction_proxy_scaled"", ""nearest_radial_boundary_fraction_proxy_scaled"", ""rho_fraction_proxy_scaled"", ""z_scaled""]","Mul(Integer(-1), CONST, Add(Mul(CONST, Symbol('nearest_axial_boundary_fraction_proxy_scaled'), Symbol('nearest_radial_boundary_fraction_proxy_scaled')), Mul(Integer(-1), CONST, Symbol('nearest_axial_boundary_fraction_proxy_scaled'), Symbol('rho_fraction_proxy_scaled')), Mul(Integer(-1), CONST, Symbol('nearest_radial_boundary_fraction_proxy_scaled')), Mul(Integer(-1), CONST, Symbol('z_scaled'))))","{""features"": [""nearest_axial_boundary_fraction_proxy_scaled"", ""nearest_radial_boundary_fraction_proxy_scaled"", ""rho_fraction_proxy_scaled"", ""z_scaled""], ""operators"": [""Add"", ""Mul""]}",2,1,warm_start_checkpoint
v10_geometry_residual,v10_i4_geometry_signed_residual_pilot,7,13,0.3214403103522797,0.010195622687569569,((nearest_axial_boundary_fraction_proxy_scaled * ((nearest_radial_boundary_fraction_proxy_scaled - (nearest_radial_boundary_fraction_proxy_scaled * nearest_axial_boundary_fraction_proxy_scaled)) - rho_scaled)) - signed_axial_position_proxy_scaled) * -0.22145566061672572,(nearest_axial_boundary_fraction_proxy_scaled*(-nearest_axial_boundary_fraction_proxy_scaled*nearest_radial_boundary_fraction_proxy_scaled + nearest_radial_boundary_fraction_proxy_scaled - rho_scaled) - signed_axial_position_proxy_scaled)*(-0.22145566061672572),0.28515675516472755*signed_axial_position_proxy - 0.1738238238077524*(6.35717263336409*nearest_axial_boundary_fraction_proxy - 1.50609073609435)*(7.2459763106469*nearest_radial_boundary_fraction_proxy - 0.0515522721791705*rho - (6.35717263336409*nearest_axial_boundary_fraction_proxy - 1.50609073609435)*(7.2459763106469*nearest_radial_boundary_fraction_proxy - 2.38325249598573) + 7.05997629929363) + 0.17465036652411677,"[""nearest_axial_boundary_fraction_proxy_scaled"", ""nearest_radial_boundary_fraction_proxy_scaled"", ""rho_scaled"", ""signed_axial_position_proxy_scaled""]","Mul(CONST, Add(Mul(CONST, Pow(Symbol('nearest_axial_boundary_fraction_proxy_scaled'), Integer(2)), Symbol('nearest_radial_boundary_fraction_proxy_scaled')), Mul(Integer(-1), CONST, Symbol('nearest_axial_boundary_fraction_proxy_scaled'), Symbol('nearest_radial_boundary_fraction_proxy_scaled')), Mul(CONST, Symbol('nearest_axial_boundary_fraction_proxy_scaled'), Symbol('rho_scaled')), Mul(CONST, Symbol('signed_axial_position_proxy_scaled'))))","{""features"": [""nearest_axial_boundary_fraction_proxy_scaled"", ""nearest_radial_boundary_fraction_proxy_scaled"", ""rho_scaled"", ""signed_axial_position_proxy_scaled""], ""operators"": [""Add"", ""Mul""]}",2,1,warm_start_checkpoint
v10_geometry_residual,v10_i4_geometry_signed_residual_pilot,8,15,0.3154663791576798,0.009379876976678745,(((nearest_axial_boundary_fraction_proxy_scaled * ((nearest_radial_boundary_fraction_proxy_scaled + (nearest_axial_boundary_fraction_proxy_scaled * -1.1075155932270233)) - rho_fraction_proxy_scaled)) - signed_axial_position_proxy_scaled) - -1.4770679212030944) * -0.21309737059526254,(nearest_axial_boundary_fraction_proxy_scaled*(nearest_axial_boundary_fraction_proxy_scaled*(-1.1075155932270233) + nearest_radial_boundary_fraction_proxy_scaled - rho_fraction_proxy_scaled) - signed_axial_position_proxy_scaled - 1*(-1.4770679212030944))*(-0.21309737059526254),0.27439422665401514*signed_axial_position_proxy - 0.16726327833341748*(6.35717263336409*nearest_axial_boundary_fraction_proxy - 1.50609073609435)*(-7.0406678202868333*nearest_axial_boundary_fraction_proxy + 7.2459763106469*nearest_radial_boundary_fraction_proxy - 4.80193626540531*rho_fraction_proxy + 2.0236193182783088) - 0.071706525588140022,"[""nearest_axial_boundary_fraction_proxy_scaled"", ""nearest_radial_boundary_fraction_proxy_scaled"", ""rho_fraction_proxy_scaled"", ""signed_axial_position_proxy_scaled""]","Mul(CONST, Add(Mul(CONST, Pow(Symbol('nearest_axial_boundary_fraction_proxy_scaled'), Integer(2))), Mul(Integer(-1), CONST, Symbol('nearest_axial_boundary_fraction_proxy_scaled'), Symbol('nearest_radial_boundary_fraction_proxy_scaled')), Mul(CONST, Symbol('nearest_axial_boundary_fraction_proxy_scaled'), Symbol('rho_fraction_proxy_scaled')), Mul(CONST, Symbol('signed_axial_position_proxy_scaled')), CONST))","{""features"": [""nearest_axial_boundary_fraction_proxy_scaled"", ""nearest_radial_boundary_fraction_proxy_scaled"", ""rho_fraction_proxy_scaled"", ""signed_axial_position_proxy_scaled""], ""operators"": [""Add"", ""Mul""]}",2,1,warm_start_checkpoint
v10_geometry_residual,v10_i4_geometry_signed_residual_pilot,9,17,0.3153638182577957,0.00016258083586980442,(((((-0.25158913910362846 - (nearest_radial_boundary_fraction_proxy_scaled * (nearest_axial_boundary_fraction_proxy_scaled + -1.4412769655073925))) - rho_scaled) * nearest_axial_boundary_fraction_proxy_scaled) + 0.4169249939858657) - signed_axial_position_proxy_scaled) * -0.2046033205954186,(nearest_axial_boundary_fraction_proxy_scaled*(-nearest_radial_boundary_fraction_proxy_scaled*(nearest_axial_boundary_fraction_proxy_scaled - 1.4412769655073925) - rho_scaled - 0.25158913910362846) - signed_axial_position_proxy_scaled + 0.4169249939858657)*(-0.2046033205954186),0.2634568871910404*signed_axial_position_proxy - 0.1605961728438791*(6.35717263336409*nearest_axial_boundary_fraction_proxy - 1.50609073609435)*(-0.0515522721791705*rho - (6.35717263336409*nearest_axial_boundary_fraction_proxy - 2.9473677016017455)*(7.2459763106469*nearest_radial_boundary_fraction_proxy - 2.38325249598573) + 9.191639656175737) + 0.1091098771902128,"[""nearest_axial_boundary_fraction_proxy_scaled"", ""nearest_radial_boundary_fraction_proxy_scaled"", ""rho_scaled"", ""signed_axial_position_proxy_scaled""]","Mul(CONST, Add(Mul(CONST, Pow(Symbol('nearest_axial_boundary_fraction_proxy_scaled'), Integer(2)), Symbol('nearest_radial_boundary_fraction_proxy_scaled')), Mul(Integer(-1), CONST, Symbol('nearest_axial_boundary_fraction_proxy_scaled'), Symbol('nearest_radial_boundary_fraction_proxy_scaled')), Mul(CONST, Symbol('nearest_axial_boundary_fraction_proxy_scaled'), Symbol('rho_scaled')), Mul(CONST, Symbol('nearest_axial_boundary_fraction_proxy_scaled')), Mul(CONST, Symbol('signed_axial_position_proxy_scaled')), CONST))","{""features"": [""nearest_axial_boundary_fraction_proxy_scaled"", ""nearest_radial_boundary_fraction_proxy_scaled"", ""rho_scaled"", ""signed_axial_position_proxy_scaled""], ""operators"": [""Add"", ""Mul""]}",2,1,warm_start_checkpoint
v10_geometry_residual,v10_i4_geometry_signed_residual_pilot,10,18,0.3123103643787106,0.009729499957094288,((abs(rho_fraction_proxy_scaled) + ((((nearest_axial_boundary_fraction_proxy_scaled * -0.6114931333949992) - rho_fraction_proxy_scaled) + nearest_radial_boundary_fraction_proxy_scaled) * nearest_axial_boundary_fraction_proxy_scaled)) - z_fraction_proxy_scaled) * -0.2296721633546753,(nearest_axial_boundary_fraction_proxy_scaled*(nearest_axial_boundary_fraction_proxy_scaled*(-0.6114931333949992) + nearest_radial_boundary_fraction_proxy_scaled - rho_fraction_proxy_scaled) - z_fraction_proxy_scaled + Abs(rho_fraction_proxy_scaled))*(-0.2296721633546753),0.5914734233724127*z_fraction_proxy - 0.1802730783459288*(6.35717263336409*nearest_axial_boundary_fraction_proxy - 1.50609073609435)*(-3.887367413108749*nearest_axial_boundary_fraction_proxy + 7.2459763106469*nearest_radial_boundary_fraction_proxy - 4.80193626540531*rho_fraction_proxy + 1.276564486630564) - 0.1802730783459288*Abs(4.80193626540531*rho_fraction_proxy - 2.73885283922478) - 0.1217767617657709,"[""nearest_axial_boundary_fraction_proxy_scaled"", ""nearest_radial_boundary_fraction_proxy_scaled"", ""rho_fraction_proxy_scaled"", ""z_fraction_proxy_scaled""]","Mul(Integer(-1), CONST, Add(Mul(Integer(-1), CONST, Pow(Symbol('nearest_axial_boundary_fraction_proxy_scaled'), Integer(2))), Mul(CONST, Symbol('nearest_axial_boundary_fraction_proxy_scaled'), Symbol('nearest_radial_boundary_fraction_proxy_scaled')), Mul(Integer(-1), CONST, Symbol('nearest_axial_boundary_fraction_proxy_scaled'), Symbol('rho_fraction_proxy_scaled')), Mul(Integer(-1), CONST, Symbol('z_fraction_proxy_scaled')), Mul(CONST, Abs(Symbol('rho_fraction_proxy_scaled')))))","{""features"": [""nearest_axial_boundary_fraction_proxy_scaled"", ""nearest_radial_boundary_fraction_proxy_scaled"", ""rho_fraction_proxy_scaled"", ""z_fraction_proxy_scaled""], ""operators"": [""Abs"", ""Add"", ""Mul""]}",2,1,warm_start_checkpoint
v10_geometry_residual,v10_i4_geometry_signed_residual_pilot,11,19,0.3040825263514133,0.026698318163454856,(((((nearest_radial_boundary_fraction_proxy_scaled + (((-1.113486936008995 - nearest_radial_boundary_fraction_proxy_scaled) * nearest_axial_boundary_fraction_proxy_scaled) + -0.24642123970053018)) - rho_fraction_proxy_scaled) * nearest_axial_boundary_fraction_proxy_scaled) - signed_axial_position_proxy_scaled) - -1.4592815203190732) * -0.21121497179461382,(nearest_axial_boundary_fraction_proxy_scaled*(nearest_axial_boundary_fraction_proxy_scaled*(-nearest_radial_boundary_fraction_proxy_scaled - 1.113486936008995) + nearest_radial_boundary_fraction_proxy_scaled - rho_fraction_proxy_scaled - 0.24642123970053018) - signed_axial_position_proxy_scaled - 1*(-1.4592815203190732))*(-0.21121497179461382),0.27197036116137384*signed_axial_position_proxy - 0.16578575567019604*(6.35717263336409*nearest_axial_boundary_fraction_proxy - 1.50609073609435)*(7.2459763106469*nearest_radial_boundary_fraction_proxy - 4.80193626540531*rho_fraction_proxy + (1.269765559976739 - 7.2459763106469*nearest_radial_boundary_fraction_proxy)*(6.35717263336409*nearest_axial_boundary_fraction_proxy - 1.50609073609435) + 0.10917910353851714) - 0.06641721807078694,"[""nearest_axial_boundary_fraction_proxy_scaled"", ""nearest_radial_boundary_fraction_proxy_scaled"", ""rho_fraction_proxy_scaled"", ""signed_axial_position_proxy_scaled""]","Mul(CONST, Add(Mul(CONST, Pow(Symbol('nearest_axial_boundary_fraction_proxy_scaled'), Integer(2)), Symbol('nearest_radial_boundary_fraction_proxy_scaled')), Mul(CONST, Pow(Symbol('nearest_axial_boundary_fraction_proxy_scaled'), Integer(2))), Mul(Integer(-1), CONST, Symbol('nearest_axial_boundary_fraction_proxy_scaled'), Symbol('nearest_radial_boundary_fraction_proxy_scaled')), Mul(CONST, Symbol('nearest_axial_boundary_fraction_proxy_scaled'), Symbol('rho_fraction_proxy_scaled')), Mul(CONST, Symbol('nearest_axial_boundary_fraction_proxy_scaled')), Mul(CONST, Symbol('signed_axial_position_proxy_scaled')), CONST))","{""features"": [""nearest_axial_boundary_fraction_proxy_scaled"", ""nearest_radial_boundary_fraction_proxy_scaled"", ""rho_fraction_proxy_scaled"", ""signed_axial_position_proxy_scaled""], ""operators"": [""Add"", ""Mul""]}",2,1,warm_start_checkpoint
v10_geometry_residual,v10_i4_geometry_signed_residual_pilot,12,21,0.3040790648360993,5.691769036723573e-06,((((((nearest_radial_boundary_fraction_proxy_scaled + (nearest_axial_boundary_fraction_proxy_scaled * -1.0667448343598926)) - (nearest_radial_boundary_fraction_proxy_scaled * (nearest_axial_boundary_fraction_proxy_scaled + -0.2340530751581003))) - rho_fraction_proxy_scaled) * nearest_axial_boundary_fraction_proxy_scaled) - signed_axial_position_proxy_scaled) * -0.21393710739962843) - 0.30126430530961557,(nearest_axial_boundary_fraction_proxy_scaled*(nearest_axial_boundary_fraction_proxy_scaled*(-1.0667448343598926) - nearest_radial_boundary_fraction_proxy_scaled*(nearest_axial_boundary_fraction_proxy_scaled - 0.2340530751581003) + nearest_radial_boundary_fraction_proxy_scaled - rho_fraction_proxy_scaled) - signed_axial_position_proxy_scaled)*(-0.21393710739962843) - 1*0.30126430530961557,0.275475511375564*signed_axial_position_proxy - 0.16792240017261763*(6.35717263336409*nearest_axial_boundary_fraction_proxy - 1.50609073609435)*(-6.7814810677752235*nearest_axial_boundary_fraction_proxy + 7.2459763106469*nearest_radial_boundary_fraction_proxy - 4.80193626540531*rho_fraction_proxy - (6.35717263336409*nearest_axial_boundary_fraction_proxy - 1.740143811252453)*(7.2459763106469*nearest_radial_boundary_fraction_proxy - 2.38325249598573) + 1.9622148560449866) - 0.061184673765466282,"[""nearest_axial_boundary_fraction_proxy_scaled"", ""nearest_radial_boundary_fraction_proxy_scaled"", ""rho_fraction_proxy_scaled"", ""signed_axial_position_proxy_scaled""]","Mul(CONST, Add(Mul(CONST, Pow(Symbol('nearest_axial_boundary_fraction_proxy_scaled'), Integer(2)), Symbol('nearest_radial_boundary_fraction_proxy_scaled')), Mul(CONST, Pow(Symbol('nearest_axial_boundary_fraction_proxy_scaled'), Integer(2))), Mul(Integer(-1), CONST, Symbol('nearest_axial_boundary_fraction_proxy_scaled'), Symbol('nearest_radial_boundary_fraction_proxy_scaled')), Mul(CONST, Symbol('nearest_axial_boundary_fraction_proxy_scaled'), Symbol('rho_fraction_proxy_scaled')), Mul(CONST, Symbol('signed_axial_position_proxy_scaled')), CONST))","{""features"": [""nearest_axial_boundary_fraction_proxy_scaled"", ""nearest_radial_boundary_fraction_proxy_scaled"", ""rho_fraction_proxy_scaled"", ""signed_axial_position_proxy_scaled""], ""operators"": [""Add"", ""Mul""]}",2,1,warm_start_checkpoint
v10_geometry_residual,v10_i4_geometry_signed_residual_pilot,13,22,0.2966538389723661,0.024721815584300692,((abs(signed_angular_position_proxy_scaled - (nearest_angular_boundary_fraction_proxy_scaled + nearest_radial_boundary_fraction_proxy_scaled)) + (nearest_axial_boundary_fraction_proxy_scaled * ((nearest_radial_boundary_fraction_proxy_scaled + (nearest_axial_boundary_fraction_proxy_scaled * -0.8910607985260844)) - rho_fraction_proxy_scaled))) - signed_axial_position_proxy_scaled) * -0.22238042267046942,(nearest_axial_boundary_fraction_proxy_scaled*(nearest_axial_boundary_fraction_proxy_scaled*(-0.8910607985260844) + nearest_radial_boundary_fraction_proxy_scaled - rho_fraction_proxy_scaled) - signed_axial_position_proxy_scaled + Abs(nearest_angular_boundary_fraction_proxy_scaled + nearest_radial_boundary_fraction_proxy_scaled - signed_angular_position_proxy_scaled))*(-0.22238042267046942),0.28634752240820485*signed_axial_position_proxy - 0.17454968322288943*(6.35717263336409*nearest_axial_boundary_fraction_proxy - 1.50609073609435)*(-5.664627323053581*nearest_axial_boundary_fraction_proxy + 7.2459763106469*nearest_radial_boundary_fraction_proxy - 4.80193626540531*rho_fraction_proxy + 1.69761875719602) - 0.17454968322288943*Abs(7.94873136269381*nearest_angular_boundary_fraction_proxy + 7.2459763106469*nearest_radial_boundary_fraction_proxy - 2.21701884243319*signed_angular_position_proxy - 5.02994608727057) + 0.17457266058337165,"[""nearest_angular_boundary_fraction_proxy_scaled"", ""nearest_axial_boundary_fraction_proxy_scaled"", ""nearest_radial_boundary_fraction_proxy_scaled"", ""rho_fraction_proxy_scaled"", ""signed_angular_position_proxy_scaled"", ""signed_axial_position_proxy_scaled""]","Mul(Integer(-1), CONST, Add(Mul(Integer(-1), CONST, Pow(Symbol('nearest_axial_boundary_fraction_proxy_scaled'), Integer(2))), Mul(CONST, Symbol('nearest_axial_boundary_fraction_proxy_scaled'), Symbol('nearest_radial_boundary_fraction_proxy_scaled')), Mul(Integer(-1), CONST, Symbol('nearest_axial_boundary_fraction_proxy_scaled'), Symbol('rho_fraction_proxy_scaled')), Mul(Integer(-1), CONST, Symbol('signed_axial_position_proxy_scaled')), Mul(CONST, Abs(Add(Symbol('nearest_angular_boundary_fraction_proxy_scaled'), Symbol('nearest_radial_boundary_fraction_proxy_scaled'), Mul(Integer(-1), Symbol('signed_angular_position_proxy_scaled')))))))","{""features"": [""nearest_angular_boundary_fraction_proxy_scaled"", ""nearest_axial_boundary_fraction_proxy_scaled"", ""nearest_radial_boundary_fraction_proxy_scaled"", ""rho_fraction_proxy_scaled"", ""signed_angular_position_proxy_scaled"", ""signed_axial_position_proxy_scaled""], ""operators"": [""Abs"", ""Add"", ""Mul""]}",2,1,warm_start_checkpoint
v10_geometry_residual,v10_i4_geometry_signed_residual_pilot,14,24,0.2953123212287206,0.0022662106897091655,(abs((theta_sin_scaled - -0.3967830291206372) - (nearest_angular_boundary_fraction_proxy_scaled + nearest_radial_boundary_fraction_proxy_scaled)) + ((nearest_axial_boundary_fraction_proxy_scaled * (nearest_radial_boundary_fraction_proxy_scaled + ((nearest_axial_boundary_fraction_proxy_scaled * -0.8485991234771224) - rho_fraction_proxy_scaled))) - signed_axial_position_proxy_scaled)) * -0.2242860835435795,(nearest_axial_boundary_fraction_proxy_scaled*(nearest_axial_boundary_fraction_proxy_scaled*(-0.8485991234771224) + nearest_radial_boundary_fraction_proxy_scaled - rho_fraction_proxy_scaled) - signed_axial_position_proxy_scaled + Abs(nearest_angular_boundary_fraction_proxy_scaled + nearest_radial_boundary_fraction_proxy_scaled - theta_sin_scaled - 0.3967830291206372))*(-0.2242860835435795),0.2888013412426709*signed_axial_position_proxy - 0.1760454646308802*(6.35717263336409*nearest_axial_boundary_fraction_proxy - 1.50609073609435)*(-5.394691124465521*nearest_axial_boundary_fraction_proxy + 7.2459763106469*nearest_radial_boundary_fraction_proxy - 4.80193626540531*rho_fraction_proxy + 1.633667621765729) - 0.1760454646308802*Abs(7.94873136269381*nearest_angular_boundary_fraction_proxy + 7.2459763106469*nearest_radial_boundary_fraction_proxy - 6.28231183446972*theta_sin - 3.070880950620395) + 0.1744125316396215,"[""nearest_angular_boundary_fraction_proxy_scaled"", ""nearest_axial_boundary_fraction_proxy_scaled"", ""nearest_radial_boundary_fraction_proxy_scaled"", ""rho_fraction_proxy_scaled"", ""signed_axial_position_proxy_scaled"", ""theta_sin_scaled""]","Mul(Integer(-1), CONST, Add(Mul(Integer(-1), CONST, Pow(Symbol('nearest_axial_boundary_fraction_proxy_scaled'), Integer(2))), Mul(CONST, Symbol('nearest_axial_boundary_fraction_proxy_scaled'), Symbol('nearest_radial_boundary_fraction_proxy_scaled')), Mul(Integer(-1), CONST, Symbol('nearest_axial_boundary_fraction_proxy_scaled'), Symbol('rho_fraction_proxy_scaled')), Mul(Integer(-1), CONST, Symbol('signed_axial_position_proxy_scaled')), Mul(CONST, Abs(Add(Symbol('nearest_angular_boundary_fraction_proxy_scaled'), Symbol('nearest_radial_boundary_fraction_proxy_scaled'), Mul(Integer(-1), Symbol('theta_sin_scaled')), CONST)))))","{""features"": [""nearest_angular_boundary_fraction_proxy_scaled"", ""nearest_axial_boundary_fraction_proxy_scaled"", ""nearest_radial_boundary_fraction_proxy_scaled"", ""rho_fraction_proxy_scaled"", ""signed_axial_position_proxy_scaled"", ""theta_sin_scaled""], ""operators"": [""Abs"", ""Add"", ""Mul""]}",2,1,warm_start_checkpoint
v10_geometry_residual,v10_i4_geometry_signed_residual_pilot,15,25,0.2953053257973171,2.3688528234936126e-05,((abs((theta_sin_within_case_z_scaled - -0.3819121546135185) - (nearest_angular_boundary_fraction_proxy_scaled + nearest_radial_boundary_fraction_proxy_scaled)) + (nearest_axial_boundary_fraction_proxy_scaled * (((nearest_axial_boundary_fraction_proxy_scaled * -0.8489554013933348) + nearest_radial_boundary_fraction_proxy_scaled) - rho_fraction_proxy_scaled))) - signed_axial_position_proxy_scaled) * -0.2211648517274856,(nearest_axial_boundary_fraction_proxy_scaled*(nearest_axial_boundary_fraction_proxy_scaled*(-0.8489554013933348) + nearest_radial_boundary_fraction_proxy_scaled - rho_fraction_proxy_scaled) - signed_axial_position_proxy_scaled + Abs(nearest_angular_boundary_fraction_proxy_scaled + nearest_radial_boundary_fraction_proxy_scaled - theta_sin_within_case_z_scaled - 0.3819121546135185))*(-0.2211648517274856),0.2847822959208417*signed_axial_position_proxy - 0.1735955636089197*(6.35717263336409*nearest_axial_boundary_fraction_proxy - 1.50609073609435)*(-5.396956044684338*nearest_axial_boundary_fraction_proxy + 7.2459763106469*nearest_radial_boundary_fraction_proxy - 4.80193626540531*rho_fraction_proxy + 1.634204208634812) - 0.1735955636089197*Abs(7.94873136269381*nearest_angular_boundary_fraction_proxy + 7.2459763106469*nearest_radial_boundary_fraction_proxy - 0.82479494141058*theta_sin_within_case_z - 5.1544112626649) + 0.1746748026244346,"[""nearest_angular_boundary_fraction_proxy_scaled"", ""nearest_axial_boundary_fraction_proxy_scaled"", ""nearest_radial_boundary_fraction_proxy_scaled"", ""rho_fraction_proxy_scaled"", ""signed_axial_position_proxy_scaled"", ""theta_sin_within_case_z_scaled""]","Mul(Integer(-1), CONST, Add(Mul(Integer(-1), CONST, Pow(Symbol('nearest_axial_boundary_fraction_proxy_scaled'), Integer(2))), Mul(CONST, Symbol('nearest_axial_boundary_fraction_proxy_scaled'), Symbol('nearest_radial_boundary_fraction_proxy_scaled')), Mul(Integer(-1), CONST, Symbol('nearest_axial_boundary_fraction_proxy_scaled'), Symbol('rho_fraction_proxy_scaled')), Mul(Integer(-1), CONST, Symbol('signed_axial_position_proxy_scaled')), Mul(CONST, Abs(Add(Symbol('nearest_angular_boundary_fraction_proxy_scaled'), Symbol('nearest_radial_boundary_fraction_proxy_scaled'), Mul(Integer(-1), Symbol('theta_sin_within_case_z_scaled')), CONST)))))","{""features"": [""nearest_angular_boundary_fraction_proxy_scaled"", ""nearest_axial_boundary_fraction_proxy_scaled"", ""nearest_radial_boundary_fraction_proxy_scaled"", ""rho_fraction_proxy_scaled"", ""signed_axial_position_proxy_scaled"", ""theta_sin_within_case_z_scaled""], ""operators"": [""Abs"", ""Add"", ""Mul""]}",2,1,warm_start_checkpoint
v10_geometry_residual,v10_i4_geometry_signed_residual_pilot,16,26,0.2890283775537084,0.021484948277325503,(abs(signed_angular_position_proxy_scaled - (nearest_angular_boundary_fraction_proxy_scaled + nearest_radial_boundary_fraction_proxy_scaled)) + ((nearest_axial_boundary_fraction_proxy_scaled * (((nearest_radial_boundary_fraction_proxy_scaled + (nearest_axial_boundary_fraction_proxy_scaled * -0.9093083643943037)) - (nearest_axial_boundary_fraction_proxy_scaled * nearest_radial_boundary_fraction_proxy_scaled)) - rho_fraction_proxy_scaled)) - z_fraction_proxy_scaled)) * -0.21324308035297504,(nearest_axial_boundary_fraction_proxy_scaled*(-nearest_axial_boundary_fraction_proxy_scaled*nearest_radial_boundary_fraction_proxy_scaled + nearest_axial_boundary_fraction_proxy_scaled*(-0.9093083643943037) + nearest_radial_boundary_fraction_proxy_scaled - rho_fraction_proxy_scaled) - z_fraction_proxy_scaled + Abs(nearest_angular_boundary_fraction_proxy_scaled + nearest_radial_boundary_fraction_proxy_scaled - signed_angular_position_proxy_scaled))*(-0.21324308035297504),0.54916369883309637*z_fraction_proxy - 0.1673776480775963*(6.35717263336409*nearest_axial_boundary_fraction_proxy - 1.50609073609435)*(-5.780630249416533*nearest_axial_boundary_fraction_proxy + 7.2459763106469*nearest_radial_boundary_fraction_proxy - 4.80193626540531*rho_fraction_proxy - (6.35717263336409*nearest_axial_boundary_fraction_proxy - 1.50609073609435)*(7.2459763106469*nearest_radial_boundary_fraction_proxy - 2.38325249598573) + 1.725101247106416) - 0.1673776480775963*Abs(7.94873136269381*nearest_angular_boundary_fraction_proxy + 7.2459763106469*nearest_radial_boundary_fraction_proxy - 2.21701884243319*signed_angular_position_proxy - 5.02994608727057) - 0.099241395889629396,"[""nearest_angular_boundary_fraction_proxy_scaled"", ""nearest_axial_boundary_fraction_proxy_scaled"", ""nearest_radial_boundary_fraction_proxy_scaled"", ""rho_fraction_proxy_scaled"", ""signed_angular_position_proxy_scaled"", ""z_fraction_proxy_scaled""]","Mul(Integer(-1), CONST, Add(Mul(Integer(-1), CONST, Pow(Symbol('nearest_axial_boundary_fraction_proxy_scaled'), Integer(2)), Symbol('nearest_radial_boundary_fraction_proxy_scaled')), Mul(Integer(-1), CONST, Pow(Symbol('nearest_axial_boundary_fraction_proxy_scaled'), Integer(2))), Mul(CONST, Symbol('nearest_axial_boundary_fraction_proxy_scaled'), Symbol('nearest_radial_boundary_fraction_proxy_scaled')), Mul(Integer(-1), CONST, Symbol('nearest_axial_boundary_fraction_proxy_scaled'), Symbol('rho_fraction_proxy_scaled')), Mul(Integer(-1), CONST, Symbol('z_fraction_proxy_scaled')), Mul(CONST, Abs(Add(Symbol('nearest_angular_boundary_fraction_proxy_scaled'), Symbol('nearest_radial_boundary_fraction_proxy_scaled'), Mul(Integer(-1), Symbol('signed_angular_position_proxy_scaled')))))))","{""features"": [""nearest_angular_boundary_fraction_proxy_scaled"", ""nearest_axial_boundary_fraction_proxy_scaled"", ""nearest_radial_boundary_fraction_proxy_scaled"", ""rho_fraction_proxy_scaled"", ""signed_angular_position_proxy_scaled"", ""z_fraction_proxy_scaled""], ""operators"": [""Abs"", ""Add"", ""Mul""]}",2,1,warm_start_checkpoint
v10_geometry_residual,v10_i4_geometry_signed_residual_pilot,17,28,0.2882647323268114,0.0013228040647610237,(abs(signed_angular_position_proxy_scaled - (nearest_angular_boundary_fraction_proxy_scaled + nearest_radial_boundary_fraction_proxy_scaled)) + ((nearest_axial_boundary_fraction_proxy_scaled * ((nearest_radial_boundary_fraction_proxy_scaled + (((nearest_axial_boundary_fraction_proxy_scaled * -0.8914732401266852) - (nearest_axial_boundary_fraction_proxy_scaled * nearest_radial_boundary_fraction_proxy_scaled)) - rho_fraction_proxy_scaled)) - rho_fraction_proxy_scaled)) - z_fraction_proxy_scaled)) * -0.17506791571706357,(nearest_axial_boundary_fraction_proxy_scaled*(-nearest_axial_boundary_fraction_proxy_scaled*nearest_radial_boundary_fraction_proxy_scaled + nearest_axial_boundary_fraction_proxy_scaled*(-0.8914732401266852) + nearest_radial_boundary_fraction_proxy_scaled - rho_fraction_proxy_scaled - rho_fraction_proxy_scaled) - z_fraction_proxy_scaled + Abs(nearest_angular_boundary_fraction_proxy_scaled + nearest_radial_boundary_fraction_proxy_scaled - signed_angular_position_proxy_scaled))*(-0.17506791571706357),0.45085141324653584*z_fraction_proxy - 0.13741339666480834*(6.35717263336409*nearest_axial_boundary_fraction_proxy - 1.50609073609435)*(-5.667249285509781*nearest_axial_boundary_fraction_proxy + 7.2459763106469*nearest_radial_boundary_fraction_proxy - 9.60387253081062*rho_fraction_proxy - (6.35717263336409*nearest_axial_boundary_fraction_proxy - 1.50609073609435)*(7.2459763106469*nearest_radial_boundary_fraction_proxy - 2.38325249598573) + 4.437092770894645) - 0.13741339666480834*Abs(7.94873136269381*nearest_angular_boundary_fraction_proxy + 7.2459763106469*nearest_radial_boundary_fraction_proxy - 2.21701884243319*signed_angular_position_proxy - 5.02994608727057) - 0.046877468921631829,"[""nearest_angular_boundary_fraction_proxy_scaled"", ""nearest_axial_boundary_fraction_proxy_scaled"", ""nearest_radial_boundary_fraction_proxy_scaled"", ""rho_fraction_proxy_scaled"", ""signed_angular_position_proxy_scaled"", ""z_fraction_proxy_scaled""]","Mul(Integer(-1), CONST, Add(Mul(Integer(-1), CONST, Pow(Symbol('nearest_axial_boundary_fraction_proxy_scaled'), Integer(2)), Symbol('nearest_radial_boundary_fraction_proxy_scaled')), Mul(Integer(-1), CONST, Pow(Symbol('nearest_axial_boundary_fraction_proxy_scaled'), Integer(2))), Mul(CONST, Symbol('nearest_axial_boundary_fraction_proxy_scaled'), Symbol('nearest_radial_boundary_fraction_proxy_scaled')), Mul(Integer(-1), CONST, Symbol('nearest_axial_boundary_fraction_proxy_scaled'), Symbol('rho_fraction_proxy_scaled')), Mul(Integer(-1), CONST, Symbol('z_fraction_proxy_scaled')), Mul(CONST, Abs(Add(Symbol('nearest_angular_boundary_fraction_proxy_scaled'), Symbol('nearest_radial_boundary_fraction_proxy_scaled'), Mul(Integer(-1), Symbol('signed_angular_position_proxy_scaled')))))))","{""features"": [""nearest_angular_boundary_fraction_proxy_scaled"", ""nearest_axial_boundary_fraction_proxy_scaled"", ""nearest_radial_boundary_fraction_proxy_scaled"", ""rho_fraction_proxy_scaled"", ""signed_angular_position_proxy_scaled"", ""z_fraction_proxy_scaled""], ""operators"": [""Abs"", ""Add"", ""Mul""]}",2,1,warm_start_checkpoint
v10_geometry_residual,v10_i4_geometry_signed_residual_pilot,18,29,0.288089291579692,0.0006087950990570833,(abs(signed_angular_position_proxy_scaled - (nearest_angular_boundary_fraction_proxy_scaled + nearest_radial_boundary_fraction_proxy_scaled)) + ((nearest_axial_boundary_fraction_proxy_scaled * (((nearest_radial_boundary_fraction_proxy_scaled + (nearest_axial_boundary_fraction_proxy_scaled * -0.8882975657494179)) - (nearest_axial_boundary_fraction_proxy_scaled * nearest_radial_boundary_fraction_proxy_scaled)) - rho_fraction_proxy_scaled)) - (z_within_case_z_scaled * 0.7475528673531785))) * -0.22083244501546404,(nearest_axial_boundary_fraction_proxy_scaled*(-nearest_axial_boundary_fraction_proxy_scaled*nearest_radial_boundary_fraction_proxy_scaled + nearest_axial_boundary_fraction_proxy_scaled*(-0.8882975657494179) + nearest_radial_boundary_fraction_proxy_scaled - rho_fraction_proxy_scaled) - 0.7475528673531785*z_within_case_z_scaled + Abs(nearest_angular_boundary_fraction_proxy_scaled + nearest_radial_boundary_fraction_proxy_scaled - signed_angular_position_proxy_scaled))*(-0.22083244501546404),0.12364768899063656*z_within_case_z - 0.17333465266366754*(6.35717263336409*nearest_axial_boundary_fraction_proxy - 1.50609073609435)*(-5.647060975266142*nearest_axial_boundary_fraction_proxy + 7.2459763106469*nearest_radial_boundary_fraction_proxy - 4.80193626540531*rho_fraction_proxy - (6.35717263336409*nearest_axial_boundary_fraction_proxy - 1.50609073609435)*(7.2459763106469*nearest_radial_boundary_fraction_proxy - 2.38325249598573) + 1.69345707790941) - 0.17333465266366754*Abs(7.94873136269381*nearest_angular_boundary_fraction_proxy + 7.2459763106469*nearest_radial_boundary_fraction_proxy - 2.21701884243319*signed_angular_position_proxy - 5.02994608727057) + 0.17930251158798586,"[""nearest_angular_boundary_fraction_proxy_scaled"", ""nearest_axial_boundary_fraction_proxy_scaled"", ""nearest_radial_boundary_fraction_proxy_scaled"", ""rho_fraction_proxy_scaled"", ""signed_angular_position_proxy_scaled"", ""z_within_case_z_scaled""]","Mul(Integer(-1), CONST, Add(Mul(Integer(-1), CONST, Pow(Symbol('nearest_axial_boundary_fraction_proxy_scaled'), Integer(2)), Symbol('nearest_radial_boundary_fraction_proxy_scaled')), Mul(Integer(-1), CONST, Pow(Symbol('nearest_axial_boundary_fraction_proxy_scaled'), Integer(2))), Mul(CONST, Symbol('nearest_axial_boundary_fraction_proxy_scaled'), Symbol('nearest_radial_boundary_fraction_proxy_scaled')), Mul(Integer(-1), CONST, Symbol('nearest_axial_boundary_fraction_proxy_scaled'), Symbol('rho_fraction_proxy_scaled')), Mul(Integer(-1), CONST, Symbol('z_within_case_z_scaled')), Mul(CONST, Abs(Add(Symbol('nearest_angular_boundary_fraction_proxy_scaled'), Symbol('nearest_radial_boundary_fraction_proxy_scaled'), Mul(Integer(-1), Symbol('signed_angular_position_proxy_scaled')))))))","{""features"": [""nearest_angular_boundary_fraction_proxy_scaled"", ""nearest_axial_boundary_fraction_proxy_scaled"", ""nearest_radial_boundary_fraction_proxy_scaled"", ""rho_fraction_proxy_scaled"", ""signed_angular_position_proxy_scaled"", ""z_within_case_z_scaled""], ""operators"": [""Abs"", ""Add"", ""Mul""]}",2,1,warm_start_checkpoint
v10_geometry_residual,v10_i4_geometry_signed_residual_pilot,19,30,0.2835918079930765,0.01573456382890323,(((nearest_axial_boundary_fraction_proxy_scaled * (((nearest_axial_boundary_fraction_proxy_scaled * -0.976084877390621) - (nearest_axial_boundary_fraction_proxy_scaled * nearest_radial_boundary_fraction_proxy_scaled)) + ((nearest_radial_boundary_fraction_proxy_scaled + -0.16281252314711578) - rho_fraction_proxy_scaled))) + abs((theta_sin_scaled - (nearest_angular_boundary_fraction_proxy_scaled + nearest_radial_boundary_fraction_proxy_scaled)) - 0.6141304309709937)) - signed_axial_position_proxy_scaled) * -0.22913532682767995,(nearest_axial_boundary_fraction_proxy_scaled*(-nearest_axial_boundary_fraction_proxy_scaled*nearest_radial_boundary_fraction_proxy_scaled + nearest_axial_boundary_fraction_proxy_scaled*(-0.976084877390621) + nearest_radial_boundary_fraction_proxy_scaled - rho_fraction_proxy_scaled - 0.16281252314711578) - signed_axial_position_proxy_scaled + Abs(nearest_angular_boundary_fraction_proxy_scaled + nearest_radial_boundary_fraction_proxy_scaled - theta_sin_scaled + 0.6141304309709937))*(-0.22913532682767995),0.29504545564483851*signed_axial_position_proxy - 0.17985170741496166*(6.35717263336409*nearest_axial_boundary_fraction_proxy - 1.50609073609435)*(-6.2051400703882*nearest_axial_boundary_fraction_proxy + 7.2459763106469*nearest_radial_boundary_fraction_proxy - 4.80193626540531*rho_fraction_proxy - (6.35717263336409*nearest_axial_boundary_fraction_proxy - 1.50609073609435)*(7.2459763106469*nearest_radial_boundary_fraction_proxy - 2.38325249598573) + 1.6628602115717382) - 0.17985170741496166*Abs(7.94873136269381*nearest_angular_boundary_fraction_proxy + 7.2459763106469*nearest_radial_boundary_fraction_proxy - 6.28231183446972*theta_sin - 2.059967490528764) + 0.17400505924197333,"[""nearest_angular_boundary_fraction_proxy_scaled"", ""nearest_axial_boundary_fraction_proxy_scaled"", ""nearest_radial_boundary_fraction_proxy_scaled"", ""rho_fraction_proxy_scaled"", ""signed_axial_position_proxy_scaled"", ""theta_sin_scaled""]","Mul(Integer(-1), CONST, Add(Mul(Integer(-1), CONST, Pow(Symbol('nearest_axial_boundary_fraction_proxy_scaled'), Integer(2)), Symbol('nearest_radial_boundary_fraction_proxy_scaled')), Mul(Integer(-1), CONST, Pow(Symbol('nearest_axial_boundary_fraction_proxy_scaled'), Integer(2))), Mul(CONST, Symbol('nearest_axial_boundary_fraction_proxy_scaled'), Symbol('nearest_radial_boundary_fraction_proxy_scaled')), Mul(Integer(-1), CONST, Symbol('nearest_axial_boundary_fraction_proxy_scaled'), Symbol('rho_fraction_proxy_scaled')), Mul(Integer(-1), CONST, Symbol('nearest_axial_boundary_fraction_proxy_scaled')), Mul(Integer(-1), CONST, Symbol('signed_axial_position_proxy_scaled')), Mul(CONST, Abs(Add(Symbol('nearest_angular_boundary_fraction_proxy_scaled'), Symbol('nearest_radial_boundary_fraction_proxy_scaled'), Mul(Integer(-1), Symbol('theta_sin_scaled')), CONST)))))","{""features"": [""nearest_angular_boundary_fraction_proxy_scaled"", ""nearest_axial_boundary_fraction_proxy_scaled"", ""nearest_radial_boundary_fraction_proxy_scaled"", ""rho_fraction_proxy_scaled"", ""signed_axial_position_proxy_scaled"", ""theta_sin_scaled""], ""operators"": [""Abs"", ""Add"", ""Mul""]}",2,1,warm_start_checkpoint
v10_geometry_residual,v10_i4_geometry_signed_residual_pilot,20,31,0.2835881083008206,1.3045921231145414e-05,(abs(0.6302624092869279 - (theta_sin_scaled - (nearest_angular_boundary_fraction_proxy_scaled + nearest_radial_boundary_fraction_proxy_scaled))) + (((((-0.14150251380024598 - rho_within_case_z_scaled) + ((nearest_axial_boundary_fraction_proxy_scaled * -0.9969016836361175) - (nearest_radial_boundary_fraction_proxy_scaled * nearest_axial_boundary_fraction_proxy_scaled))) + nearest_radial_boundary_fraction_proxy_scaled) * nearest_axial_boundary_fraction_proxy_scaled) - signed_axial_position_proxy_scaled)) * -0.2273483734533581,(nearest_axial_boundary_fraction_proxy_scaled*(-nearest_axial_boundary_fraction_proxy_scaled*nearest_radial_boundary_fraction_proxy_scaled + nearest_axial_boundary_fraction_proxy_scaled*(-0.9969016836361175) + nearest_radial_boundary_fraction_proxy_scaled - rho_within_case_z_scaled - 0.14150251380024598) - signed_axial_position_proxy_scaled + Abs(0.6302624092869279 - (theta_sin_scaled - (nearest_angular_boundary_fraction_proxy_scaled + nearest_radial_boundary_fraction_proxy_scaled))))*(-0.2273483734533581),0.2927444901855081*signed_axial_position_proxy - 0.1784491012787005*(6.35717263336409*nearest_axial_boundary_fraction_proxy - 1.50609073609435)*(-6.337476101366117*nearest_axial_boundary_fraction_proxy + 7.2459763106469*nearest_radial_boundary_fraction_proxy - 0.8976228724163*rho_within_case_z - (6.35717263336409*nearest_axial_boundary_fraction_proxy - 1.50609073609435)*(7.2459763106469*nearest_radial_boundary_fraction_proxy - 2.38325249598573) - 1.2451288554276956) - 0.1784491012787005*Abs(7.94873136269381*nearest_angular_boundary_fraction_proxy + 7.2459763106469*nearest_radial_boundary_fraction_proxy - 6.28231183446972*theta_sin - 2.04383551221283) + 0.1741552134275362,"[""nearest_angular_boundary_fraction_proxy_scaled"", ""nearest_axial_boundary_fraction_proxy_scaled"", ""nearest_radial_boundary_fraction_proxy_scaled"", ""rho_within_case_z_scaled"", ""signed_axial_position_proxy_scaled"", ""theta_sin_scaled""]","Mul(Integer(-1), CONST, Add(Mul(Integer(-1), CONST, Pow(Symbol('nearest_axial_boundary_fraction_proxy_scaled'), Integer(2)), Symbol('nearest_radial_boundary_fraction_proxy_scaled')), Mul(Integer(-1), CONST, Pow(Symbol('nearest_axial_boundary_fraction_proxy_scaled'), Integer(2))), Mul(CONST, Symbol('nearest_axial_boundary_fraction_proxy_scaled'), Symbol('nearest_radial_boundary_fraction_proxy_scaled')), Mul(Integer(-1), CONST, Symbol('nearest_axial_boundary_fraction_proxy_scaled'), Symbol('rho_within_case_z_scaled')), Mul(Integer(-1), CONST, Symbol('nearest_axial_boundary_fraction_proxy_scaled')), Mul(Integer(-1), CONST, Symbol('signed_axial_position_proxy_scaled')), Mul(CONST, Abs(Add(Symbol('nearest_angular_boundary_fraction_proxy_scaled'), Symbol('nearest_radial_boundary_fraction_proxy_scaled'), Mul(Integer(-1), Symbol('theta_sin_scaled')), CONST)))))","{""features"": [""nearest_angular_boundary_fraction_proxy_scaled"", ""nearest_axial_boundary_fraction_proxy_scaled"", ""nearest_radial_boundary_fraction_proxy_scaled"", ""rho_within_case_z_scaled"", ""signed_axial_position_proxy_scaled"", ""theta_sin_scaled""], ""operators"": [""Abs"", ""Add"", ""Mul""]}",2,1,warm_start_checkpoint
v10_geometry_residual,v10_i4_geometry_signed_residual_pilot,21,32,0.2835455507731834,0.00015007935796501878,(((abs(0.5869923048176713 - (theta_sin_scaled - (nearest_angular_boundary_fraction_proxy_scaled + nearest_radial_boundary_fraction_proxy_scaled))) + (nearest_axial_boundary_fraction_proxy_scaled * ((nearest_radial_boundary_fraction_proxy_scaled + ((nearest_axial_boundary_fraction_proxy_scaled * -1.0349080611280497) - (nearest_radial_boundary_fraction_proxy_scaled * nearest_axial_boundary_fraction_proxy_scaled))) + (-0.1603555135534636 - rho_fraction_proxy_scaled)))) - signed_axial_position_proxy_scaled) - -0.07555219986639332) * -0.2269849148476641,(nearest_axial_boundary_fraction_proxy_scaled*(-nearest_axial_boundary_fraction_proxy_scaled*nearest_radial_boundary_fraction_proxy_scaled + nearest_axial_boundary_fraction_proxy_scaled*(-1.0349080611280497) + nearest_radial_boundary_fraction_proxy_scaled - rho_fraction_proxy_scaled - 0.1603555135534636) - signed_axial_position_proxy_scaled + Abs(0.5869923048176713 - (theta_sin_scaled - (nearest_angular_boundary_fraction_proxy_scaled + nearest_radial_boundary_fraction_proxy_scaled))) - 1*(-0.07555219986639332))*(-0.2269849148476641),0.2922764837396681*signed_axial_position_proxy - 0.1781638172427828*(6.35717263336409*nearest_axial_boundary_fraction_proxy - 1.50609073609435)*(-6.5790892042511333*nearest_axial_boundary_fraction_proxy + 7.2459763106469*nearest_radial_boundary_fraction_proxy - 4.80193626540531*rho_fraction_proxy - (6.35717263336409*nearest_axial_boundary_fraction_proxy - 1.50609073609435)*(7.2459763106469*nearest_radial_boundary_fraction_proxy - 2.38325249598573) + 1.7539102732599077) - 0.1781638172427828*Abs(7.94873136269381*nearest_angular_boundary_fraction_proxy + 7.2459763106469*nearest_radial_boundary_fraction_proxy - 6.28231183446972*theta_sin - 2.087105616682086) + 0.1607250858116832,"[""nearest_angular_boundary_fraction_proxy_scaled"", ""nearest_axial_boundary_fraction_proxy_scaled"", ""nearest_radial_boundary_fraction_proxy_scaled"", ""rho_fraction_proxy_scaled"", ""signed_axial_position_proxy_scaled"", ""theta_sin_scaled""]","Mul(Integer(-1), CONST, Add(Mul(Integer(-1), CONST, Pow(Symbol('nearest_axial_boundary_fraction_proxy_scaled'), Integer(2)), Symbol('nearest_radial_boundary_fraction_proxy_scaled')), Mul(Integer(-1), CONST, Pow(Symbol('nearest_axial_boundary_fraction_proxy_scaled'), Integer(2))), Mul(CONST, Symbol('nearest_axial_boundary_fraction_proxy_scaled'), Symbol('nearest_radial_boundary_fraction_proxy_scaled')), Mul(Integer(-1), CONST, Symbol('nearest_axial_boundary_fraction_proxy_scaled'), Symbol('rho_fraction_proxy_scaled')), Mul(Integer(-1), CONST, Symbol('nearest_axial_boundary_fraction_proxy_scaled')), Mul(Integer(-1), CONST, Symbol('signed_axial_position_proxy_scaled')), Mul(CONST, Abs(Add(Symbol('nearest_angular_boundary_fraction_proxy_scaled'), Symbol('nearest_radial_boundary_fraction_proxy_scaled'), Mul(Integer(-1), Symbol('theta_sin_scaled')), CONST))), CONST))","{""features"": [""nearest_angular_boundary_fraction_proxy_scaled"", ""nearest_axial_boundary_fraction_proxy_scaled"", ""nearest_radial_boundary_fraction_proxy_scaled"", ""rho_fraction_proxy_scaled"", ""signed_axial_position_proxy_scaled"", ""theta_sin_scaled""], ""operators"": [""Abs"", ""Add"", ""Mul""]}",2,1,warm_start_checkpoint
