case_id,case_number,n_elements,predictor_only,fluence_rate_mean,fluence_rate_std,fluence_rate_min,fluence_rate_p95,fluence_rate_max,temperature_mean,temperature_std,temperature_min,temperature_p95,temperature_max,weight_loss_rate_mean,weight_loss_rate_std,weight_loss_rate_min,weight_loss_rate_p95,weight_loss_rate_max,rho_mean,rho_std,rho_min,rho_p95,rho_max,theta_mean,theta_std,theta_min,theta_p95,theta_max,z_mean,z_std,z_min,z_p95,z_max,theta_sin_mean,theta_sin_std,theta_sin_min,theta_sin_p95,theta_sin_max,theta_cos_mean,theta_cos_std,theta_cos_min,theta_cos_p95,theta_cos_max,similarity_group,final_evaluation_signature_sha256
case_00,0,400360,True,3.374108107324151,0.3965987797858587,2.7684240341186523,4.3031721115112305,5.15615701675415,391.8382429592663,18.731862307831484,349.7305908203125,430.2501525878906,448.0808410644531,0.36157725495777115,0.05707516833800404,0.2711150050163269,0.4656359851360321,0.6512529850006104,187.3595039079544,17.36798257826861,130.0807647705078,212.34582138061523,222.96023559570312,0.34418033809143095,0.1412167046844159,0.0075236037373542786,0.5587885409593581,0.7734890580177307,443.3786213854918,256.9225881430683,1.8021700382232666,842.4971343994141,885.3324584960938,0.33400831608056386,0.1313221620809265,0.007523532956838608,0.5301593959331512,0.6986358165740967,0.9320323431902159,0.050086383814199116,0.715477466583252,0.9922997355461121,0.9999716877937317,group_000,5139fe57e964f6d522e388431cd9821fb629a84bee9ff7ec085fdc7e0639f1a4
case_02,2,400360,True,3.513601592494863,0.3476706640379658,2.806001901626587,4.305572032928467,5.132253170013428,385.4642086282502,19.434231628776573,346.4364318847656,428.1654052734375,446.7562255859375,0.34871443879272046,0.061117405270547,0.26337501406669617,0.4914399981498718,0.643435001373291,187.33485911557315,17.37122278596374,130.08270263671875,212.32710647583008,222.87725830078125,0.34420921117841524,0.14122962877106163,0.007522132713347673,0.5588190585374833,0.7734898328781128,443.2570905845444,256.91418565377114,1.7761160135269165,842.3453979492188,885.1262817382812,0.33403479422121646,0.1313343893417502,0.007522061467170715,0.5301852822303772,0.6986363530158997,0.932020917035046,0.050090363778279814,0.715476930141449,0.992300808429718,0.9999716877937317,group_002,5139fe57e964f6d522e388431cd9821fb629a84bee9ff7ec085fdc7e0639f1a4
case_03,3,400360,True,3.402583450155785,0.4027198721084519,2.7662150859832764,4.340968132019043,5.164033889770508,389.5937170389423,18.46439717661783,347.4994812011719,427.96197509765625,447.7882385253906,0.3459012614160952,0.06042905260104307,0.25807300209999084,0.4863240122795105,0.6392269730567932,187.38966488548064,17.371847631562897,130.10098266601562,212.3835678100586,223.03091430664062,0.34418976505123156,0.14122197233942774,0.007520618848502636,0.5587551474571228,0.7734909653663635,443.4281648150318,256.9443946205065,1.7851890325546265,842.5753936767578,885.47216796875,0.3340169790035158,0.13132772462336323,0.007520548067986965,0.5301310837268829,0.6986371874809265,0.9320284465277798,0.050086538178391975,0.7154760956764221,0.9923014044761658,0.9999717473983765,group_003,5139fe57e964f6d522e388431cd9821fb629a84bee9ff7ec085fdc7e0639f1a4
case_04,4,400360,True,3.4195047980053275,0.3976622947759181,2.7474100589752197,4.3432512283325195,5.168923854827881,384.05810933185035,19.312479297191288,348.23065185546875,426.6048278808594,446.256591796875,0.306025197840866,0.03347088406021863,0.26405900716781616,0.38611599802970886,0.6347939968109131,187.39831175070947,17.378239322215606,130.13096618652344,212.41289367675782,222.96824645996094,0.34423794753011533,0.14124322396941474,0.007522029802203178,0.5588796228170395,0.7734917402267456,443.2995475427631,256.9762669094306,1.77646803855896,842.48193359375,885.2408447265625,0.33406098723362454,0.13134619901131328,0.007521959021687508,0.5302366584539413,0.6986377239227295,0.9320094961206662,0.050097225298629235,0.7154756188392639,0.9923008710145951,0.9999716877937317,group_004,5139fe57e964f6d522e388431cd9821fb629a84bee9ff7ec085fdc7e0639f1a4
case_05,5,400360,True,3.422907868535955,0.3975547430700612,2.752068042755127,4.355104923248291,5.169002056121826,395.673832183847,16.20496847326444,348.83831787109375,429.5636291503906,448.4438781738281,0.3064597639322686,0.03283952737253332,0.262594997882843,0.3827829957008362,0.6234350204467773,187.3919311879791,17.370576877281174,130.14242553710938,212.38153228759765,222.9993438720703,0.3441944459403735,0.14120219555782215,0.007522325497120619,0.5587511450052262,0.7734888195991516,443.26004654582874,256.92416135662944,1.7736740112304688,842.3670654296875,885.1341552734375,0.334022272232048,0.131309038902306,0.007522254716604948,0.5301276683807373,0.6986356973648071,0.932029498255578,0.05008065931401898,0.7154775857925415,0.9922989040613175,0.9999716877937317,group_004,5139fe57e964f6d522e388431cd9821fb629a84bee9ff7ec085fdc7e0639f1a4
case_07,7,400360,True,3.437999525374139,0.39870563542820564,2.759000062942505,4.36743688583374,5.1765899658203125,386.0903213914118,18.99249864966305,347.12811279296875,428.2917175292969,447.08551025390625,0.34584765518768074,0.06014963623865387,0.2603890001773834,0.4866490066051483,0.6368979811668396,187.4148773516555,17.37321148786025,130.11471557617188,212.4095344543457,223.06753540039062,0.34418550232706313,0.14122022497259729,0.0075219725258648396,0.5587462365627289,0.7734901309013367,443.4820296371182,256.97228383361823,1.7855550050735474,842.6760925292969,885.5813598632812,0.3340130630274209,0.13132610862003183,0.0075219012796878815,0.5301235437393188,0.6986365914344788,0.9320301104961891,0.05008592680570746,0.7154766917228699,0.9923008680343628,0.9999716877937317,group_003,5139fe57e964f6d522e388431cd9821fb629a84bee9ff7ec085fdc7e0639f1a4
case_08,8,400360,True,3.4210474683540735,0.3976346874814814,2.7540059089660645,4.32596492767334,5.164699077606201,384.5795573278483,19.465967828675055,346.412109375,427.1044006347656,446.50146484375,0.352544560357638,0.0627533788958928,0.2704319953918457,0.502206027507782,0.6631969809532166,187.39379954388096,17.374150431136613,130.0944366455078,212.39120483398438,223.0854949951172,0.3441982728461822,0.14123133662149548,0.007521520368754864,0.5587707191705703,0.7734915018081665,443.464544787559,256.9554745679959,1.788424015045166,842.6403869628906,885.5811157226562,0.3340244938259965,0.13133631162323384,0.007521449588239193,0.5301443248987198,0.6986376047134399,0.9320243544725465,0.05009005309109197,0.7154757380485535,0.9923021197319031,0.9999716877937317,group_003,5139fe57e964f6d522e388431cd9821fb629a84bee9ff7ec085fdc7e0639f1a4
case_09,9,400360,True,3.4234375091803897,0.3982993784653168,2.7625479698181152,4.3535847663879395,5.172739028930664,385.6747040517538,19.081643100725245,346.5308532714844,427.4900207519531,447.22784423828125,0.35212403041688295,0.06336939743813103,0.2702910006046295,0.50177001953125,0.6654319763183594,187.4042606345375,17.372967606086473,130.10385131835938,212.3976448059082,223.0673065185547,0.34418851734344874,0.14122453485577086,0.007521539926528931,0.5587512791156769,0.7734906077384949,443.4830515394783,256.9603969397987,1.7886970043182373,842.6586944580079,885.5892944335938,0.3340156851937837,0.13133012138739134,0.00752146914601326,0.5301278084516525,0.6986369490623474,0.9320285272356787,0.050087380941488575,0.715476393699646,0.9923012256622314,0.9999716877937317,group_003,5139fe57e964f6d522e388431cd9821fb629a84bee9ff7ec085fdc7e0639f1a4
case_22,22,400360,True,3.4392846226346805,0.40036251765254216,2.755073070526123,4.340704917907715,5.188551902770996,446.5657213085859,13.250012935367334,356.3640441894531,450.9721984863281,451.84124755859375,0.2730300072112728,0.0358203153154229,0.25906500220298767,0.3470369875431061,0.6365200281143188,187.44251845420115,17.365204862798475,130.1468963623047,212.40928497314454,223.15492248535156,0.34412649600590367,0.14111078543511885,0.0075265709310770035,0.5582856476306916,0.7734821438789368,443.1946530222866,256.8780649033721,1.7534290552139282,842.2713073730469,884.9236450195312,0.33396304821066825,0.13122518837953226,0.007526499684900045,0.5297329187393188,0.6986308693885803,0.9320643600977518,0.0500465890190411,0.7154822945594788,0.9922935992479325,0.9999716877937317,group_015,5139fe57e964f6d522e388431cd9821fb629a84bee9ff7ec085fdc7e0639f1a4
case_23,23,400360,True,3.075800532410464,0.2265657550053212,2.748379945755005,3.6066389083862305,5.078250885009766,365.93655990187443,13.025661684375264,345.0306396484375,396.1295166015625,431.97589111328125,0.4425824847733752,0.04900432113823614,0.2931939959526062,0.52674400806427,0.6661019921302795,186.9328892772521,17.392423980244022,129.662109375,211.94984588623046,222.2937469482422,0.34452330664740544,0.14137245236224683,0.007519278675317764,0.55904900431633,0.7735115885734558,441.8335586418024,256.51885211562245,1.3508139848709106,840.2666625976562,882.3026123046875,0.33432133688149973,0.13145767168997147,0.0075192078948020935,0.5303802341222763,0.6986519694328308,0.9318968148537122,0.050164238022346104,0.7154616713523865,0.9923014760017395,0.9999717473983765,group_016,5139fe57e964f6d522e388431cd9821fb629a84bee9ff7ec085fdc7e0639f1a4
case_26,26,400360,True,3.660915607638573,0.19822702108879392,2.888137102127075,4.06333589553833,5.142047882080078,392.0674717595473,17.732127427379663,349.6444091796875,423.9156188964844,447.2745056152344,0.2736841937243635,0.035648070024828386,0.2590219974517822,0.345786988735199,0.6296679973602295,187.04369060113507,17.375258894833507,129.9817352294922,212.0147705078125,222.4073486328125,0.3443478651754806,0.14129281524074241,0.0075243632309138775,0.5590371787548065,0.7734946608543396,442.247665499005,256.6437672789194,1.6975829601287842,840.8756744384766,883.141357421875,0.3341613249913421,0.13138923899057353,0.007524291984736919,0.5303701996803284,0.6986398100852966,0.9319661144519653,0.050122234190987144,0.7154735326766968,0.9922993183135986,0.9999716877937317,group_018,5139fe57e964f6d522e388431cd9821fb629a84bee9ff7ec085fdc7e0639f1a4
case_31,31,400360,True,4.229740827702204,0.1681827099361242,3.296231985092163,4.480955123901367,5.223758220672607,446.71809085385166,13.909831739211413,355.0830993652344,451.4262390136719,452.4864501953125,0.35927783472874575,0.06272810645274723,0.27973300218582153,0.5076599717140198,0.6625499725341797,187.6652775854697,17.40582817062554,130.346435546875,212.69777374267576,223.152587890625,0.34421048446174407,0.14111987200600182,0.007527191191911697,0.5581200122833252,0.7734823822975159,443.6784692421646,257.2744185287975,1.7346739768981934,843.3175750732422,885.66748046875,0.33404097341274064,0.13123031067019295,0.007527120411396027,0.5295924454927444,0.6986310482025146,0.9320350744491965,0.0500585021336414,0.7154821157455444,0.9922863900661468,0.9999716877937317,group_022,5139fe57e964f6d522e388431cd9821fb629a84bee9ff7ec085fdc7e0639f1a4
case_33,33,400360,True,3.414597872313782,0.3979391736867787,2.7629098892211914,4.318644046783447,5.172939777374268,357.29927466891127,10.703727193402678,344.50250244140625,370.88958740234375,432.2895812988281,0.3508968473231117,0.02987202499628586,0.31325599551200867,0.4087260067462921,0.6525769829750061,187.36055684051072,17.397158420617902,130.17132568359375,212.38650131225586,222.75384521484375,0.34435636723937785,0.14124750275579834,0.00752206752076745,0.559067890048027,0.7734986543655396,442.7185624195212,256.8232952766538,1.7441890239715576,841.638916015625,883.9711303710938,0.3341712745354922,0.13134567649818826,0.0075219967402517796,0.5303962618112564,0.6986427307128906,0.9319693078224697,0.050110694776782226,0.7154707312583923,0.9922977685928345,0.9999716877937317,group_024,5139fe57e964f6d522e388431cd9821fb629a84bee9ff7ec085fdc7e0639f1a4
case_37,37,400360,True,3.076756550146395,0.2271958402413014,2.7462239265441895,3.6102559566497803,5.078359127044678,414.60981560809137,11.828325960560722,355.0357666015625,434.8481140136719,449.45904541015625,0.5287749895254851,0.042755419091730994,0.30638301372528076,0.5923330187797546,0.6821969747543335,186.6537772057547,17.345048981681664,129.6735076904297,211.58404693603515,222.01890563964844,0.34437857616202255,0.14131181097098497,0.007524263579398394,0.5591312050819397,0.7734984159469604,441.55931984488575,256.2604188614037,1.6141129732131958,839.5932067871094,881.8245849609375,0.334189096968976,0.13140595329518864,0.007524192798882723,0.5304498702287674,0.6986425518989563,0.9319533164975932,0.050131216627596675,0.7154709100723267,0.99229955971241,0.9999716877937317,group_028,5139fe57e964f6d522e388431cd9821fb629a84bee9ff7ec085fdc7e0639f1a4
case_38,38,400360,True,4.806645055550392,0.23437803290023493,3.268510103225708,5.021553993225098,5.300340175628662,442.8034414699378,11.404420568057795,360.2724914550781,448.9698791503906,451.7891845703125,0.4049991392740325,0.04907644798933039,0.3285369873046875,0.5063660144805908,0.6609269976615906,188.98621533241695,17.499375132264163,131.15611267089844,214.14926452636718,224.81866455078125,0.3440550870620242,0.14093161388144942,0.007527999579906464,0.5571869909763335,0.7734731435775757,446.0124266572719,258.50088119220766,1.717689037322998,847.6062042236329,890.18896484375,0.3339045155388679,0.13105780352051044,0.007527928799390793,0.5288007557392119,0.6986244320869446,0.9321120339836294,0.04998782526527249,0.7154885530471802,0.992250633239746,0.9999716877937317,group_029,5139fe57e964f6d522e388431cd9821fb629a84bee9ff7ec085fdc7e0639f1a4
case_41,41,400360,True,3.4606692700134025,0.401986195663868,2.748927116394043,4.406187057495117,5.184000015258789,433.34560805675284,10.64945124416809,358.2958679199219,445.913818359375,450.39501953125,0.358526404455523,0.05772868042514789,0.2651210129261017,0.4882729947566986,0.6518890261650085,187.47883611109864,17.357960658094076,130.0843048095703,212.437247467041,223.2781982421875,0.3440431706817876,0.14108189465947435,0.007525525987148285,0.5581703215837478,0.773479700088501,443.4996529867875,256.88881909409673,1.773406982421875,842.6054107666016,885.4441528320312,0.33388655482598895,0.13120051850150977,0.007525455206632614,0.5296350896358489,0.6986291408538818,0.9320960823039705,0.05003084915367797,0.7154839634895325,0.992294430732727,0.9999716877937317,group_032,5139fe57e964f6d522e388431cd9821fb629a84bee9ff7ec085fdc7e0639f1a4
case_46,46,400360,True,3.3988831290689925,0.4041992949812288,2.755197048187256,4.339306831359863,5.163165092468262,389.40420857800245,18.57064202058332,347.47821044921875,427.8923645019531,447.77716064453125,0.31461449761480725,0.03169554537439021,0.2705569863319397,0.39130699634552,0.617160975933075,187.3925700830739,17.37383782591567,130.1350555419922,212.39609298706054,222.95303344726562,0.3442154634046181,0.14122813069168497,0.00752019789069891,0.5588218182325363,0.7734917402267456,443.2653427645488,256.96146365231317,1.769428014755249,842.424560546875,885.1537475585938,0.33404070202786745,0.13133281020131207,0.007520126644521952,0.5301876217126846,0.6986377835273743,0.9320190211970354,0.05009038412511915,0.7154755592346191,0.9923009276390076,0.9999717473983765,group_004,5139fe57e964f6d522e388431cd9821fb629a84bee9ff7ec085fdc7e0639f1a4
case_50,50,400360,True,4.067579442774193,0.3006772366416465,3.019921064376831,4.686339855194092,5.235249996185303,385.04349630620527,19.55584961026048,346.3605651855469,427.645263671875,446.5792236328125,0.35783773391250845,0.04190937352395304,0.2887209951877594,0.4440940022468567,0.6308760046958923,187.73493526148883,17.377629179962575,130.278076171875,212.7207649230957,223.4706573486328,0.3440277378724141,0.14107759422569247,0.00752715440467,0.5579991370439529,0.7734729051589966,443.93850985061385,257.2236817781499,1.753788948059082,843.5547729492188,886.447998046875,0.33387241095774806,0.1311975563011164,0.007527083158493042,0.5294899106025696,0.6986242532730103,0.9321017886621872,0.0500266924716782,0.7154887318611145,0.9922941327095032,0.9999716877937317,group_038,5139fe57e964f6d522e388431cd9821fb629a84bee9ff7ec085fdc7e0639f1a4
case_53,53,400360,True,3.4485503193190885,0.3983115057391112,2.7713980674743652,4.375607013702393,5.177451133728027,441.08545424352457,11.149322512635921,360.65899658203125,448.67230224609375,452.87530517578125,0.3557967138958568,0.05832838105677914,0.2656260132789612,0.4908379912376404,0.6397250294685364,187.48333488058074,17.35790369192626,130.0861053466797,212.43973388671876,223.23040771484375,0.3440396218833815,0.14107406780837295,0.007524906191974878,0.5581285595893857,0.7734796404838562,443.48642548271437,256.890384241556,1.7712010145187378,842.5916137695312,885.3717041015625,0.3338836018289699,0.13119325671575743,0.00752483494579792,0.5295997023582456,0.6986290812492371,0.9320983071129917,0.05002814982483699,0.7154840230941772,0.9922939538955688,0.9999716877937317,group_032,5139fe57e964f6d522e388431cd9821fb629a84bee9ff7ec085fdc7e0639f1a4
case_55,55,400360,True,3.389665293734037,0.40417857696952236,2.748042106628418,4.314602851867676,5.1642961502075195,422.64806863764016,10.885782233649834,352.2539367675781,440.8162841796875,450.22332763671875,0.36193722849340515,0.055834056873775954,0.28083398938179016,0.49570199847221375,0.6478559970855713,187.40600216560924,17.35683732446747,130.0739288330078,212.36858825683592,223.269287109375,0.34408683663627176,0.14111432212728614,0.007523227948695421,0.5583217561244964,0.7734839916229248,443.3140432770027,256.83174410091465,1.7636170387268066,842.33203125,885.1898803710938,0.3339258489249217,0.13122979912227628,0.0075231571681797504,0.5297635614871978,0.6986322402954102,0.9320771651273841,0.050044235206053944,0.7154809832572937,0.9922959804534912,0.9999716877937317,group_042,5139fe57e964f6d522e388431cd9821fb629a84bee9ff7ec085fdc7e0639f1a4
case_65,65,400360,True,4.538838003203161,0.2660498914399322,3.056925058364868,4.937808990478516,5.304224014282227,353.5012640948586,11.061437563621299,341.42303466796875,367.91693115234375,431.6269836425781,0.3488562895970836,0.06145558994227031,0.25943198800086975,0.49135100841522217,0.6472749710083008,187.7275736519978,17.41329978360762,130.37417602539062,212.76635971069337,223.3448028564453,0.34422827286867386,0.14112794405090917,0.007527006324380636,0.5582487106323242,0.7734861373901367,443.51063008963354,257.14677196799886,1.7398829460144043,842.9895629882812,885.45068359375,0.33405719599709244,0.13123721173102093,0.007526935078203678,0.5297015726566314,0.6986337304115295,0.9320280550120892,0.05006284710915565,0.7154794931411743,0.9922852635383606,0.9999716877937317,group_051,5139fe57e964f6d522e388431cd9821fb629a84bee9ff7ec085fdc7e0639f1a4
case_70,70,400360,True,3.4070290836281254,0.40209345618922027,2.7657310962677,4.34499979019165,5.164669036865234,369.53432994289517,14.276267948321939,346.14227294921875,404.693603515625,432.1348876953125,0.3221154342903959,0.03619903052025529,0.2651529908180237,0.40843498706817627,0.599403977394104,187.32823355837962,17.38823038551355,130.09161376953125,212.350813293457,222.83200073242188,0.3443399531331573,0.14126082665868506,0.007520763669162989,0.5590752363204956,0.7734994292259216,442.9335139009476,256.8586755386568,1.7643840312957764,841.9216339111329,884.4119262695312,0.3341553352890268,0.1313588076250445,0.007520692422986031,0.5304024815559387,0.6986432075500488,0.9319730353837473,0.05011324051288366,0.7154701948165894,0.9923002123832703,0.9999717473983765,group_055,5139fe57e964f6d522e388431cd9821fb629a84bee9ff7ec085fdc7e0639f1a4
case_76,76,400360,True,3.4639584363620473,0.4019340929967001,2.780198097229004,4.410873889923096,5.182711124420166,360.3962047243418,11.426462888957028,343.0609130859375,383.0381774902344,431.86376953125,0.3573416876351039,0.05540359130044905,0.2681039869785309,0.49414101243019104,0.6212130188941956,187.32055732989267,17.392924410829544,130.0890655517578,212.34153900146484,222.80435180664062,0.3443490820186422,0.14125706965926474,0.007520209066569805,0.5590941369533539,0.7735002040863037,442.83552900186453,256.8219948216311,1.7572510242462158,841.7660552978516,884.1655883789062,0.33416403121496063,0.1313549078055199,0.007520138286054134,0.530418461561203,0.6986438035964966,0.9319704792608282,0.050113014785137494,0.7154696583747864,0.9922996759414673,0.9999717473983765,group_061,5139fe57e964f6d522e388431cd9821fb629a84bee9ff7ec085fdc7e0639f1a4
case_80,80,400360,True,3.3660409332286445,0.3528933230705675,2.7701408863067627,4.1820478439331055,5.12334680557251,351.41064555998724,11.405775681732333,341.5484924316406,368.7080078125,431.5703125,0.4079335013408024,0.048756034696353284,0.31908100843429565,0.5087760090827942,0.6592249870300293,187.28120540280074,17.39838269766395,130.099365234375,212.32898025512696,222.64212036132812,0.34439905575709184,0.141269888237205,0.007519646547734737,0.5590830564498901,0.7735031247138977,442.5143151320034,256.74859428429386,1.736780047416687,841.3084747314454,883.474609375,0.334210074061663,0.13136517020909474,0.007519575301557779,0.5304090499877929,0.6986458897590637,0.9319520498223686,0.05012180429081398,0.715467631816864,0.9922989636659623,0.9999717473983765,group_065,5139fe57e964f6d522e388431cd9821fb629a84bee9ff7ec085fdc7e0639f1a4
case_88,88,400360,True,3.4312049936135818,0.4015466044897607,2.7706379890441895,4.368343830108643,5.1793951988220215,405.72581853699836,13.581079007465464,350.5965881347656,433.6592102050781,449.123046875,0.3652474960874446,0.05660758678029543,0.2813960015773773,0.5064759850502014,0.6472370028495789,187.42234781676686,17.360083989707842,130.1018829345703,212.39315795898438,223.21644592285156,0.34410111282514616,0.1411394454290275,0.007523116189986467,0.5584268242120741,0.773485004901886,443.3967602127236,256.884503092619,1.7678569555282593,842.4785247802735,885.3951416015625,0.33393802350836493,0.13125303002056643,0.007523044943809509,0.5298527061939239,0.6986328959465027,0.9320690557933828,0.05005310985074554,0.7154803276062012,0.9922975897789001,0.9999716877937317,group_042,5139fe57e964f6d522e388431cd9821fb629a84bee9ff7ec085fdc7e0639f1a4
case_90,90,400360,True,3.400073378183039,0.37261808884472103,2.7564239501953125,4.2602009773254395,5.122852802276611,382.82797187365355,18.96182177597606,347.60638427734375,424.71832275390625,445.9610595703125,0.4622869630116708,0.047287584670489664,0.2958599925041199,0.5413879752159119,0.6699810028076172,187.29173416322922,17.360666543752558,130.04721069335938,212.27374420166015,222.88844299316406,0.3442031862730429,0.14120769307708492,0.00752096576616168,0.5587772846221923,0.7734891772270203,443.19359956451325,256.85069872369206,1.7811709642410278,842.1855499267579,885.01171875,0.3340301712226784,0.13131385614581007,0.0075208949856460094,0.5301498293876648,0.6986358761787415,0.9320258467374166,0.05008329961662617,0.7154773473739624,0.9922998577356339,0.9999717473983765,group_072,5139fe57e964f6d522e388431cd9821fb629a84bee9ff7ec085fdc7e0639f1a4
case_103,103,400360,True,4.339506973349878,0.27899645355600694,3.0151379108428955,4.8310041427612305,5.276573181152344,390.3038883394837,18.68286123473922,345.99969482421875,431.709716796875,445.12786865234375,0.40564945816564946,0.04936315218105137,0.3166239857673645,0.506941020488739,0.6606789827346802,188.06127292889556,17.39402456864276,130.4527130126953,213.05174484252927,223.90484619140625,0.3439346060468558,0.14098218068947424,0.007531077601015568,0.5574018508195876,0.7734638452529907,444.5195044784541,257.494812634762,1.739096999168396,844.5674438476562,887.5555419921875,0.33378983643982985,0.13111067689478156,0.00753100635483861,0.5289831429719924,0.6986177563667297,0.9321455877755521,0.049989385752042356,0.7154950499534607,0.9922798335552215,0.9999716281890869,group_081,5139fe57e964f6d522e388431cd9821fb629a84bee9ff7ec085fdc7e0639f1a4
case_108,108,400360,True,3.6610216053564333,0.355123567324996,2.8566720485687256,4.467981815338135,5.184998035430908,391.21672399747456,18.514702958738802,348.6625671386719,431.9697265625,443.92230224609375,0.35125638195560555,0.06257564535823935,0.26987600326538086,0.49938899278640747,0.6626150012016296,187.46590169616388,17.368710111893417,130.1195831298828,212.44595336914062,223.14593505859375,0.34411239786779013,0.14115974887627683,0.007523300591856241,0.5584617167711257,0.7734825611114502,443.5642532131504,256.9778736607938,1.7726720571517944,842.7867462158204,885.7247924804688,0.33394762716941595,0.13127176972047447,0.007523229345679283,0.5298822075128554,0.6986311674118042,0.9320625879658794,0.05006033343977658,0.7154819965362549,0.9922982454299927,0.9999716877937317,group_085,5139fe57e964f6d522e388431cd9821fb629a84bee9ff7ec085fdc7e0639f1a4
case_112,112,400360,True,3.417526579903656,0.398621886497686,2.7675399780273438,4.352919101715088,5.166000843048096,383.58354235033687,18.734314504680704,346.5842590332031,423.76593017578125,445.6597595214844,0.536444926924705,0.04269907042898526,0.3076770007610321,0.5988079905509949,0.6840869784355164,187.39012623544053,17.35027862028667,130.07485961914062,212.3560676574707,223.1293182373047,0.3441091026118662,0.14113526101842933,0.0075219543650746346,0.5584561020135879,0.7734835743904114,443.43460328840825,256.87858843085536,1.7873990535736084,842.5,885.4988403320312,0.33394565343088256,0.1312486435548952,0.0075218831188976765,0.5298774927854537,0.6986318826675415,0.9320669451268989,0.0500530104553478,0.7154812812805176,0.992297711968422,0.9999716877937317,group_088,5139fe57e964f6d522e388431cd9821fb629a84bee9ff7ec085fdc7e0639f1a4
case_113,113,400360,True,3.4587296886131567,0.4015573740201712,2.785231113433838,4.402708053588867,5.1841301918029785,391.67158250506674,18.276790081573903,349.4798583984375,431.2522277832031,444.0272216796875,0.3577572602047312,0.0559295254579409,0.26815199851989746,0.493817001581192,0.6236850023269653,187.40737909581327,17.369945554091576,130.11817932128906,212.38922195434571,223.08160400390625,0.3441633342981028,0.14119690969365065,0.007521254010498524,0.5586710572242737,0.7734881043434143,443.4414610003854,256.946467568652,1.7704960107803345,842.6015655517579,885.4990844726562,0.33399346820915415,0.1313050705578539,0.007521182764321566,0.530059778690338,0.6986351609230042,0.9320406137120832,0.05007630246469289,0.7154781222343445,0.9923002749681473,0.9999716877937317,group_089,5139fe57e964f6d522e388431cd9821fb629a84bee9ff7ec085fdc7e0639f1a4
case_123,123,400360,True,3.368288706189591,0.35216925074616645,2.769001007080078,4.180802822113037,5.123009204864502,368.2379313933622,14.806386735737254,348.7608642578125,403.6097717285156,439.80908203125,0.34790326715742437,0.06024116077828129,0.26482900977134705,0.49037501215934753,0.6392509937286377,187.27244209966432,17.386749794725418,130.03546142578125,212.27426528930664,222.72836303710938,0.34436697207247224,0.14128404946777035,0.007522678934037685,0.5590540915727615,0.7735083103179932,442.8987932570067,256.83940731375986,1.7715870141983032,841.8403961181641,884.4413452148438,0.33417950963560483,0.1313799170532025,0.007522608153522015,0.5303845435380935,0.6986495852470398,0.9319608996133667,0.050122393905572285,0.7154639959335327,0.9922972321510315,0.9999716877937317,group_095,5139fe57e964f6d522e388431cd9821fb629a84bee9ff7ec085fdc7e0639f1a4
case_126,126,400360,True,3.424189413033328,0.39699429868255387,2.761198043823242,4.346402168273926,5.167457103729248,377.54791543933703,11.997283771861486,350.47198486328125,402.2124328613281,439.786376953125,0.32867472613890436,0.039171304482774345,0.26241400837898254,0.41342198848724365,0.6256620287895203,187.37877895299198,17.37834251869333,130.13597106933594,212.38173141479493,222.8981170654297,0.34423828404689644,0.14122606245066183,0.007522679399698973,0.5588594079017639,0.7734950184822083,443.1120339474489,256.8987854592367,1.7763129472732544,842.1664520263672,884.859375,0.334062089889297,0.1313299843503603,0.007522608619183302,0.5302194386720658,0.6986401081085205,0.9320116617089981,0.05009209195330236,0.7154732942581177,0.9922985434532166,0.9999716877937317,group_098,5139fe57e964f6d522e388431cd9821fb629a84bee9ff7ec085fdc7e0639f1a4
case_131,131,400360,True,3.352003227688952,0.3541356452981633,2.746488094329834,4.1649909019470215,5.114704132080078,367.29799245376427,14.718939260980683,347.809814453125,402.53814697265625,439.66351318359375,0.35796737787082533,0.06065955757878551,0.2747650146484375,0.5001509785652161,0.6477370262145996,187.2725347397151,17.386389675489063,130.03282165527344,212.2725402832031,222.730224609375,0.3443647953103293,0.14128367248872598,0.00752234598621726,0.5590530723333359,0.7735071182250977,442.90051814357156,256.8373487055389,1.772807002067566,841.8380767822266,884.4468383789062,0.3341774886749204,0.13137959363610927,0.00752227520570159,0.5303837120532989,0.6986487507820129,0.9319616806011051,0.05012219478197676,0.7154648303985596,0.9922971725463867,0.9999716877937317,group_095,5139fe57e964f6d522e388431cd9821fb629a84bee9ff7ec085fdc7e0639f1a4
case_132,132,400360,True,3.867623906345655,0.3244735840674283,2.943481922149658,4.575310230255127,5.2082600593566895,361.20372577704967,10.831607309743582,346.9159851074219,386.6640930175781,434.6773986816406,0.3607079395131639,0.052684396202817806,0.27710598707199097,0.5001459717750549,0.6125620007514954,187.4632904694552,17.38420072838204,130.20484924316406,212.46715545654297,222.9940948486328,0.34423042624431505,0.1411855520102808,0.007526099216192961,0.558673557639122,0.773492693901062,443.21820719938603,256.9603174669908,1.7597830295562744,842.3922149658204,885.0457763671875,0.3340566239408103,0.1312920530745121,0.007526027970016003,0.530061912536621,0.6986384391784668,0.9320196662736482,0.050079041688194985,0.7154749035835266,0.9922940135002136,0.9999716877937317,group_100,5139fe57e964f6d522e388431cd9821fb629a84bee9ff7ec085fdc7e0639f1a4
case_134,134,400360,True,3.573578889816121,0.3703384803674914,2.820449113845825,4.42370080947876,5.1766180992126465,367.4038481010401,11.587195498450976,349.4971008300781,398.29754638671875,424.0448303222656,0.3591439451826168,0.06090677065134383,0.2721560001373291,0.5015419721603394,0.6515780091285706,187.34988791234892,17.382579018612578,130.12521362304688,212.34137573242188,222.9141082763672,0.34426188112543804,0.14122673812800687,0.0075218393467366695,0.5588685482740402,0.7734965682029724,443.07960060197627,256.8658362133298,1.7629330158233643,842.0919830322266,884.7583618164062,0.33408407648249855,0.1313296814791091,0.0075217681005597115,0.5302272260189056,0.6986411809921265,0.9320036793689483,0.050094772535917584,0.7154722213745117,0.9922981858253479,0.9999716877937317,group_102,5139fe57e964f6d522e388431cd9821fb629a84bee9ff7ec085fdc7e0639f1a4
case_135,135,400360,True,3.2885556997935104,0.31812168934677343,2.7535030841827393,4.016272068023682,5.103894233703613,363.07210392421723,10.306239814132995,346.62371826171875,387.9169921875,426.46685791015625,0.3487778747072228,0.05587944083771605,0.27723801136016846,0.4809589982032776,0.6449859738349915,187.15683016632687,17.396761791416612,129.94033813476562,212.1609313964844,222.53793334960938,0.3444585352611804,0.14133475149477293,0.007522023282945156,0.5591052353382111,0.773508608341217,442.4619331034235,256.75171956391193,1.6252379417419434,841.2427368164062,883.5291137695312,0.33426266172623625,0.13142469530026163,0.007521952036768198,0.5304278880357742,0.6986498236656189,0.9319235002149509,0.0501459101177459,0.7154638171195984,0.9922981262207031,0.9999716877937317,group_103,5139fe57e964f6d522e388431cd9821fb629a84bee9ff7ec085fdc7e0639f1a4
case_138,138,400360,True,3.646189056360849,0.35759086668898715,2.850358009338379,4.46113395690918,5.18345308303833,365.2697066158524,10.51311580782142,349.498291015625,393.1558837890625,421.4848937988281,0.3525456497880983,0.06142843749192094,0.2676970064640045,0.4967299997806549,0.6558110117912292,187.35898662616304,17.38449883746992,130.1371307373047,212.35771942138672,222.89324951171875,0.3442666237304362,0.14122525996333596,0.007522258907556534,0.558856764435768,0.773495614528656,443.0677777145781,256.873231599105,1.762650966644287,842.0931427001954,884.7251586914062,0.33408858728924956,0.13132822974324157,0.007522188127040863,0.5302172273397445,0.6986405253410339,0.9320022829016172,0.05009447631162723,0.7154728770256042,0.9922979474067688,0.9999716877937317,group_105,5139fe57e964f6d522e388431cd9821fb629a84bee9ff7ec085fdc7e0639f1a4
case_140,140,400360,True,3.797483612719515,0.33432320615760347,2.9142849445343018,4.534465789794922,5.199546813964844,369.3390599845637,12.843689851169515,349.2165222167969,402.76806640625,432.99981689453125,0.3596436178717583,0.05179539240414278,0.2804810106754303,0.49837198853492737,0.6051260232925415,187.433029068356,17.379639224857407,130.18878173828125,212.42565689086913,223.05447387695312,0.34420450883173703,0.14117801940211006,0.007524991407990456,0.5586109727621078,0.7734907269477844,443.228180658086,256.92645079107234,1.7496229410171509,842.3516265869141,885.048583984375,0.3340327786837379,0.13128585156354441,0.007524920627474785,0.5300088047981262,0.6986370086669922,0.9320293394769985,0.05007432814812129,0.7154762744903564,0.9922950863838196,0.9999716877937317,group_107,5139fe57e964f6d522e388431cd9821fb629a84bee9ff7ec085fdc7e0639f1a4
case_149,149,400360,True,3.4059423715778374,0.38162810546093473,2.757343053817749,4.29272985458374,5.138607978820801,380.331708010642,11.625916796997688,361.916259765625,404.2888488769531,439.25244140625,0.3429635153026154,0.047382099395782536,0.2671869993209839,0.44787999987602234,0.6271960139274597,187.22198767435754,17.377902869733088,130.04197692871094,212.20001373291015,222.69705200195312,0.3443116911706206,0.14125742490658508,0.007518148981034756,0.5590150058269501,0.7735013365745544,442.73208373150146,256.76974645975264,1.7407519817352295,841.5731872558594,884.0322875976562,0.3341291524223483,0.13135685848505918,0.007518078200519085,0.5303513675928115,0.6986445784568787,0.9319829350095646,0.050108822637842144,0.7154688835144043,0.9923000931739807,0.9999717473983765,group_115,5139fe57e964f6d522e388431cd9821fb629a84bee9ff7ec085fdc7e0639f1a4
case_152,152,400360,True,3.4639682368734808,0.4014155329464271,2.7591660022735596,4.4069318771362305,5.185136795043945,406.042567085741,10.217841171234792,355.7591247558594,421.7657165527344,444.45458984375,0.3511653073041967,0.06098978649876587,0.26611998677253723,0.49487099051475525,0.6495779752731323,187.3789229959836,17.360950747463093,130.08111572265625,212.3420738220215,223.0420379638672,0.34411242388669017,0.14115318788685793,0.0075238714925944805,0.5584665983915329,0.7734856605529785,443.2921595135734,256.84899577004916,1.7803360223770142,842.3095733642579,885.2595825195312,0.3339479578154999,0.13126562691691673,0.00752380071207881,0.5298864036798477,0.6986333727836609,0.9320634472656291,0.05005823539630623,0.715479850769043,0.9922971129417419,0.9999716877937317,group_118,5139fe57e964f6d522e388431cd9821fb629a84bee9ff7ec085fdc7e0639f1a4
case_160,160,400360,True,4.184346000230423,0.2899434784661401,3.0147910118103027,4.742589950561523,5.251800060272217,380.2894708598931,11.591277155880531,361.702880859375,404.0438232421875,438.78619384765625,0.35700279791844164,0.05242488990351927,0.2733139991760254,0.49443501234054565,0.5992270112037659,187.62110665384523,17.38601770535224,130.23699951171875,212.6100830078125,223.34298706054688,0.3441178986557421,0.14109764534708988,0.007525678724050522,0.5580793172121047,0.7734816670417786,443.5518145024866,257.07661462848364,1.7274169921875,842.9459381103516,885.6890258789062,0.3339556041640496,0.1312128352645856,0.007525607943534851,0.5295579344034194,0.6986305713653564,0.932068990697238,0.050042411169149224,0.7154825925827026,0.992292407155037,0.9999716877937317,group_125,5139fe57e964f6d522e388431cd9821fb629a84bee9ff7ec085fdc7e0639f1a4
case_161,161,400360,True,3.4202185277827364,0.39770112909230004,2.7461349964141846,4.344242095947266,5.169221878051758,438.67180740092704,11.230163024598495,362.9317321777344,445.7730712890625,451.61846923828125,0.3335092227863186,0.05006047755751785,0.26409199833869934,0.45103099942207336,0.6272000074386597,187.42022448690375,17.359704159219184,130.07655334472656,212.37953491210936,223.12680053710938,0.3440853057719064,0.1411170311439565,0.007524666842073202,0.5582854568958282,0.7734825611114502,443.33469539726843,256.8742122344046,1.7722430229187012,842.4101684570312,885.3820190429688,0.33392430792862815,0.13123246213191245,0.007524595595896244,0.5297327309846878,0.6986311674118042,0.9320773153393963,0.05004473768440948,0.7154819965362549,0.9922949075698853,0.9999716877937317,group_126,5139fe57e964f6d522e388431cd9821fb629a84bee9ff7ec085fdc7e0639f1a4
case_162,162,400360,True,3.568811347160869,0.3708173837225003,2.817322015762329,4.41287088394165,5.176116943359375,368.18289771017606,13.982061936857683,346.96575927734375,400.5555419921875,435.0369567871094,0.6346495276052929,0.04501869401661401,0.33068498969078064,0.6688550114631653,0.7061629891395569,187.39886987350576,17.347224348516093,130.10177612304688,212.34378967285156,223.16526794433594,0.3440892830070684,0.14111014222709733,0.0075250728987157345,0.558276706933975,0.773483157157898,443.34682016393464,256.86581236865334,1.783318042755127,842.4140747070312,885.4201049804688,0.3339283702399306,0.13122611930220726,0.007525001652538776,0.5297253280878066,0.6986316442489624,0.9320768843694981,0.050042290089957274,0.7154815793037415,0.9922923445701599,0.9999716877937317,group_127,5139fe57e964f6d522e388431cd9821fb629a84bee9ff7ec085fdc7e0639f1a4
case_167,167,400360,True,3.4320812983212265,0.4014831711869142,2.745656967163086,4.365865230560303,5.175084114074707,381.37396099674845,11.737162739965912,351.5562438964844,403.76507568359375,440.1607360839844,0.6391212552354129,0.045386438920062756,0.333173006772995,0.6719080209732056,0.7064470052719116,187.3463849559246,17.33607513441244,130.0467529296875,212.27215270996092,223.0458984375,0.344034160462304,0.1411016273096325,0.007524788845330477,0.5582024574279785,0.7734792828559875,443.269627033354,256.8172754112159,1.7859859466552734,842.2498809814454,885.2619018554688,0.3338773345002163,0.13122026911029247,0.007524718064814806,0.5296623796224594,0.698628842830658,0.9320964414203176,0.050033892671773245,0.7154843211174011,0.9922948479652405,0.9999716877937317,group_132,5139fe57e964f6d522e388431cd9821fb629a84bee9ff7ec085fdc7e0639f1a4
case_168,168,400360,True,3.4650731847364593,0.39968843943837357,2.7597849369049072,4.404419898986816,5.166017055511475,367.8317590993057,13.345258465576814,346.85321044921875,398.8331298828125,431.8712463378906,0.3567273182407556,0.05225263738364799,0.2727949917316437,0.49368399381637573,0.5967599749565125,187.41304650079454,17.384285122845853,130.14788818359375,212.42376251220702,222.9872283935547,0.34427574374663455,0.14122454422849928,0.007522103376686573,0.558897677063942,0.7734960913658142,443.21501072917306,256.9365116441317,1.775259017944336,842.3244018554688,885.0469970703125,0.33409715576374027,0.1313274101285484,0.007522032596170902,0.5302519202232361,0.6986408233642578,0.9319993169038657,0.05009466240978618,0.7154725193977356,0.9922962188720703,0.9999716877937317,group_133,5139fe57e964f6d522e388431cd9821fb629a84bee9ff7ec085fdc7e0639f1a4
case_172,172,400360,True,4.8254776253282445,0.262997835283053,3.1273529529571533,5.102995872497559,5.34852409362793,376.0177865671628,10.290848602704125,357.09808349609375,397.0860290527344,437.8312072753906,0.3575095110071064,0.0624818607803506,0.27514898777008057,0.5071679949760437,0.6606910228729248,188.1938360731613,17.434636965092135,130.61354064941406,213.25033645629884,224.03273010253906,0.34408138083512674,0.14103313576522547,0.00752848107367754,0.5576684266328811,0.77347332239151,444.563417749657,257.6501165532494,1.7223750352859497,844.841552734375,887.62158203125,0.33392443436810476,0.1311528950819351,0.007528409827500582,0.5292092949151992,0.6986245512962341,0.9320897764565109,0.050020383109323746,0.7154884338378906,0.9922765523195267,0.9999716877937317,group_136,5139fe57e964f6d522e388431cd9821fb629a84bee9ff7ec085fdc7e0639f1a4
case_174,174,400360,True,5.093767577278136,0.2849740977698646,3.1958820819854736,5.283919811248779,5.390149116516113,429.51182722841924,10.34306635968906,361.2953796386719,438.1062316894531,449.2332458496094,0.5203563412481141,0.04307678176084344,0.3048830032348633,0.5862389802932739,0.6803309917449951,189.6997160579694,17.56082629049604,131.60736083984375,214.93907318115234,226.0130615234375,0.34412636467575763,0.1408850610582321,0.0075270370580255985,0.5570930451154708,0.7734812498092651,447.40446722843075,259.1841028575787,1.7611490488052368,850.0780181884766,893.2413330078125,0.3339731671287507,0.13101110985378192,0.0075269658118486404,0.5287210226058958,0.6986302137374878,0.9320943646519283,0.04998107672240712,0.7154829502105713,0.9922192752361297,0.9999716877937317,group_138,5139fe57e964f6d522e388431cd9821fb629a84bee9ff7ec085fdc7e0639f1a4
case_177,177,400360,True,5.081781479109178,0.2830140855373177,3.1926259994506836,5.27492618560791,5.388484954833984,427.4804080093785,10.458217314360171,360.4108581542969,436.4237365722656,449.3017578125,0.3330315619376599,0.0499023833537982,0.26395899057388306,0.45000800490379333,0.624547004699707,189.16691047343738,17.513582865604945,131.25192260742188,214.33969497680664,225.26905822753906,0.34408692751593983,0.1409441963991055,0.007529063615947962,0.5572737991809844,0.7734764218330383,446.4270590907029,258.65461471484315,1.7552340030670166,848.2694122314454,891.3117065429688,0.3339336455964568,0.13106840262555272,0.007528992369771004,0.5288744240999221,0.6986267566680908,0.9320997231032407,0.04999500383998573,0.7154862880706787,0.9922477632761002,0.9999716281890869,group_140,5139fe57e964f6d522e388431cd9821fb629a84bee9ff7ec085fdc7e0639f1a4
case_178,178,400360,True,3.396251433183173,0.40400762526171485,2.755424976348877,4.334136962890625,5.162658214569092,411.0409682225938,10.041428881509843,356.61480712890625,425.5467834472656,445.150634765625,0.4760422067067425,0.04621270369126024,0.2983660101890564,0.5517550110816956,0.672586977481842,187.32634421882244,17.345222073239594,130.01605224609375,212.26519699096679,223.03819274902344,0.344071951021933,0.1411186092629489,0.007524929940700531,0.5582823008298873,0.7734816670417786,443.2383900158269,256.7910142058693,1.7808539867401123,842.1867065429688,885.2058715820312,0.33391179458012377,0.13123463626219037,0.00752485916018486,0.5297300964593886,0.6986305117607117,0.9320815634450268,0.05004340860328357,0.7154825925827026,0.992294430732727,0.9999716877937317,group_141,5139fe57e964f6d522e388431cd9821fb629a84bee9ff7ec085fdc7e0639f1a4
case_198,198,400360,True,3.85812639004344,0.32567650110093693,2.9383749961853027,4.565793037414551,5.206686019897461,368.7459999202622,12.22369710352647,350.1164245605469,401.3096923828125,427.1876525878906,0.3581090430331309,0.051711259987870496,0.2754719853401184,0.4937250018119812,0.6106020212173462,187.46775370462635,17.379845120221507,130.21307373046875,212.45758285522462,223.07188415527344,0.34418818369415066,0.14116447929836762,0.007524522021412849,0.5585467994213104,0.7734886407852173,443.2818162540204,256.95542690445507,1.7514079809188843,842.4480010986329,885.1464233398438,0.3340181723680228,0.1312737227055566,0.007524450775235891,0.5299543797969818,0.6986355185508728,0.932036595296188,0.05006850522922868,0.7154777646064758,0.9922952055931091,0.9999716877937317,group_107,5139fe57e964f6d522e388431cd9821fb629a84bee9ff7ec085fdc7e0639f1a4
