case_id,variable,provisional_lower,provisional_upper,observed_min,observed_max,below_provisional_boundary,above_provisional_boundary,action
case_00,fluence_rate,0.0,7.0,2.7684240341186523,5.15615701675415,False,False,report_only_no_clipping_no_model_change
case_00,temperature,25.0,600.0,349.7305908203125,448.0808410644531,False,False,report_only_no_clipping_no_model_change
case_00,weight_loss_rate,0.0,2.0,0.2711150050163269,0.6512529850006104,False,False,report_only_no_clipping_no_model_change
case_02,fluence_rate,0.0,7.0,2.806001901626587,5.132253170013428,False,False,report_only_no_clipping_no_model_change
case_02,temperature,25.0,600.0,346.4364318847656,446.7562255859375,False,False,report_only_no_clipping_no_model_change
case_02,weight_loss_rate,0.0,2.0,0.26337501406669617,0.643435001373291,False,False,report_only_no_clipping_no_model_change
case_03,fluence_rate,0.0,7.0,2.7662150859832764,5.164033889770508,False,False,report_only_no_clipping_no_model_change
case_03,temperature,25.0,600.0,347.4994812011719,447.7882385253906,False,False,report_only_no_clipping_no_model_change
case_03,weight_loss_rate,0.0,2.0,0.25807300209999084,0.6392269730567932,False,False,report_only_no_clipping_no_model_change
case_04,fluence_rate,0.0,7.0,2.7474100589752197,5.168923854827881,False,False,report_only_no_clipping_no_model_change
case_04,temperature,25.0,600.0,348.23065185546875,446.256591796875,False,False,report_only_no_clipping_no_model_change
case_04,weight_loss_rate,0.0,2.0,0.26405900716781616,0.6347939968109131,False,False,report_only_no_clipping_no_model_change
case_05,fluence_rate,0.0,7.0,2.752068042755127,5.169002056121826,False,False,report_only_no_clipping_no_model_change
case_05,temperature,25.0,600.0,348.83831787109375,448.4438781738281,False,False,report_only_no_clipping_no_model_change
case_05,weight_loss_rate,0.0,2.0,0.262594997882843,0.6234350204467773,False,False,report_only_no_clipping_no_model_change
case_07,fluence_rate,0.0,7.0,2.759000062942505,5.1765899658203125,False,False,report_only_no_clipping_no_model_change
case_07,temperature,25.0,600.0,347.12811279296875,447.08551025390625,False,False,report_only_no_clipping_no_model_change
case_07,weight_loss_rate,0.0,2.0,0.2603890001773834,0.6368979811668396,False,False,report_only_no_clipping_no_model_change
case_08,fluence_rate,0.0,7.0,2.7540059089660645,5.164699077606201,False,False,report_only_no_clipping_no_model_change
case_08,temperature,25.0,600.0,346.412109375,446.50146484375,False,False,report_only_no_clipping_no_model_change
case_08,weight_loss_rate,0.0,2.0,0.2704319953918457,0.6631969809532166,False,False,report_only_no_clipping_no_model_change
case_09,fluence_rate,0.0,7.0,2.7625479698181152,5.172739028930664,False,False,report_only_no_clipping_no_model_change
case_09,temperature,25.0,600.0,346.5308532714844,447.22784423828125,False,False,report_only_no_clipping_no_model_change
case_09,weight_loss_rate,0.0,2.0,0.2702910006046295,0.6654319763183594,False,False,report_only_no_clipping_no_model_change
case_22,fluence_rate,0.0,7.0,2.755073070526123,5.188551902770996,False,False,report_only_no_clipping_no_model_change
case_22,temperature,25.0,600.0,356.3640441894531,451.84124755859375,False,False,report_only_no_clipping_no_model_change
case_22,weight_loss_rate,0.0,2.0,0.25906500220298767,0.6365200281143188,False,False,report_only_no_clipping_no_model_change
case_23,fluence_rate,0.0,7.0,2.748379945755005,5.078250885009766,False,False,report_only_no_clipping_no_model_change
case_23,temperature,25.0,600.0,345.0306396484375,431.97589111328125,False,False,report_only_no_clipping_no_model_change
case_23,weight_loss_rate,0.0,2.0,0.2931939959526062,0.6661019921302795,False,False,report_only_no_clipping_no_model_change
case_26,fluence_rate,0.0,7.0,2.888137102127075,5.142047882080078,False,False,report_only_no_clipping_no_model_change
case_26,temperature,25.0,600.0,349.6444091796875,447.2745056152344,False,False,report_only_no_clipping_no_model_change
case_26,weight_loss_rate,0.0,2.0,0.2590219974517822,0.6296679973602295,False,False,report_only_no_clipping_no_model_change
case_31,fluence_rate,0.0,7.0,3.296231985092163,5.223758220672607,False,False,report_only_no_clipping_no_model_change
case_31,temperature,25.0,600.0,355.0830993652344,452.4864501953125,False,False,report_only_no_clipping_no_model_change
case_31,weight_loss_rate,0.0,2.0,0.27973300218582153,0.6625499725341797,False,False,report_only_no_clipping_no_model_change
case_33,fluence_rate,0.0,7.0,2.7629098892211914,5.172939777374268,False,False,report_only_no_clipping_no_model_change
case_33,temperature,25.0,600.0,344.50250244140625,432.2895812988281,False,False,report_only_no_clipping_no_model_change
case_33,weight_loss_rate,0.0,2.0,0.31325599551200867,0.6525769829750061,False,False,report_only_no_clipping_no_model_change
case_37,fluence_rate,0.0,7.0,2.7462239265441895,5.078359127044678,False,False,report_only_no_clipping_no_model_change
case_37,temperature,25.0,600.0,355.0357666015625,449.45904541015625,False,False,report_only_no_clipping_no_model_change
case_37,weight_loss_rate,0.0,2.0,0.30638301372528076,0.6821969747543335,False,False,report_only_no_clipping_no_model_change
case_38,fluence_rate,0.0,7.0,3.268510103225708,5.300340175628662,False,False,report_only_no_clipping_no_model_change
case_38,temperature,25.0,600.0,360.2724914550781,451.7891845703125,False,False,report_only_no_clipping_no_model_change
case_38,weight_loss_rate,0.0,2.0,0.3285369873046875,0.6609269976615906,False,False,report_only_no_clipping_no_model_change
case_41,fluence_rate,0.0,7.0,2.748927116394043,5.184000015258789,False,False,report_only_no_clipping_no_model_change
case_41,temperature,25.0,600.0,358.2958679199219,450.39501953125,False,False,report_only_no_clipping_no_model_change
case_41,weight_loss_rate,0.0,2.0,0.2651210129261017,0.6518890261650085,False,False,report_only_no_clipping_no_model_change
case_46,fluence_rate,0.0,7.0,2.755197048187256,5.163165092468262,False,False,report_only_no_clipping_no_model_change
case_46,temperature,25.0,600.0,347.47821044921875,447.77716064453125,False,False,report_only_no_clipping_no_model_change
case_46,weight_loss_rate,0.0,2.0,0.2705569863319397,0.617160975933075,False,False,report_only_no_clipping_no_model_change
case_50,fluence_rate,0.0,7.0,3.019921064376831,5.235249996185303,False,False,report_only_no_clipping_no_model_change
case_50,temperature,25.0,600.0,346.3605651855469,446.5792236328125,False,False,report_only_no_clipping_no_model_change
case_50,weight_loss_rate,0.0,2.0,0.2887209951877594,0.6308760046958923,False,False,report_only_no_clipping_no_model_change
case_53,fluence_rate,0.0,7.0,2.7713980674743652,5.177451133728027,False,False,report_only_no_clipping_no_model_change
case_53,temperature,25.0,600.0,360.65899658203125,452.87530517578125,False,False,report_only_no_clipping_no_model_change
case_53,weight_loss_rate,0.0,2.0,0.2656260132789612,0.6397250294685364,False,False,report_only_no_clipping_no_model_change
case_55,fluence_rate,0.0,7.0,2.748042106628418,5.1642961502075195,False,False,report_only_no_clipping_no_model_change
case_55,temperature,25.0,600.0,352.2539367675781,450.22332763671875,False,False,report_only_no_clipping_no_model_change
case_55,weight_loss_rate,0.0,2.0,0.28083398938179016,0.6478559970855713,False,False,report_only_no_clipping_no_model_change
case_65,fluence_rate,0.0,7.0,3.056925058364868,5.304224014282227,False,False,report_only_no_clipping_no_model_change
case_65,temperature,25.0,600.0,341.42303466796875,431.6269836425781,False,False,report_only_no_clipping_no_model_change
case_65,weight_loss_rate,0.0,2.0,0.25943198800086975,0.6472749710083008,False,False,report_only_no_clipping_no_model_change
case_70,fluence_rate,0.0,7.0,2.7657310962677,5.164669036865234,False,False,report_only_no_clipping_no_model_change
case_70,temperature,25.0,600.0,346.14227294921875,432.1348876953125,False,False,report_only_no_clipping_no_model_change
case_70,weight_loss_rate,0.0,2.0,0.2651529908180237,0.599403977394104,False,False,report_only_no_clipping_no_model_change
case_76,fluence_rate,0.0,7.0,2.780198097229004,5.182711124420166,False,False,report_only_no_clipping_no_model_change
case_76,temperature,25.0,600.0,343.0609130859375,431.86376953125,False,False,report_only_no_clipping_no_model_change
case_76,weight_loss_rate,0.0,2.0,0.2681039869785309,0.6212130188941956,False,False,report_only_no_clipping_no_model_change
case_80,fluence_rate,0.0,7.0,2.7701408863067627,5.12334680557251,False,False,report_only_no_clipping_no_model_change
case_80,temperature,25.0,600.0,341.5484924316406,431.5703125,False,False,report_only_no_clipping_no_model_change
case_80,weight_loss_rate,0.0,2.0,0.31908100843429565,0.6592249870300293,False,False,report_only_no_clipping_no_model_change
case_88,fluence_rate,0.0,7.0,2.7706379890441895,5.1793951988220215,False,False,report_only_no_clipping_no_model_change
case_88,temperature,25.0,600.0,350.5965881347656,449.123046875,False,False,report_only_no_clipping_no_model_change
case_88,weight_loss_rate,0.0,2.0,0.2813960015773773,0.6472370028495789,False,False,report_only_no_clipping_no_model_change
case_90,fluence_rate,0.0,7.0,2.7564239501953125,5.122852802276611,False,False,report_only_no_clipping_no_model_change
case_90,temperature,25.0,600.0,347.60638427734375,445.9610595703125,False,False,report_only_no_clipping_no_model_change
case_90,weight_loss_rate,0.0,2.0,0.2958599925041199,0.6699810028076172,False,False,report_only_no_clipping_no_model_change
case_103,fluence_rate,0.0,7.0,3.0151379108428955,5.276573181152344,False,False,report_only_no_clipping_no_model_change
case_103,temperature,25.0,600.0,345.99969482421875,445.12786865234375,False,False,report_only_no_clipping_no_model_change
case_103,weight_loss_rate,0.0,2.0,0.3166239857673645,0.6606789827346802,False,False,report_only_no_clipping_no_model_change
case_108,fluence_rate,0.0,7.0,2.8566720485687256,5.184998035430908,False,False,report_only_no_clipping_no_model_change
case_108,temperature,25.0,600.0,348.6625671386719,443.92230224609375,False,False,report_only_no_clipping_no_model_change
case_108,weight_loss_rate,0.0,2.0,0.26987600326538086,0.6626150012016296,False,False,report_only_no_clipping_no_model_change
case_112,fluence_rate,0.0,7.0,2.7675399780273438,5.166000843048096,False,False,report_only_no_clipping_no_model_change
case_112,temperature,25.0,600.0,346.5842590332031,445.6597595214844,False,False,report_only_no_clipping_no_model_change
case_112,weight_loss_rate,0.0,2.0,0.3076770007610321,0.6840869784355164,False,False,report_only_no_clipping_no_model_change
case_113,fluence_rate,0.0,7.0,2.785231113433838,5.1841301918029785,False,False,report_only_no_clipping_no_model_change
case_113,temperature,25.0,600.0,349.4798583984375,444.0272216796875,False,False,report_only_no_clipping_no_model_change
case_113,weight_loss_rate,0.0,2.0,0.26815199851989746,0.6236850023269653,False,False,report_only_no_clipping_no_model_change
case_123,fluence_rate,0.0,7.0,2.769001007080078,5.123009204864502,False,False,report_only_no_clipping_no_model_change
case_123,temperature,25.0,600.0,348.7608642578125,439.80908203125,False,False,report_only_no_clipping_no_model_change
case_123,weight_loss_rate,0.0,2.0,0.26482900977134705,0.6392509937286377,False,False,report_only_no_clipping_no_model_change
case_126,fluence_rate,0.0,7.0,2.761198043823242,5.167457103729248,False,False,report_only_no_clipping_no_model_change
case_126,temperature,25.0,600.0,350.47198486328125,439.786376953125,False,False,report_only_no_clipping_no_model_change
case_126,weight_loss_rate,0.0,2.0,0.26241400837898254,0.6256620287895203,False,False,report_only_no_clipping_no_model_change
case_131,fluence_rate,0.0,7.0,2.746488094329834,5.114704132080078,False,False,report_only_no_clipping_no_model_change
case_131,temperature,25.0,600.0,347.809814453125,439.66351318359375,False,False,report_only_no_clipping_no_model_change
case_131,weight_loss_rate,0.0,2.0,0.2747650146484375,0.6477370262145996,False,False,report_only_no_clipping_no_model_change
case_132,fluence_rate,0.0,7.0,2.943481922149658,5.2082600593566895,False,False,report_only_no_clipping_no_model_change
case_132,temperature,25.0,600.0,346.9159851074219,434.6773986816406,False,False,report_only_no_clipping_no_model_change
case_132,weight_loss_rate,0.0,2.0,0.27710598707199097,0.6125620007514954,False,False,report_only_no_clipping_no_model_change
case_134,fluence_rate,0.0,7.0,2.820449113845825,5.1766180992126465,False,False,report_only_no_clipping_no_model_change
case_134,temperature,25.0,600.0,349.4971008300781,424.0448303222656,False,False,report_only_no_clipping_no_model_change
case_134,weight_loss_rate,0.0,2.0,0.2721560001373291,0.6515780091285706,False,False,report_only_no_clipping_no_model_change
case_135,fluence_rate,0.0,7.0,2.7535030841827393,5.103894233703613,False,False,report_only_no_clipping_no_model_change
case_135,temperature,25.0,600.0,346.62371826171875,426.46685791015625,False,False,report_only_no_clipping_no_model_change
case_135,weight_loss_rate,0.0,2.0,0.27723801136016846,0.6449859738349915,False,False,report_only_no_clipping_no_model_change
case_138,fluence_rate,0.0,7.0,2.850358009338379,5.18345308303833,False,False,report_only_no_clipping_no_model_change
case_138,temperature,25.0,600.0,349.498291015625,421.4848937988281,False,False,report_only_no_clipping_no_model_change
case_138,weight_loss_rate,0.0,2.0,0.2676970064640045,0.6558110117912292,False,False,report_only_no_clipping_no_model_change
case_140,fluence_rate,0.0,7.0,2.9142849445343018,5.199546813964844,False,False,report_only_no_clipping_no_model_change
case_140,temperature,25.0,600.0,349.2165222167969,432.99981689453125,False,False,report_only_no_clipping_no_model_change
case_140,weight_loss_rate,0.0,2.0,0.2804810106754303,0.6051260232925415,False,False,report_only_no_clipping_no_model_change
case_149,fluence_rate,0.0,7.0,2.757343053817749,5.138607978820801,False,False,report_only_no_clipping_no_model_change
case_149,temperature,25.0,600.0,361.916259765625,439.25244140625,False,False,report_only_no_clipping_no_model_change
case_149,weight_loss_rate,0.0,2.0,0.2671869993209839,0.6271960139274597,False,False,report_only_no_clipping_no_model_change
case_152,fluence_rate,0.0,7.0,2.7591660022735596,5.185136795043945,False,False,report_only_no_clipping_no_model_change
case_152,temperature,25.0,600.0,355.7591247558594,444.45458984375,False,False,report_only_no_clipping_no_model_change
case_152,weight_loss_rate,0.0,2.0,0.26611998677253723,0.6495779752731323,False,False,report_only_no_clipping_no_model_change
case_160,fluence_rate,0.0,7.0,3.0147910118103027,5.251800060272217,False,False,report_only_no_clipping_no_model_change
case_160,temperature,25.0,600.0,361.702880859375,438.78619384765625,False,False,report_only_no_clipping_no_model_change
case_160,weight_loss_rate,0.0,2.0,0.2733139991760254,0.5992270112037659,False,False,report_only_no_clipping_no_model_change
case_161,fluence_rate,0.0,7.0,2.7461349964141846,5.169221878051758,False,False,report_only_no_clipping_no_model_change
case_161,temperature,25.0,600.0,362.9317321777344,451.61846923828125,False,False,report_only_no_clipping_no_model_change
case_161,weight_loss_rate,0.0,2.0,0.26409199833869934,0.6272000074386597,False,False,report_only_no_clipping_no_model_change
case_162,fluence_rate,0.0,7.0,2.817322015762329,5.176116943359375,False,False,report_only_no_clipping_no_model_change
case_162,temperature,25.0,600.0,346.96575927734375,435.0369567871094,False,False,report_only_no_clipping_no_model_change
case_162,weight_loss_rate,0.0,2.0,0.33068498969078064,0.7061629891395569,False,False,report_only_no_clipping_no_model_change
case_167,fluence_rate,0.0,7.0,2.745656967163086,5.175084114074707,False,False,report_only_no_clipping_no_model_change
case_167,temperature,25.0,600.0,351.5562438964844,440.1607360839844,False,False,report_only_no_clipping_no_model_change
case_167,weight_loss_rate,0.0,2.0,0.333173006772995,0.7064470052719116,False,False,report_only_no_clipping_no_model_change
case_168,fluence_rate,0.0,7.0,2.7597849369049072,5.166017055511475,False,False,report_only_no_clipping_no_model_change
case_168,temperature,25.0,600.0,346.85321044921875,431.8712463378906,False,False,report_only_no_clipping_no_model_change
case_168,weight_loss_rate,0.0,2.0,0.2727949917316437,0.5967599749565125,False,False,report_only_no_clipping_no_model_change
case_172,fluence_rate,0.0,7.0,3.1273529529571533,5.34852409362793,False,False,report_only_no_clipping_no_model_change
case_172,temperature,25.0,600.0,357.09808349609375,437.8312072753906,False,False,report_only_no_clipping_no_model_change
case_172,weight_loss_rate,0.0,2.0,0.27514898777008057,0.6606910228729248,False,False,report_only_no_clipping_no_model_change
case_174,fluence_rate,0.0,7.0,3.1958820819854736,5.390149116516113,False,False,report_only_no_clipping_no_model_change
case_174,temperature,25.0,600.0,361.2953796386719,449.2332458496094,False,False,report_only_no_clipping_no_model_change
case_174,weight_loss_rate,0.0,2.0,0.3048830032348633,0.6803309917449951,False,False,report_only_no_clipping_no_model_change
case_177,fluence_rate,0.0,7.0,3.1926259994506836,5.388484954833984,False,False,report_only_no_clipping_no_model_change
case_177,temperature,25.0,600.0,360.4108581542969,449.3017578125,False,False,report_only_no_clipping_no_model_change
case_177,weight_loss_rate,0.0,2.0,0.26395899057388306,0.624547004699707,False,False,report_only_no_clipping_no_model_change
case_178,fluence_rate,0.0,7.0,2.755424976348877,5.162658214569092,False,False,report_only_no_clipping_no_model_change
case_178,temperature,25.0,600.0,356.61480712890625,445.150634765625,False,False,report_only_no_clipping_no_model_change
case_178,weight_loss_rate,0.0,2.0,0.2983660101890564,0.672586977481842,False,False,report_only_no_clipping_no_model_change
case_198,fluence_rate,0.0,7.0,2.9383749961853027,5.206686019897461,False,False,report_only_no_clipping_no_model_change
case_198,temperature,25.0,600.0,350.1164245605469,427.1876525878906,False,False,report_only_no_clipping_no_model_change
case_198,weight_loss_rate,0.0,2.0,0.2754719853401184,0.6106020212173462,False,False,report_only_no_clipping_no_model_change
