figure,sha256,generator,generation_evidence,role
outputs/05_hierarchical_feasibility_v5/iteration_1_pilot/case_amplitude_prediction.png,d60991cb2d3c08178b655dcf9c8691a636a1f56640378e5e121147004505de88,src/hierarchical_feasibility.py,literal_output_name,research_figure
outputs/05_hierarchical_feasibility_v5/iteration_1_pilot/hierarchical_method_comparison.png,7eb9b2a9a759a6fac3509565d7000de7fcfdb95b850ab0580ee4e07c19be0df0,src/hierarchical_feasibility.py,literal_output_name,research_figure
outputs/05_hierarchical_feasibility_v5/iteration_1_pilot/validation_p95_adaptation.png,4ba0ae098abac68e59832d689caa6d62c2c5829585779de6f40df42f73b2b9c0,src/hierarchical_feasibility.py,literal_output_name,research_figure
outputs/05_hierarchical_feasibility_v5/iteration_2_pilot/case_amplitude_prediction.png,d4cc3d312d0bfbd78d601db103f15533bada4831a234f2844c90a5fae82462b6,src/hierarchical_feasibility.py,literal_output_name,research_figure
outputs/05_hierarchical_feasibility_v5/iteration_2_pilot/hierarchical_method_comparison.png,fb7009e4983d833214d7df84fb0b13b92f35fec0449a5f7d1901859fe072c81f,src/hierarchical_feasibility.py,literal_output_name,research_figure
outputs/05_hierarchical_feasibility_v5/iteration_2_pilot/validation_p95_adaptation.png,3d80493de8fe79ed3f5d9a7daf94eb6f99dddc364cbf3410c8300e2071ca4b4b,src/hierarchical_feasibility.py,literal_output_name,research_figure
outputs/05_hierarchical_feasibility_v5/iteration_3_pilot/case_amplitude_prediction.png,7265a9a7877283b8cc43e918ce64a24bc4e1ef5aaf3dad296e6b56a86c5c4fcf,src/hierarchical_feasibility.py,literal_output_name,research_figure
outputs/05_hierarchical_feasibility_v5/iteration_3_pilot/hierarchical_method_comparison.png,b12404f3dee4125a7a94e6f2e4ff76298f8972449612013e1a20d6b09164683b,src/hierarchical_feasibility.py,literal_output_name,research_figure
outputs/05_hierarchical_feasibility_v5/iteration_3_pilot/validation_p95_adaptation.png,a78f3e7feadc2abf1b1e30d7f2c28b8f7f3f8db899976f271da35b899e679e78,src/hierarchical_feasibility.py,literal_output_name,research_figure
outputs/05_hierarchical_feasibility_v5/iteration_4_pilot/case_amplitude_prediction.png,4878ca877a391b5a0f56d0a261fbeac433fa3a98b7e066b1c9733cdb6f2a71d4,src/hierarchical_feasibility.py,literal_output_name,research_figure
outputs/05_hierarchical_feasibility_v5/iteration_4_pilot/hierarchical_method_comparison.png,d99613e7a92d38bcce685c33a5ba5860eb9bee603d55c09ddc4afcbfabdc300f,src/hierarchical_feasibility.py,literal_output_name,research_figure
outputs/05_hierarchical_feasibility_v5/iteration_4_pilot/validation_p95_adaptation.png,a4a9fa0e804ca8ebbc22de980d33e249820283ac1235c6d1f9181db4fb11c0eb,src/hierarchical_feasibility.py,literal_output_name,research_figure
outputs/08_recoverable_16000_single_formula/iteration_1/selected_formula_validation_tail_adaptation.png,b174588da6b6da676876aa08ced09a00344b14f61b4ab882dc886b03d5fa6631,src/hierarchical_symbolic_regression.py,literal_output_name,research_figure
outputs/08_recoverable_16000_single_formula/iteration_1/symbolic_vs_hierarchical_feasibility.png,62d1287ffbac8f122d5168b9dc96babf5dca0eb5135bc7f22f3926162920b422,src/hierarchical_symbolic_regression.py,literal_output_name,research_figure
outputs/09_residual_shape_symbolic_pilot/iteration_1/selected_v9_tail_adaptation.png,c636bcd6ae54c309b7be71752a055f625312f846687f829709e5ca103cc28d7b,src/residual_shape_symbolic.py,literal_output_name,research_figure
outputs/09_residual_shape_symbolic_pilot/iteration_1/v9_validation_model_comparison.png,6d6ddf691654003365a00e165a48ab48627cf30796565519a3c5f9264e0cca56,src/residual_shape_symbolic.py,literal_output_name,research_figure
outputs/10_signed_staged_residual_symbolic_pilot/iteration_1/v10_selected_tail_adaptation.png,6352b09e68f8650b7ad33330eeff4c09af4c14ec837d7d7cc861750450b6f76c,src/signed_staged_residual_symbolic.py,literal_output_name,research_figure
outputs/10_signed_staged_residual_symbolic_pilot/iteration_1/v10_validation_model_comparison.png,f1ae884ec8a528f91cd68ead956d1cb5333efacb08b0f4dc39b6ecb3f01e6869,src/signed_staged_residual_symbolic.py,literal_output_name,research_figure
outputs/10_signed_staged_residual_symbolic_pilot/iteration_2/v10_selected_tail_adaptation.png,7e39c0fd864db3f86c78b62368d4e9ecca80cfbe695c9e9aeeadb30677e84d79,src/signed_staged_residual_symbolic.py,literal_output_name,research_figure
outputs/10_signed_staged_residual_symbolic_pilot/iteration_2/v10_validation_model_comparison.png,ab139947643e46e3a8496389b16eb10a626486ffb13cfec37bc41e10b91db31f,src/signed_staged_residual_symbolic.py,literal_output_name,research_figure
outputs/10_signed_staged_residual_symbolic_pilot/iteration_3/v10_selected_tail_adaptation.png,0b565fdd9d41773138353255071fa7933e10305e5d3152cded3aa5dc43901311,src/signed_staged_residual_symbolic.py,literal_output_name,research_figure
outputs/10_signed_staged_residual_symbolic_pilot/iteration_3/v10_validation_model_comparison.png,8c8010c9f526a3a4163089a4ded8fa52bbf6dbff9598e2a3fbdcd3671a17af76,src/signed_staged_residual_symbolic.py,literal_output_name,research_figure
outputs/10_signed_staged_residual_symbolic_pilot/iteration_4/v10_selected_tail_adaptation.png,52281767172eb17691583f7c3676dc95debe7a57bb63317e1e57912113514a1b,src/signed_staged_residual_symbolic.py,literal_output_name,research_figure
outputs/10_signed_staged_residual_symbolic_pilot/iteration_4/v10_validation_model_comparison.png,9ee7f4851ea060e5cbef0d7480a2438deeac671305e779f70e77d6e945a352f3,src/signed_staged_residual_symbolic.py,literal_output_name,research_figure
outputs/11_tail_aware_localised_symbolic/iteration_1/v11_selected_tail_adaptation.png,ed7b3db55db2431b8b22ffbfd53d0863d606a8a3c5f49b28243680fd52f8b23e,src/v11_tail_aware_localised_symbolic.py,literal_output_name,research_figure
outputs/11_tail_aware_localised_symbolic/iteration_1/v11_validation_model_comparison.png,7852aae9b6c1e1f4864e90147a51d52f666a6cf3e193f147cd44d34a261b5da4,src/v11_tail_aware_localised_symbolic.py,literal_output_name,research_figure
outputs/11_tail_aware_localised_symbolic/iteration_2/v11_selected_tail_adaptation.png,a5fbc12b13ca7b1c9b7fd9ede0672abf475c880cf2d8e81be804aef6793bbd7e,src/v11_tail_aware_localised_symbolic.py,literal_output_name,research_figure
outputs/11_tail_aware_localised_symbolic/iteration_2/v11_validation_model_comparison.png,5055126e8013ef872be519f82088882e63acafb61a8c9dfe16776787535a3d33,src/v11_tail_aware_localised_symbolic.py,literal_output_name,research_figure
outputs/11_tail_aware_localised_symbolic/iteration_3/v11_selected_tail_adaptation.png,4c4b132674fc18432ea08702e5dc4e18710409e25f1737b5897b26d9ed2aa841,src/v11_tail_aware_localised_symbolic.py,literal_output_name,research_figure
outputs/11_tail_aware_localised_symbolic/iteration_3/v11_validation_model_comparison.png,657e06e6852931a590ee0d7f2851121adc0e96dca7735e2a66f1555c28bf0eb6,src/v11_tail_aware_localised_symbolic.py,literal_output_name,research_figure
outputs/11_tail_aware_localised_symbolic/iteration_4/v11_selected_tail_adaptation.png,6425e05f1bb503d916badffc71a4fd70593119d49d92c3b75915eefc623b0cd9,src/v11_tail_aware_localised_symbolic.py,literal_output_name,research_figure
outputs/11_tail_aware_localised_symbolic/iteration_4/v11_validation_model_comparison.png,8b00f90db7531ff504b3a45205d55039011e21a91227ecf188faa55f6a1cd68d,src/v11_tail_aware_localised_symbolic.py,literal_output_name,research_figure
outputs/12_v11_gain_stability_audit/iteration_1/selected_gain_case_deltas.png,0b1c916cce39d8f0abe29903b35f019c537155d40c91ffd923a84d6da73df363,src/v11_gain_stability_audit.py,literal_output_name,research_figure
outputs/12_v11_gain_stability_audit/iteration_1/validation_gain_tradeoff.png,da52550f400360448a4fc047ee9ce3812aa2927451d028b6c40273bd3f7e2701,src/v11_gain_stability_audit.py,literal_output_name,research_figure
outputs/12_v11_gain_stability_audit/iteration_2/selected_gain_case_deltas.png,0b231ac05eb5c6438c548f9c8d318d1cb547f7c1d63766d152d220cd98693de5,src/v11_gain_stability_audit.py,literal_output_name,research_figure
outputs/12_v11_gain_stability_audit/iteration_2/validation_gain_tradeoff.png,fe9d3189c37b3ebd99bd0ee020cfaa6ce8bc4ce60ae74379c3656ee0ad6587d5,src/v11_gain_stability_audit.py,literal_output_name,research_figure
outputs/12_v11_gain_stability_audit/iteration_3/selected_gain_case_deltas.png,ec4bb58ae65cc31e9f6d50b93f7f7e53787f158452b6a6a48d9a59fef7095c12,src/v11_gain_stability_audit.py,literal_output_name,research_figure
outputs/12_v11_gain_stability_audit/iteration_3/validation_gain_tradeoff.png,9f88d5c544bf9d91401e737a14ea3407ae81147b95b2ce165f30df9551b53dcf,src/v11_gain_stability_audit.py,literal_output_name,research_figure
outputs/12_v11_gain_stability_audit/iteration_4/selected_gain_case_deltas.png,b4cd93c2951e3d9c4ae8530d3380264625809ab6e332c24e0bf5938495a94082,src/v11_gain_stability_audit.py,literal_output_name,research_figure
outputs/12_v11_gain_stability_audit/iteration_4/validation_gain_tradeoff.png,77289b91480e405d044437bba05a521aa3e8701ee9e1b2cdcd1e976c82fd9204,src/v11_gain_stability_audit.py,literal_output_name,research_figure
outputs/13_v12_case_adaptive_tail_gain/iteration_1/v12_case_metric_deltas.png,cc51500ad2ac17f10ef655395a3745e27aa4da16453b924630db12be58fdc91e,src/v12_case_adaptive_tail_gain.py,literal_output_name,non_deployed_decision_support
outputs/13_v12_case_adaptive_tail_gain/iteration_1/v12_oracle_and_oof_gain.png,0147d7601e2e6d27e9537bd498192a100ffc8d1ce2d871cab542aeb0baf0e0e0,src/v12_case_adaptive_tail_gain.py,literal_output_name,non_deployed_decision_support
outputs/15_v13_structural_tail_residual/iteration_1/v13_all149_model_comparison.png,cf6746555dfee1a78f4104d180829e4e44b6345b087431c12af5aa7696d8a236,src/v13_structural_tail_residual.py,literal_output_name,non_deployed_decision_support
outputs/15_v13_structural_tail_residual/iteration_1/v13_case_metric_deltas.png,6b17da0c86f613228877c7f4bb3bda152d993fc9dc25c1c0940c3992e9aaa255,src/v13_structural_tail_residual.py,literal_output_name,non_deployed_decision_support
outputs/16_v13_residual_gain_audit/iteration_1/all149_selected_gain_comparison.png,5579a223277311d8e06ddd10006790e4e847e292f012678de6b308ee33a4d0f9,src/v13_residual_gain_audit.py,literal_output_name,non_deployed_decision_support
outputs/16_v13_residual_gain_audit/iteration_1/validation_analytic_gain_distribution.png,368ee621fe122dcce544521c2a9fa18f47bee82358c523fc2fcc66f3b894ea51,src/v13_residual_gain_audit.py,literal_output_name,non_deployed_decision_support
outputs/16_v13_residual_gain_audit/iteration_1/validation_residual_gain_tradeoff.png,d609bd71098f83cfee41a9a177a511334961f6528c85284574049f9ff7b3928f,src/v13_residual_gain_audit.py,literal_output_name,non_deployed_decision_support
outputs/18_149case_development_integration/formal_149case_integration/development_candidate_comparison.png,500098485a8290ccd8cea3281fe3cdb81e89ee83aca796c31c2c1514b0237f1a,src/final_development_integration.py,literal_output_name,research_figure
outputs/19_one_time_final_50case_locked_149/formal_final_50case/figures_for_thesis/01_final_model_metric_dashboard.png,0de9cee4fbee5bf09115b495d32a7a3e14b026d0f48fd00e810514c72ac9fdb0,src/final_locked_149_evaluation.py,literal_output_name,research_figure
outputs/19_one_time_final_50case_locked_149/formal_final_50case/figures_for_thesis/02_final_case_rmse_r2_rankings.png,b29b21d3b67e269116bba5595cfe7061a90a44354844e055eaf400c014998a5b,src/final_locked_149_evaluation.py,literal_output_name,research_figure
outputs/19_one_time_final_50case_locked_149/formal_final_50case/figures_for_thesis/03_final_quantile_calibration.png,16adadcbc35f7c8e4a520adebff987ce2657ab84d2e2c18de13209ea34ce9542,src/final_locked_149_evaluation.py,literal_output_name,research_figure
outputs/19_one_time_final_50case_locked_149/formal_final_50case/figures_for_thesis/04_final_tail_hotspot_case_metrics.png,3564235c7385f6f2a524543d512c6eff582e07ab8aa39302802d0d5c81ff1a18,src/final_locked_149_evaluation.py,literal_output_name,research_figure
outputs/19_one_time_final_50case_locked_149/formal_final_50case/figures_for_thesis/05_final_residual_diagnostics.png,1732cd5236382905062d60a12cf8f78fa5d37ce17629718ca20d137fa4d6927d,src/final_locked_149_evaluation.py,literal_output_name,research_figure
outputs/19_one_time_final_50case_locked_149/formal_final_50case/figures_for_thesis/06_development_to_final_comparison.png,ea169b3deaa5790e7d9ce53ac767da866fb5fe35ee99ec3474ff1acf9de22a4f,src/final_locked_149_evaluation.py,literal_output_name,research_figure
outputs/19_one_time_final_50case_locked_149/formal_final_50case/figures_for_thesis/07_best_case_spatial_stress_and_residual.png,8cb02ff2fb53d9b27d6e0d7ef22e2a6e956f0035c83ea7b6f5675790dfd4c4af,src/final_locked_149_evaluation.py,parameterised_output_name,research_figure
outputs/19_one_time_final_50case_locked_149/formal_final_50case/figures_for_thesis/07_median_case_spatial_stress_and_residual.png,20f4e6e83c74296b36059acd5f0f40e8a6995fa80bd9fef5c6e58fe2a553b90c,src/final_locked_149_evaluation.py,parameterised_output_name,research_figure
outputs/19_one_time_final_50case_locked_149/formal_final_50case/figures_for_thesis/07_worst_case_spatial_stress_and_residual.png,3a6bba0416a70ad93f9dd61232ea9bf3385b7f6669e9aa22a8389e702e7b77c8,src/final_locked_149_evaluation.py,parameterised_output_name,research_figure
outputs/multi_case_sensitivity_199_cases/cross_case_high_stress_difference.png,e017ec667dc081a6e5df70353c075777d56f1e1f4ea9468238afc3296135ff7a,notebooks/Multi-Case_FEM_Parametric_and_Position_Sensitivity_Stability_Analysis_199Cases.ipynb,literal_output_name,research_figure
outputs/multi_case_sensitivity_199_cases/cross_case_hotspot_fraction_rho_normalized.png,aa68600c9337c044facdebf8f4db96e64719bbc877a356f198bf86d874c2813d,notebooks/Multi-Case_FEM_Parametric_and_Position_Sensitivity_Stability_Analysis_199Cases.ipynb,parameterised_output_name,research_figure
outputs/multi_case_sensitivity_199_cases/cross_case_hotspot_fraction_theta.png,b24cf1b7e424ad66172e2e0f9f46c72720772730df864b30b1ca016f8dd69da9,notebooks/Multi-Case_FEM_Parametric_and_Position_Sensitivity_Stability_Analysis_199Cases.ipynb,parameterised_output_name,research_figure
outputs/multi_case_sensitivity_199_cases/cross_case_hotspot_fraction_z.png,928a695b0c1ec7be9c345b7bc716e903904305ef06d09ef07a98dfeb5ed655d7,notebooks/Multi-Case_FEM_Parametric_and_Position_Sensitivity_Stability_Analysis_199Cases.ipynb,parameterised_output_name,research_figure
outputs/multi_case_sensitivity_199_cases/cross_case_mean_abs_spearman.png,06e2fcc0480ca0318114a127b9962f73f5443b416131e0625cec811b4b067d4e,notebooks/Multi-Case_FEM_Parametric_and_Position_Sensitivity_Stability_Analysis_199Cases.ipynb,literal_output_name,research_figure
outputs/multi_case_sensitivity_199_cases/stress_summary_by_case.png,0c88f8b1439a5be11f421f08b134757d8775328d6ad443536ab8b39c9be7cf52,notebooks/Multi-Case_FEM_Parametric_and_Position_Sensitivity_Stability_Analysis_199Cases.ipynb,literal_output_name,research_figure
reports/thesis_figures/chapter3/figure_3_2_example_fe_fields_case_01.png,8c9e28d27b40f19ee2f42612c87846828a3fcf71c5d17e201d01f5a04944d9b1,scripts/generate_chapter3_figures.py,parameterised_output_name,research_figure
reports/thesis_figures/chapter3/figure_3_3_development_input_ranges.png,3d05389c3e8612b0ce8698a6d739889a95817ff7ca45cb581405460b1e413324,scripts/generate_chapter3_figures.py,literal_output_name,research_figure
