fluence_rate_mean,fluence_rate_p95,temperature_mean,temperature_p95,weight_loss_rate_mean,weight_loss_rate_std,case_id,estimated_v10_mean_residual_mpa
3.399423837661743,4.336071968078613,398.7736511230469,431.3729248046875,0.3569064140319824,0.0541711002588272,case_01,-0.2733915116026564
3.47940444946289,4.354030132293701,426.3059997558594,442.93011474609375,0.3404279053211212,0.04245026409626,case_06,-0.523980049291656
3.434783697128296,4.363170146942139,386.9534912109375,426.16058349609375,0.3542420864105224,0.0568722411990165,case_10,-0.4690361878035638
3.423363447189331,4.352518081665039,439.5626831054688,447.81744384765625,0.3563190102577209,0.0523955263197422,case_11,-0.32544604898490714
3.4136345386505127,4.322353839874268,383.26806640625,426.6660461425781,0.3571361303329468,0.0514870733022689,case_12,-0.39463361140948816
3.357408046722412,4.221428871154785,385.4025268554688,425.37994384765625,0.356633573770523,0.0537875443696975,case_13,-0.2145160819097942
3.4991164207458496,4.3103108406066895,385.0202941894531,427.4309997558594,0.357739120721817,0.051540445536375,case_14,-0.6509430969511394
3.17668890953064,3.788631916046143,389.1473388671875,427.666748046875,0.352100133895874,0.0616110749542713,case_15,-0.09523477999138841
3.462811231613159,4.341714859008789,389.4546813964844,427.8513793945313,0.3562471866607666,0.0535491593182086,case_16,-0.4888637422477089
3.3391776084899902,4.13048791885376,440.5730590820313,448.5782775878906,0.3592750132083893,0.0520152747631073,case_17,-0.19801827031293584
3.517946720123291,4.379520893096924,385.7846374511719,427.0711975097656,0.35971400141716,0.0523169860243797,case_18,-0.6400228079262833
3.423744201660156,4.346603870391846,390.79241943359375,430.1040954589844,0.3600948452949524,0.0629341006278991,case_19,-0.37551898372013515
3.4376983642578125,4.357461929321289,386.24993896484375,428.4507751464844,0.3569400310516357,0.0531734600663185,case_20,-0.47564432625902864
3.7922611236572266,4.532018184661865,380.0529174804688,418.7206726074219,0.304046481847763,0.0346808359026908,case_21,-1.1753659974712374
3.4139652252197266,4.31955099105835,386.143798828125,428.4120788574219,0.2968947887420654,0.0334775671362876,case_24,-0.8957019945835336
3.465683460235596,4.414574146270752,385.1637573242188,427.7463684082031,0.5838103294372559,0.0133214984089136,case_27,-0.828566559030051
3.444808959960937,4.344237804412842,388.1788024902344,427.000244140625,0.4003788828849792,0.0502807050943374,case_28,-0.5172202654599118
3.1236889362335205,3.676456928253174,392.5954895019531,424.3432922363281,0.3146193325519562,0.0281614027917385,case_29,-0.7903963835269483
4.004930019378662,4.635653018951416,385.7896423339844,427.2201232910156,0.3441199362277984,0.0573530942201614,case_32,-0.5377311133695439
3.406077146530152,4.2971391677856445,389.1787109375,428.2310485839844,0.5822104215621948,0.0434413105249404,case_34,-0.5047371429631555
3.4408388137817383,4.375041961669922,371.5977478027344,408.7979736328125,0.6220473647117615,0.0442086197435855,case_35,-0.6360548944643591
4.85212516784668,5.117259979248047,433.7020263671875,446.0522766113281,0.4091252386569977,0.0524387471377849,case_36,-1.398952087266403
3.9490442276000977,4.5900468826293945,399.2710266113281,408.4616088867188,0.5030649900436401,0.0440228655934333,case_39,-0.9842191414002563
3.476468086242676,4.402723789215088,375.6658325195313,416.1701965332031,0.3558333814144134,0.0554569438099861,case_40,-0.8409466651085795
4.481013298034668,4.902854919433594,383.3473205566406,424.3719177246094,0.2999007403850555,0.0306674931198358,case_42,-0.6887785256663186
4.455991268157959,4.886398792266846,383.7666931152344,426.8658752441406,0.2953096032142639,0.0284253749996423,case_43,-0.7869276974407642
3.421377658843994,4.3431549072265625,390.0741271972656,431.2918395996094,0.4716525375843048,0.0462924614548683,case_44,-0.6080439943561382
4.089926719665527,4.690937042236328,415.900634765625,438.6653137207031,0.3532792031764984,0.0611677840352058,case_45,-0.5917777427557454
3.431697368621826,4.369460105895996,385.2372741699219,425.9954833984375,0.4492833018302917,0.0318298153579235,case_47,-0.6376030264692725
3.426650285720825,4.351603031158447,405.2812194824219,434.8112487792969,0.3604381084442138,0.0630935654044151,case_48,-0.3078800603964451
3.473597764968872,4.401814937591553,385.604248046875,425.4900512695313,0.3456548154354095,0.0603737421333789,case_49,-0.530178972322676
3.5304033756256104,4.083449840545654,385.83099365234375,427.0550231933594,0.3277938067913055,0.0266861338168382,case_51,-1.3527611379578288
3.4609897136688232,4.405360221862793,389.7483520507813,428.3780517578125,0.4170320630073547,0.0497259832918643,case_52,-0.5172076024067778
3.480163097381592,4.408173084259033,388.8660583496094,428.88818359375,0.4751777052879333,0.0450370088219642,case_54,-0.7570447270515288
3.9566686153411865,4.530732154846191,391.56829833984375,431.0653076171875,0.3620691299438476,0.0552688166499137,case_56,-1.2826232731347158
3.4517061710357666,4.381138801574707,420.9454956054688,442.0559387207031,0.5291222929954529,0.0428076982498168,case_57,-0.6487276053469992
3.2952799797058105,3.9979400634765625,397.2033996582031,431.0664978027344,0.437208890914917,0.0247922614216804,case_58,-0.35792193244380544
3.414113521575928,4.321518898010254,415.2822570800781,437.5419616699219,0.5159759521484375,0.0432564616203308,case_59,-0.3977675012351636
3.585988759994507,4.4092559814453125,390.0577392578125,431.7008666992188,0.3576135337352752,0.0558004081249237,case_60,-1.0005364023734602
3.501136541366577,4.439974784851074,395.2786865234375,425.8003540039063,0.3529425859451294,0.0503299720585346,case_61,-0.39786837084799753
3.798898220062256,4.536083221435547,353.52325439453125,368.2245178222656,0.40302774310112,0.0459478944540023,case_62,-0.5629564428199685
4.257575988769531,4.785690784454346,392.8834533691406,425.2461242675781,0.4950523376464844,0.045140091329813,case_63,-0.8461769696346502
3.4654695987701416,4.380486011505127,365.7829895019531,395.7268676757813,0.3566097617149353,0.0552641712129116,case_64,-0.7775768532088314
4.957562446594238,5.1825032234191895,385.6255798339844,426.7341918945313,0.3400048613548279,0.0304559022188186,case_66,-0.5753383753277537
3.481675148010254,4.425694942474365,382.6053771972656,426.1247253417969,0.4159236252307892,0.0497010350227355,case_67,-0.5547054506276039
4.425922393798828,4.877762794494629,392.8239440917969,425.4644470214844,0.3605170845985412,0.055677156895399,case_68,-0.16995367915703508
3.414844036102295,4.331756114959717,382.49993896484375,424.4466552734375,0.3441344201564789,0.0483309514820575,case_69,-0.38992019654177845
3.42432165145874,4.346854209899902,391.5738220214844,425.13677978515625,0.609678328037262,0.0258737206459045,case_71,-0.5210389253365912
3.4638895988464355,4.408148765563965,352.4326477050781,370.5895690917969,0.359425276517868,0.0628086552023887,case_72,-0.9867616512565958
4.698200225830078,4.967726230621338,389.1913757324219,430.40179443359375,0.5048685073852539,0.0409205108880996,case_73,-1.1939225248852878
3.837376594543457,4.5571489334106445,390.3270568847656,431.7774658203125,0.3540834486484527,0.0346968248486518,case_74,-0.8685546325581122
3.434945821762085,4.355371952056885,389.47900390625,428.7915649414063,0.4121075272560119,0.0529544055461883,case_75,-0.38736899608451036
3.3737595081329346,4.057146072387695,382.7502746582031,424.6549377441406,0.357508510351181,0.0517014302313327,case_77,-0.38845003652989796
3.473510503768921,4.394714832305908,362.4739379882813,375.292724609375,0.3519338071346283,0.0626445561647415,case_78,-0.6039053121232052
3.430354595184326,4.354800224304199,389.55474853515625,427.9959411621094,0.3595194816589355,0.05570088326931,case_79,-0.37470114445511005
3.4711034297943115,4.370614051818848,427.3624877929688,443.0621643066406,0.3936992585659027,0.0506984405219554,case_81,-0.5620568262094654
3.4522545337677,4.387165069580078,383.1573181152344,424.2245788574219,0.3968290388584137,0.0505726896226406,case_82,-0.6112391019603942
3.4547364711761475,4.374969005584717,386.7286682128906,426.0284423828125,0.3536431193351745,0.0563716106116771,case_83,-0.5096393178646972
3.4487290382385254,4.3586931228637695,390.2251892089844,431.4751586914063,0.360487163066864,0.0526352971792221,case_84,-0.481018520904847
3.4244441986083984,4.3561110496521,382.4470825195313,426.2056274414063,0.3595130443572998,0.0562217868864536,case_85,-0.4031827760117892
3.3035128116607666,4.07803201675415,385.3857116699219,425.63128662109375,0.3429905772209167,0.0352904871106147,case_86,-0.3080093643746613
4.078866958618164,4.678973197937012,434.91937255859375,446.29388427734375,0.3624218702316284,0.0561986789107322,case_87,-0.8202199174250397
3.8019614219665527,4.541163921356201,383.197509765625,423.9712829589844,0.328755110502243,0.0461499169468879,case_89,-0.7085238433184209
3.455228328704834,4.390332221984863,433.0641174316406,445.1156921386719,0.3450756967067718,0.0467129945755004,case_91,-0.4475682362748614
3.3151376247406006,4.09653377532959,440.694091796875,448.29205322265625,0.3573110401630401,0.0518410392105579,case_92,-0.12631120572453103
3.417858839035034,4.322260856628418,386.1116943359375,427.1571960449219,0.3820260167121887,0.0465712547302246,case_93,-0.40944851296712415
3.345393419265747,4.140851020812988,382.6231994628906,424.648193359375,0.2921536862850189,0.0267762038856744,case_94,-0.6546909106131027
4.116982936859131,4.701513767242432,441.1065368652344,448.7469177246094,0.3583834171295166,0.0516914539039135,case_95,-1.018404245339494
3.607393741607666,4.233084201812744,386.0886535644531,428.4657897949219,0.3271991014480591,0.0433760397136211,case_96,-1.20851218670217
3.3956286907196045,4.331124782562256,385.0579528808594,424.7047424316406,0.3635185360908508,0.0565620250999927,case_97,-0.2311045689837563
3.4002556800842285,4.341915130615234,426.91705322265625,443.4223937988281,0.3600414395332336,0.0555852316319942,case_98,-0.10537062343085601
3.2034356594085693,3.818567991256714,388.10498046875,426.9716491699219,0.363998681306839,0.0566882155835628,case_99,-0.059240749607263776
3.41831111907959,4.338582992553711,385.9527282714844,427.4082336425781,0.3578886091709137,0.051088523119688,case_100,-0.4290061338894873
3.457998514175415,4.40238094329834,386.0186767578125,427.7275695800781,0.3552675247192383,0.0565304681658744,case_101,-0.5725357969122458
4.375712871551514,4.843551158905029,388.4079895019531,427.1072692871094,0.599214494228363,0.0443295650184154,case_102,-0.755969721885954
3.433887243270874,4.365649223327637,383.3001403808594,424.0548095703125,0.3800892531871795,0.0490060336887836,case_104,-0.41443371305036525
3.423628330230713,4.3506760597229,368.3004760742188,401.8359680175781,0.4157237112522125,0.0498297587037086,case_105,-0.5867677835753327
3.4595956802368164,4.398697853088379,357.8890991210937,377.22314453125,0.5974948406219482,0.0442048758268356,case_106,-0.3593291156485021
3.4598100185394287,4.412162780761719,389.0294799804688,426.8721008300781,0.3604606389999389,0.0561833307147026,case_107,-0.5132656363641281
3.416611194610596,4.3369622230529785,382.6580505371094,424.52972412109375,0.4566439390182495,0.0477630235254764,case_109,-0.5042852806332077
3.424643993377685,4.347803115844727,367.248046875,399.21881103515625,0.4327633380889892,0.0491685718297958,case_110,-0.615684308084623
4.829971790313721,5.104234218597412,365.8954162597656,395.9998779296875,0.5879989862442017,0.0437046326696872,case_111,0.011215764581528065
3.4229555130004883,4.345383167266846,364.3996276855469,391.62255859375,0.3577557802200317,0.0557358153164386,case_114,-0.5498658050984835
3.470018148422241,4.413661956787109,385.3431091308594,426.0142517089844,0.3567016720771789,0.0623287335038185,case_115,-0.5292257513588501
3.4343976974487305,4.361715793609619,388.6405944824219,424.4935607910156,0.3576522171497345,0.0513613447546958,case_116,-0.44778621460004864
3.703256130218506,4.484686851501465,382.5632019042969,422.6875915527344,0.4042470753192901,0.0468110963702201,case_117,-0.6700814903547032
4.794837474822998,5.080356121063232,385.8163146972656,428.390380859375,0.348154753446579,0.0469598732888698,case_118,-0.24108550622489133
3.4510338306427,4.379269123077393,370.7916870117188,407.3071899414063,0.3555521965026855,0.059317510575056,case_119,-0.7451745329328929
3.4712073802948,4.415709018707275,386.0508728027344,425.6670227050781,0.3578146398067474,0.0556650310754776,case_120,-0.5601351151550329
3.406583786010742,4.340972900390625,368.9012756347656,401.7388916015625,0.3489417731761932,0.0595775060355663,case_121,-0.4145195485453588
3.433185338973999,4.363324165344238,355.65985107421875,373.4673156738281,0.3562403917312622,0.0554435476660728,case_122,-0.52409475024211
3.4256980419158936,4.35232400894165,365.5828247070313,399.1667785644531,0.3498322963714599,0.0593508854508399,case_124,-0.297824172692593
3.443427562713623,4.379518985748291,368.0457153320313,400.5073547363281,0.3495651483535766,0.038594227284193,case_125,-0.6707312954009534
3.419966697692871,4.343825817108154,368.0277404785156,399.5997619628906,0.3531530499458313,0.0624348483979702,case_127,-0.44587657654808943
3.4276201725006104,4.353791236877441,355.5298767089844,371.6177368164063,0.3549663126468658,0.0581122711300849,case_128,-0.4352350368179523
3.898416996002197,4.567196846008301,376.6202392578125,401.5680541992188,0.3565903902053833,0.0582155063748359,case_129,-0.3937913977873819
3.4111592769622803,4.338098049163818,364.0472412109375,394.9378051757813,0.3154884874820709,0.0397419370710849,case_130,-0.38513866206189107
3.426159381866455,4.360849857330322,368.0552368164063,400.2459411621094,0.3568843603134155,0.0534955747425556,case_133,-0.469774593094999
3.442832946777344,4.3487868309021,357.8339538574219,375.0743713378906,0.3329048454761505,0.0485176593065261,case_136,-0.4329688249624275
3.435466289520264,4.355877876281738,354.2911376953125,369.28216552734375,0.3571969270706177,0.058250818401575,case_137,-0.47154880508476094
3.4313390254974365,4.357687950134277,365.51373291015625,399.0341796875,0.3571951985359192,0.0526477210223674,case_139,-0.3079274329240995
3.481498003005981,4.4173359870910645,368.495361328125,401.115966796875,0.5427432656288147,0.0424012243747711,case_141,-0.6127353421031394
3.462690114974976,4.397726058959961,368.3284912109375,400.4606628417969,0.4618228375911712,0.04727129265666,case_142,-0.5056074581240786
3.470649242401123,4.404397010803223,381.3070983886719,396.99114990234375,0.3576553761959076,0.0518789924681186,case_143,-0.34715226261176735
3.474095582962036,4.409533977508545,407.7988586425781,423.0914916992188,0.3286843001842499,0.0426400192081928,case_144,-0.48709914444712954
3.5594418048858643,4.413477897644043,381.24261474609375,404.8777770996094,0.3853324055671692,0.0410384945571422,case_145,-0.7737997791033076
3.4820210933685303,4.408664226531982,368.5951843261719,397.0680541992188,0.3772743344306946,0.052681915462017,case_146,-0.5841564056908375
3.4660794734954834,4.404131889343262,366.0380554199219,399.8873596191406,0.3587525188922882,0.0557233579456806,case_147,-0.38135263323780055
3.440417766571045,4.37044620513916,376.7049255371094,394.57952880859375,0.474497377872467,0.046178251504898,case_148,-0.18461068006330716
3.989687919616699,4.625411033630371,362.2044982910156,389.4493713378906,0.3479809463024139,0.0542673878371715,case_150,-0.22886277658616505
3.479653596878052,4.40528678894043,362.6514892578125,386.9087829589844,0.4124420881271362,0.048792865127325,case_151,-0.46121636185842574
3.4646592140197754,4.404366970062256,367.4671630859375,402.8360900878906,0.494371622800827,0.0451486520469188,case_153,-0.430514721960356
3.8219070434570312,4.552929878234863,363.5869445800781,385.8201599121094,0.3998811244964599,0.0504109971225261,case_154,-0.30055304197944954
3.4562721252441406,4.397141933441162,372.7580871582031,398.3600158691406,0.3798628151416778,0.0515094064176082,case_155,-0.43018017735248204
3.3987786769866943,4.339728832244873,366.6425476074219,399.6999206542969,0.3444415628910064,0.0525996312499046,case_156,-0.21754132634635148
3.424818277359009,4.35217809677124,373.52349853515625,394.5790100097656,0.3509520292282104,0.0554457791149616,case_157,-0.3821123466721277
3.424365282058716,4.352934837341309,410.723388671875,425.5048828125,0.4178316593170166,0.0497012622654438,case_158,-0.2015762880351648
3.417283773422241,4.342947959899902,366.4687805175781,400.5136413574219,0.4797284305095672,0.0459972023963928,case_159,-0.2660072686593118
3.4270238876342773,4.3568949699401855,428.0745849609375,436.895263671875,0.5707933306694031,0.0392832420766353,case_163,-0.5742806204598319
3.4762561321258545,4.41284704208374,372.5656433105469,398.373779296875,0.4134506583213806,0.0572255402803421,case_164,-0.3685590610920233
4.635026454925537,4.99378776550293,381.8801879882813,415.5033264160156,0.4151437878608703,0.0593654699623584,case_165,0.25973349449651684
3.435631275177002,4.379203796386719,367.1941223144531,402.5552978515625,0.4171966016292572,0.0498398467898368,case_166,-0.2458802008214951
3.432600259780884,4.357941150665283,380.2094421386719,403.2781677246094,0.461256742477417,0.0473449788987636,case_169,-0.1686428619704472
3.624504804611206,4.445261955261231,368.7039794921875,398.2426452636719,0.5845108032226562,0.0436390973627567,case_170,-0.6243644930972754
3.394049644470215,4.330490112304688,404.6004943847656,419.4354553222656,0.3590504825115204,0.0560246706008911,case_171,-0.029273262347452977
5.071426868438721,5.266848087310791,402.19830322265625,418.6421203613281,0.3573223054409027,0.0546013936400413,case_173,-0.45237499115362256
3.4117743968963623,4.342660903930664,368.5635070800781,397.02093505859375,0.350957453250885,0.060766514390707,case_175,-0.3209463590262933
3.8361308574676514,4.557304859161377,368.1735229492188,400.0348815917969,0.4161161482334137,0.0495842769742012,case_176,-0.48236984837832253
3.457709550857544,4.4017839431762695,367.383544921875,401.6455993652344,0.356120616197586,0.0579687319695949,case_179,-0.38459062939592936
3.4693281650543213,4.422637939453125,381.3869018554688,405.3695373535156,0.4126565456390381,0.0500586815178394,case_180,-0.3965484971747921
3.880963325500488,4.578250885009766,374.6295471191406,400.1968383789063,0.3653408288955688,0.0560531392693519,case_181,-0.1749984483508733
3.412649631500244,4.340727806091309,369.9147644042969,403.9873962402344,0.3410781025886535,0.0438534654676914,case_182,-0.5335764685667117
3.434481382369995,4.36077880859375,368.73968505859375,402.6380004882813,0.3535558879375458,0.0617360696196556,case_183,-0.30094910091432236
3.397519111633301,4.3331170082092285,368.1035461425781,399.6644592285156,0.3936293125152588,0.0509153492748737,case_184,-0.2594645489579097
3.4901881217956543,4.3791680335998535,368.5096740722656,400.9403076171875,0.3434914350509643,0.0460216291248798,case_185,-0.6552660853493126
3.7361631393432617,4.5027031898498535,367.2469177246094,396.7318420410156,0.3486391007900238,0.0549000240862369,case_186,-0.6110248032405012
3.3984994888305664,4.339259147644043,368.3010864257813,400.6207580566406,0.3873427212238312,0.0514682717621326,case_187,-0.20671341194113513
3.424635410308838,4.347849845886231,369.7333984375,403.5959777832031,0.3489305078983307,0.0596411786973476,case_188,-0.5019127468085012
3.40437388420105,4.33687686920166,365.9328308105469,396.5462951660156,0.3571913838386535,0.0543151460587978,case_189,-0.2149355106354358
3.42315673828125,4.344974040985107,366.1627197265625,399.8901672363281,0.3473292291164398,0.0576607324182987,case_190,-0.2738089809667441
3.413191318511963,4.352011203765869,368.427490234375,400.60540771484375,0.3589784801006317,0.0514899753034114,case_191,-0.29689432884108147
3.443337202072144,4.376368045806885,365.5298767089844,396.9407653808594,0.358118861913681,0.0515717417001724,case_192,-0.32931250579728566
3.4327430725097656,4.358067989349365,366.6557312011719,394.5610046386719,0.3520005941390991,0.0502255260944366,case_193,-0.4233054645585428
3.713203191757202,4.489656925201416,365.9811096191406,399.3850708007813,0.3648502230644226,0.0557833984494209,case_194,-0.49567346495971876
3.398775815963745,4.333730220794678,366.947021484375,402.1915893554688,0.3481342494487762,0.0488101653754711,case_195,-0.1953954189774878
3.450724601745605,4.378867149353027,367.6076049804688,400.0106201171875,0.3562313914299011,0.0566208772361278,case_196,-0.36351964049808494
3.6821987628936768,4.474258899688721,368.3271789550781,394.18548583984375,0.3610468804836273,0.0630463063716888,case_197,-0.3908793913949866
3.736097574234009,4.4997100830078125,368.8340759277344,404.2610778808594,0.3534270823001861,0.0615021213889122,case_199,-0.4651708741665628
3.4804728031158447,4.374592781066895,368.853271484375,391.2104797363281,0.3642668724060058,0.0548590160906314,case_200,-0.2166508583859983
