case_id,case_number,file_name,file_path,size_mb,n_elements_from_line_count,header
case_00,0,FE_Results_Case_0.txt,/Users/novwin/Documents/University/University of Manchester/毕设项目/Nuclear graphite/NotebookCT3/ Case Test Data/FE_Results_Cases_All/FE_Results_Case_0.txt,33.922402,400360,"ElementID, X, Y, Z,  FluenceRate, Temperature, WeightLossRate, MaxPrincipalStress"
case_01,1,FE_Results_Case_1.txt,/Users/novwin/Documents/University/University of Manchester/毕设项目/Nuclear graphite/NotebookCT3/ Case Test Data/FE_Results_Cases_All/FE_Results_Case_1.txt,33.925265,400360,"ElementID, X, Y, Z,  FluenceRate, Temperature, WeightLossRate, MaxPrincipalStress"
case_02,2,FE_Results_Case_2.txt,/Users/novwin/Documents/University/University of Manchester/毕设项目/Nuclear graphite/NotebookCT3/ Case Test Data/FE_Results_Cases_All/FE_Results_Case_2.txt,33.917999,400360,"ElementID, X, Y, Z,  FluenceRate, Temperature, WeightLossRate, MaxPrincipalStress"
case_03,3,FE_Results_Case_3.txt,/Users/novwin/Documents/University/University of Manchester/毕设项目/Nuclear graphite/NotebookCT3/ Case Test Data/FE_Results_Cases_All/FE_Results_Case_3.txt,33.924766,400360,"ElementID, X, Y, Z,  FluenceRate, Temperature, WeightLossRate, MaxPrincipalStress"
case_04,4,FE_Results_Case_4.txt,/Users/novwin/Documents/University/University of Manchester/毕设项目/Nuclear graphite/NotebookCT3/ Case Test Data/FE_Results_Cases_All/FE_Results_Case_4.txt,33.919726,400360,"ElementID, X, Y, Z,  FluenceRate, Temperature, WeightLossRate, MaxPrincipalStress"
case_05,5,FE_Results_Case_5.txt,/Users/novwin/Documents/University/University of Manchester/毕设项目/Nuclear graphite/NotebookCT3/ Case Test Data/FE_Results_Cases_All/FE_Results_Case_5.txt,33.920383,400360,"ElementID, X, Y, Z,  FluenceRate, Temperature, WeightLossRate, MaxPrincipalStress"
case_06,6,FE_Results_Case_6.txt,/Users/novwin/Documents/University/University of Manchester/毕设项目/Nuclear graphite/NotebookCT3/ Case Test Data/FE_Results_Cases_All/FE_Results_Case_6.txt,33.924502,400360,"ElementID, X, Y, Z,  FluenceRate, Temperature, WeightLossRate, MaxPrincipalStress"
case_07,7,FE_Results_Case_7.txt,/Users/novwin/Documents/University/University of Manchester/毕设项目/Nuclear graphite/NotebookCT3/ Case Test Data/FE_Results_Cases_All/FE_Results_Case_7.txt,33.925562,400360,"ElementID, X, Y, Z,  FluenceRate, Temperature, WeightLossRate, MaxPrincipalStress"
case_08,8,FE_Results_Case_8.txt,/Users/novwin/Documents/University/University of Manchester/毕设项目/Nuclear graphite/NotebookCT3/ Case Test Data/FE_Results_Cases_All/FE_Results_Case_8.txt,33.924386,400360,"ElementID, X, Y, Z,  FluenceRate, Temperature, WeightLossRate, MaxPrincipalStress"
case_09,9,FE_Results_Case_9.txt,/Users/novwin/Documents/University/University of Manchester/毕设项目/Nuclear graphite/NotebookCT3/ Case Test Data/FE_Results_Cases_All/FE_Results_Case_9.txt,33.924996,400360,"ElementID, X, Y, Z,  FluenceRate, Temperature, WeightLossRate, MaxPrincipalStress"
case_10,10,FE_Results_Case_10.txt,/Users/novwin/Documents/University/University of Manchester/毕设项目/Nuclear graphite/NotebookCT3/ Case Test Data/FE_Results_Cases_All/FE_Results_Case_10.txt,33.923729,400360,"ElementID, X, Y, Z,  FluenceRate, Temperature, WeightLossRate, MaxPrincipalStress"
case_11,11,FE_Results_Case_11.txt,/Users/novwin/Documents/University/University of Manchester/毕设项目/Nuclear graphite/NotebookCT3/ Case Test Data/FE_Results_Cases_All/FE_Results_Case_11.txt,33.932437,400360,"ElementID, X, Y, Z,  FluenceRate, Temperature, WeightLossRate, MaxPrincipalStress"
case_12,12,FE_Results_Case_12.txt,/Users/novwin/Documents/University/University of Manchester/毕设项目/Nuclear graphite/NotebookCT3/ Case Test Data/FE_Results_Cases_All/FE_Results_Case_12.txt,33.923465,400360,"ElementID, X, Y, Z,  FluenceRate, Temperature, WeightLossRate, MaxPrincipalStress"
case_13,13,FE_Results_Case_13.txt,/Users/novwin/Documents/University/University of Manchester/毕设项目/Nuclear graphite/NotebookCT3/ Case Test Data/FE_Results_Cases_All/FE_Results_Case_13.txt,33.916759,400360,"ElementID, X, Y, Z,  FluenceRate, Temperature, WeightLossRate, MaxPrincipalStress"
case_14,14,FE_Results_Case_14.txt,/Users/novwin/Documents/University/University of Manchester/毕设项目/Nuclear graphite/NotebookCT3/ Case Test Data/FE_Results_Cases_All/FE_Results_Case_14.txt,33.917485,400360,"ElementID, X, Y, Z,  FluenceRate, Temperature, WeightLossRate, MaxPrincipalStress"
case_15,15,FE_Results_Case_15.txt,/Users/novwin/Documents/University/University of Manchester/毕设项目/Nuclear graphite/NotebookCT3/ Case Test Data/FE_Results_Cases_All/FE_Results_Case_15.txt,33.902274,400360,"ElementID, X, Y, Z,  FluenceRate, Temperature, WeightLossRate, MaxPrincipalStress"
case_16,16,FE_Results_Case_16.txt,/Users/novwin/Documents/University/University of Manchester/毕设项目/Nuclear graphite/NotebookCT3/ Case Test Data/FE_Results_Cases_All/FE_Results_Case_16.txt,33.921381,400360,"ElementID, X, Y, Z,  FluenceRate, Temperature, WeightLossRate, MaxPrincipalStress"
case_17,17,FE_Results_Case_17.txt,/Users/novwin/Documents/University/University of Manchester/毕设项目/Nuclear graphite/NotebookCT3/ Case Test Data/FE_Results_Cases_All/FE_Results_Case_17.txt,33.914609,400360,"ElementID, X, Y, Z,  FluenceRate, Temperature, WeightLossRate, MaxPrincipalStress"
case_18,18,FE_Results_Case_18.txt,/Users/novwin/Documents/University/University of Manchester/毕设项目/Nuclear graphite/NotebookCT3/ Case Test Data/FE_Results_Cases_All/FE_Results_Case_18.txt,33.92225,400360,"ElementID, X, Y, Z,  FluenceRate, Temperature, WeightLossRate, MaxPrincipalStress"
case_19,19,FE_Results_Case_19.txt,/Users/novwin/Documents/University/University of Manchester/毕设项目/Nuclear graphite/NotebookCT3/ Case Test Data/FE_Results_Cases_All/FE_Results_Case_19.txt,33.925272,400360,"ElementID, X, Y, Z,  FluenceRate, Temperature, WeightLossRate, MaxPrincipalStress"
case_20,20,FE_Results_Case_20.txt,/Users/novwin/Documents/University/University of Manchester/毕设项目/Nuclear graphite/NotebookCT3/ Case Test Data/FE_Results_Cases_All/FE_Results_Case_20.txt,33.923994,400360,"ElementID, X, Y, Z,  FluenceRate, Temperature, WeightLossRate, MaxPrincipalStress"
case_21,21,FE_Results_Case_21.txt,/Users/novwin/Documents/University/University of Manchester/毕设项目/Nuclear graphite/NotebookCT3/ Case Test Data/FE_Results_Cases_All/FE_Results_Case_21.txt,33.909726,400360,"ElementID, X, Y, Z,  FluenceRate, Temperature, WeightLossRate, MaxPrincipalStress"
case_22,22,FE_Results_Case_22.txt,/Users/novwin/Documents/University/University of Manchester/毕设项目/Nuclear graphite/NotebookCT3/ Case Test Data/FE_Results_Cases_All/FE_Results_Case_22.txt,33.918672,400360,"ElementID, X, Y, Z,  FluenceRate, Temperature, WeightLossRate, MaxPrincipalStress"
case_23,23,FE_Results_Case_23.txt,/Users/novwin/Documents/University/University of Manchester/毕设项目/Nuclear graphite/NotebookCT3/ Case Test Data/FE_Results_Cases_All/FE_Results_Case_23.txt,33.898964,400360,"ElementID, X, Y, Z,  FluenceRate, Temperature, WeightLossRate, MaxPrincipalStress"
case_24,24,FE_Results_Case_24.txt,/Users/novwin/Documents/University/University of Manchester/毕设项目/Nuclear graphite/NotebookCT3/ Case Test Data/FE_Results_Cases_All/FE_Results_Case_24.txt,33.915948,400360,"ElementID, X, Y, Z,  FluenceRate, Temperature, WeightLossRate, MaxPrincipalStress"
case_26,26,FE_Results_Case_26.txt,/Users/novwin/Documents/University/University of Manchester/毕设项目/Nuclear graphite/NotebookCT3/ Case Test Data/FE_Results_Cases_All/FE_Results_Case_26.txt,33.896259,400360,"ElementID, X, Y, Z,  FluenceRate, Temperature, WeightLossRate, MaxPrincipalStress"
case_27,27,FE_Results_Case_27.txt,/Users/novwin/Documents/University/University of Manchester/毕设项目/Nuclear graphite/NotebookCT3/ Case Test Data/FE_Results_Cases_All/FE_Results_Case_27.txt,33.911581,400360,"ElementID, X, Y, Z,  FluenceRate, Temperature, WeightLossRate, MaxPrincipalStress"
case_28,28,FE_Results_Case_28.txt,/Users/novwin/Documents/University/University of Manchester/毕设项目/Nuclear graphite/NotebookCT3/ Case Test Data/FE_Results_Cases_All/FE_Results_Case_28.txt,33.920801,400360,"ElementID, X, Y, Z,  FluenceRate, Temperature, WeightLossRate, MaxPrincipalStress"
case_29,29,FE_Results_Case_29.txt,/Users/novwin/Documents/University/University of Manchester/毕设项目/Nuclear graphite/NotebookCT3/ Case Test Data/FE_Results_Cases_All/FE_Results_Case_29.txt,33.898971,400360,"ElementID, X, Y, Z,  FluenceRate, Temperature, WeightLossRate, MaxPrincipalStress"
case_31,31,FE_Results_Case_31.txt,/Users/novwin/Documents/University/University of Manchester/毕设项目/Nuclear graphite/NotebookCT3/ Case Test Data/FE_Results_Cases_All/FE_Results_Case_31.txt,33.92154,400360,"ElementID, X, Y, Z,  FluenceRate, Temperature, WeightLossRate, MaxPrincipalStress"
case_32,32,FE_Results_Case_32.txt,/Users/novwin/Documents/University/University of Manchester/毕设项目/Nuclear graphite/NotebookCT3/ Case Test Data/FE_Results_Cases_All/FE_Results_Case_32.txt,33.922855,400360,"ElementID, X, Y, Z,  FluenceRate, Temperature, WeightLossRate, MaxPrincipalStress"
case_33,33,FE_Results_Case_33.txt,/Users/novwin/Documents/University/University of Manchester/毕设项目/Nuclear graphite/NotebookCT3/ Case Test Data/FE_Results_Cases_All/FE_Results_Case_33.txt,33.902609,400360,"ElementID, X, Y, Z,  FluenceRate, Temperature, WeightLossRate, MaxPrincipalStress"
case_34,34,FE_Results_Case_34.txt,/Users/novwin/Documents/University/University of Manchester/毕设项目/Nuclear graphite/NotebookCT3/ Case Test Data/FE_Results_Cases_All/FE_Results_Case_34.txt,33.912459,400360,"ElementID, X, Y, Z,  FluenceRate, Temperature, WeightLossRate, MaxPrincipalStress"
case_35,35,FE_Results_Case_35.txt,/Users/novwin/Documents/University/University of Manchester/毕设项目/Nuclear graphite/NotebookCT3/ Case Test Data/FE_Results_Cases_All/FE_Results_Case_35.txt,33.905743,400360,"ElementID, X, Y, Z,  FluenceRate, Temperature, WeightLossRate, MaxPrincipalStress"
case_36,36,FE_Results_Case_36.txt,/Users/novwin/Documents/University/University of Manchester/毕设项目/Nuclear graphite/NotebookCT3/ Case Test Data/FE_Results_Cases_All/FE_Results_Case_36.txt,33.938746,400360,"ElementID, X, Y, Z,  FluenceRate, Temperature, WeightLossRate, MaxPrincipalStress"
case_37,37,FE_Results_Case_37.txt,/Users/novwin/Documents/University/University of Manchester/毕设项目/Nuclear graphite/NotebookCT3/ Case Test Data/FE_Results_Cases_All/FE_Results_Case_37.txt,33.898802,400360,"ElementID, X, Y, Z,  FluenceRate, Temperature, WeightLossRate, MaxPrincipalStress"
case_38,38,FE_Results_Case_38.txt,/Users/novwin/Documents/University/University of Manchester/毕设项目/Nuclear graphite/NotebookCT3/ Case Test Data/FE_Results_Cases_All/FE_Results_Case_38.txt,33.960723,400360,"ElementID, X, Y, Z,  FluenceRate, Temperature, WeightLossRate, MaxPrincipalStress"
case_39,39,FE_Results_Case_39.txt,/Users/novwin/Documents/University/University of Manchester/毕设项目/Nuclear graphite/NotebookCT3/ Case Test Data/FE_Results_Cases_All/FE_Results_Case_39.txt,33.908878,400360,"ElementID, X, Y, Z,  FluenceRate, Temperature, WeightLossRate, MaxPrincipalStress"
case_40,40,FE_Results_Case_40.txt,/Users/novwin/Documents/University/University of Manchester/毕设项目/Nuclear graphite/NotebookCT3/ Case Test Data/FE_Results_Cases_All/FE_Results_Case_40.txt,33.915924,400360,"ElementID, X, Y, Z,  FluenceRate, Temperature, WeightLossRate, MaxPrincipalStress"
case_41,41,FE_Results_Case_41.txt,/Users/novwin/Documents/University/University of Manchester/毕设项目/Nuclear graphite/NotebookCT3/ Case Test Data/FE_Results_Cases_All/FE_Results_Case_41.txt,33.93753,400360,"ElementID, X, Y, Z,  FluenceRate, Temperature, WeightLossRate, MaxPrincipalStress"
case_42,42,FE_Results_Case_42.txt,/Users/novwin/Documents/University/University of Manchester/毕设项目/Nuclear graphite/NotebookCT3/ Case Test Data/FE_Results_Cases_All/FE_Results_Case_42.txt,33.916689,400360,"ElementID, X, Y, Z,  FluenceRate, Temperature, WeightLossRate, MaxPrincipalStress"
case_43,43,FE_Results_Case_43.txt,/Users/novwin/Documents/University/University of Manchester/毕设项目/Nuclear graphite/NotebookCT3/ Case Test Data/FE_Results_Cases_All/FE_Results_Case_43.txt,33.917031,400360,"ElementID, X, Y, Z,  FluenceRate, Temperature, WeightLossRate, MaxPrincipalStress"
case_44,44,FE_Results_Case_44.txt,/Users/novwin/Documents/University/University of Manchester/毕设项目/Nuclear graphite/NotebookCT3/ Case Test Data/FE_Results_Cases_All/FE_Results_Case_44.txt,33.917545,400360,"ElementID, X, Y, Z,  FluenceRate, Temperature, WeightLossRate, MaxPrincipalStress"
case_45,45,FE_Results_Case_45.txt,/Users/novwin/Documents/University/University of Manchester/毕设项目/Nuclear graphite/NotebookCT3/ Case Test Data/FE_Results_Cases_All/FE_Results_Case_45.txt,33.930061,400360,"ElementID, X, Y, Z,  FluenceRate, Temperature, WeightLossRate, MaxPrincipalStress"
case_46,46,FE_Results_Case_46.txt,/Users/novwin/Documents/University/University of Manchester/毕设项目/Nuclear graphite/NotebookCT3/ Case Test Data/FE_Results_Cases_All/FE_Results_Case_46.txt,33.91955,400360,"ElementID, X, Y, Z,  FluenceRate, Temperature, WeightLossRate, MaxPrincipalStress"
case_47,47,FE_Results_Case_47.txt,/Users/novwin/Documents/University/University of Manchester/毕设项目/Nuclear graphite/NotebookCT3/ Case Test Data/FE_Results_Cases_All/FE_Results_Case_47.txt,33.915578,400360,"ElementID, X, Y, Z,  FluenceRate, Temperature, WeightLossRate, MaxPrincipalStress"
case_48,48,FE_Results_Case_48.txt,/Users/novwin/Documents/University/University of Manchester/毕设项目/Nuclear graphite/NotebookCT3/ Case Test Data/FE_Results_Cases_All/FE_Results_Case_48.txt,33.927678,400360,"ElementID, X, Y, Z,  FluenceRate, Temperature, WeightLossRate, MaxPrincipalStress"
case_49,49,FE_Results_Case_49.txt,/Users/novwin/Documents/University/University of Manchester/毕设项目/Nuclear graphite/NotebookCT3/ Case Test Data/FE_Results_Cases_All/FE_Results_Case_49.txt,33.924717,400360,"ElementID, X, Y, Z,  FluenceRate, Temperature, WeightLossRate, MaxPrincipalStress"
case_50,50,FE_Results_Case_50.txt,/Users/novwin/Documents/University/University of Manchester/毕设项目/Nuclear graphite/NotebookCT3/ Case Test Data/FE_Results_Cases_All/FE_Results_Case_50.txt,33.918033,400360,"ElementID, X, Y, Z,  FluenceRate, Temperature, WeightLossRate, MaxPrincipalStress"
case_51,51,FE_Results_Case_51.txt,/Users/novwin/Documents/University/University of Manchester/毕设项目/Nuclear graphite/NotebookCT3/ Case Test Data/FE_Results_Cases_All/FE_Results_Case_51.txt,33.903599,400360,"ElementID, X, Y, Z,  FluenceRate, Temperature, WeightLossRate, MaxPrincipalStress"
case_52,52,FE_Results_Case_52.txt,/Users/novwin/Documents/University/University of Manchester/毕设项目/Nuclear graphite/NotebookCT3/ Case Test Data/FE_Results_Cases_All/FE_Results_Case_52.txt,33.919711,400360,"ElementID, X, Y, Z,  FluenceRate, Temperature, WeightLossRate, MaxPrincipalStress"
case_53,53,FE_Results_Case_53.txt,/Users/novwin/Documents/University/University of Manchester/毕设项目/Nuclear graphite/NotebookCT3/ Case Test Data/FE_Results_Cases_All/FE_Results_Case_53.txt,33.937878,400360,"ElementID, X, Y, Z,  FluenceRate, Temperature, WeightLossRate, MaxPrincipalStress"
case_54,54,FE_Results_Case_54.txt,/Users/novwin/Documents/University/University of Manchester/毕设项目/Nuclear graphite/NotebookCT3/ Case Test Data/FE_Results_Cases_All/FE_Results_Case_54.txt,33.917913,400360,"ElementID, X, Y, Z,  FluenceRate, Temperature, WeightLossRate, MaxPrincipalStress"
case_55,55,FE_Results_Case_55.txt,/Users/novwin/Documents/University/University of Manchester/毕设项目/Nuclear graphite/NotebookCT3/ Case Test Data/FE_Results_Cases_All/FE_Results_Case_55.txt,33.926802,400360,"ElementID, X, Y, Z,  FluenceRate, Temperature, WeightLossRate, MaxPrincipalStress"
case_56,56,FE_Results_Case_56.txt,/Users/novwin/Documents/University/University of Manchester/毕设项目/Nuclear graphite/NotebookCT3/ Case Test Data/FE_Results_Cases_All/FE_Results_Case_56.txt,33.914943,400360,"ElementID, X, Y, Z,  FluenceRate, Temperature, WeightLossRate, MaxPrincipalStress"
case_57,57,FE_Results_Case_57.txt,/Users/novwin/Documents/University/University of Manchester/毕设项目/Nuclear graphite/NotebookCT3/ Case Test Data/FE_Results_Cases_All/FE_Results_Case_57.txt,33.920461,400360,"ElementID, X, Y, Z,  FluenceRate, Temperature, WeightLossRate, MaxPrincipalStress"
case_58,58,FE_Results_Case_58.txt,/Users/novwin/Documents/University/University of Manchester/毕设项目/Nuclear graphite/NotebookCT3/ Case Test Data/FE_Results_Cases_All/FE_Results_Case_58.txt,33.904886,400360,"ElementID, X, Y, Z,  FluenceRate, Temperature, WeightLossRate, MaxPrincipalStress"
case_59,59,FE_Results_Case_59.txt,/Users/novwin/Documents/University/University of Manchester/毕设项目/Nuclear graphite/NotebookCT3/ Case Test Data/FE_Results_Cases_All/FE_Results_Case_59.txt,33.918134,400360,"ElementID, X, Y, Z,  FluenceRate, Temperature, WeightLossRate, MaxPrincipalStress"
case_60,60,FE_Results_Case_60.txt,/Users/novwin/Documents/University/University of Manchester/毕设项目/Nuclear graphite/NotebookCT3/ Case Test Data/FE_Results_Cases_All/FE_Results_Case_60.txt,33.922875,400360,"ElementID, X, Y, Z,  FluenceRate, Temperature, WeightLossRate, MaxPrincipalStress"
case_61,61,FE_Results_Case_61.txt,/Users/novwin/Documents/University/University of Manchester/毕设项目/Nuclear graphite/NotebookCT3/ Case Test Data/FE_Results_Cases_All/FE_Results_Case_61.txt,33.919973,400360,"ElementID, X, Y, Z,  FluenceRate, Temperature, WeightLossRate, MaxPrincipalStress"
case_62,62,FE_Results_Case_62.txt,/Users/novwin/Documents/University/University of Manchester/毕设项目/Nuclear graphite/NotebookCT3/ Case Test Data/FE_Results_Cases_All/FE_Results_Case_62.txt,33.903148,400360,"ElementID, X, Y, Z,  FluenceRate, Temperature, WeightLossRate, MaxPrincipalStress"
case_63,63,FE_Results_Case_63.txt,/Users/novwin/Documents/University/University of Manchester/毕设项目/Nuclear graphite/NotebookCT3/ Case Test Data/FE_Results_Cases_All/FE_Results_Case_63.txt,33.913103,400360,"ElementID, X, Y, Z,  FluenceRate, Temperature, WeightLossRate, MaxPrincipalStress"
case_64,64,FE_Results_Case_64.txt,/Users/novwin/Documents/University/University of Manchester/毕设项目/Nuclear graphite/NotebookCT3/ Case Test Data/FE_Results_Cases_All/FE_Results_Case_64.txt,33.907851,400360,"ElementID, X, Y, Z,  FluenceRate, Temperature, WeightLossRate, MaxPrincipalStress"
case_65,65,FE_Results_Case_65.txt,/Users/novwin/Documents/University/University of Manchester/毕设项目/Nuclear graphite/NotebookCT3/ Case Test Data/FE_Results_Cases_All/FE_Results_Case_65.txt,33.909203,400360,"ElementID, X, Y, Z,  FluenceRate, Temperature, WeightLossRate, MaxPrincipalStress"
case_66,66,FE_Results_Case_66.txt,/Users/novwin/Documents/University/University of Manchester/毕设项目/Nuclear graphite/NotebookCT3/ Case Test Data/FE_Results_Cases_All/FE_Results_Case_66.txt,33.919435,400360,"ElementID, X, Y, Z,  FluenceRate, Temperature, WeightLossRate, MaxPrincipalStress"
case_67,67,FE_Results_Case_67.txt,/Users/novwin/Documents/University/University of Manchester/毕设项目/Nuclear graphite/NotebookCT3/ Case Test Data/FE_Results_Cases_All/FE_Results_Case_67.txt,33.919403,400360,"ElementID, X, Y, Z,  FluenceRate, Temperature, WeightLossRate, MaxPrincipalStress"
case_68,68,FE_Results_Case_68.txt,/Users/novwin/Documents/University/University of Manchester/毕设项目/Nuclear graphite/NotebookCT3/ Case Test Data/FE_Results_Cases_All/FE_Results_Case_68.txt,33.919812,400360,"ElementID, X, Y, Z,  FluenceRate, Temperature, WeightLossRate, MaxPrincipalStress"
case_69,69,FE_Results_Case_69.txt,/Users/novwin/Documents/University/University of Manchester/毕设项目/Nuclear graphite/NotebookCT3/ Case Test Data/FE_Results_Cases_All/FE_Results_Case_69.txt,33.920312,400360,"ElementID, X, Y, Z,  FluenceRate, Temperature, WeightLossRate, MaxPrincipalStress"
case_70,70,FE_Results_Case_70.txt,/Users/novwin/Documents/University/University of Manchester/毕设项目/Nuclear graphite/NotebookCT3/ Case Test Data/FE_Results_Cases_All/FE_Results_Case_70.txt,33.909315,400360,"ElementID, X, Y, Z,  FluenceRate, Temperature, WeightLossRate, MaxPrincipalStress"
case_71,71,FE_Results_Case_71.txt,/Users/novwin/Documents/University/University of Manchester/毕设项目/Nuclear graphite/NotebookCT3/ Case Test Data/FE_Results_Cases_All/FE_Results_Case_71.txt,33.910434,400360,"ElementID, X, Y, Z,  FluenceRate, Temperature, WeightLossRate, MaxPrincipalStress"
case_72,72,FE_Results_Case_72.txt,/Users/novwin/Documents/University/University of Manchester/毕设项目/Nuclear graphite/NotebookCT3/ Case Test Data/FE_Results_Cases_All/FE_Results_Case_72.txt,33.90383,400360,"ElementID, X, Y, Z,  FluenceRate, Temperature, WeightLossRate, MaxPrincipalStress"
case_73,73,FE_Results_Case_73.txt,/Users/novwin/Documents/University/University of Manchester/毕设项目/Nuclear graphite/NotebookCT3/ Case Test Data/FE_Results_Cases_All/FE_Results_Case_73.txt,33.919317,400360,"ElementID, X, Y, Z,  FluenceRate, Temperature, WeightLossRate, MaxPrincipalStress"
case_74,74,FE_Results_Case_74.txt,/Users/novwin/Documents/University/University of Manchester/毕设项目/Nuclear graphite/NotebookCT3/ Case Test Data/FE_Results_Cases_All/FE_Results_Case_74.txt,33.916049,400360,"ElementID, X, Y, Z,  FluenceRate, Temperature, WeightLossRate, MaxPrincipalStress"
case_75,75,FE_Results_Case_75.txt,/Users/novwin/Documents/University/University of Manchester/毕设项目/Nuclear graphite/NotebookCT3/ Case Test Data/FE_Results_Cases_All/FE_Results_Case_75.txt,33.921045,400360,"ElementID, X, Y, Z,  FluenceRate, Temperature, WeightLossRate, MaxPrincipalStress"
case_76,76,FE_Results_Case_76.txt,/Users/novwin/Documents/University/University of Manchester/毕设项目/Nuclear graphite/NotebookCT3/ Case Test Data/FE_Results_Cases_All/FE_Results_Case_76.txt,33.906132,400360,"ElementID, X, Y, Z,  FluenceRate, Temperature, WeightLossRate, MaxPrincipalStress"
case_77,77,FE_Results_Case_77.txt,/Users/novwin/Documents/University/University of Manchester/毕设项目/Nuclear graphite/NotebookCT3/ Case Test Data/FE_Results_Cases_All/FE_Results_Case_77.txt,33.908822,400360,"ElementID, X, Y, Z,  FluenceRate, Temperature, WeightLossRate, MaxPrincipalStress"
case_78,78,FE_Results_Case_78.txt,/Users/novwin/Documents/University/University of Manchester/毕设项目/Nuclear graphite/NotebookCT3/ Case Test Data/FE_Results_Cases_All/FE_Results_Case_78.txt,33.905267,400360,"ElementID, X, Y, Z,  FluenceRate, Temperature, WeightLossRate, MaxPrincipalStress"
case_79,79,FE_Results_Case_79.txt,/Users/novwin/Documents/University/University of Manchester/毕设项目/Nuclear graphite/NotebookCT3/ Case Test Data/FE_Results_Cases_All/FE_Results_Case_79.txt,33.922952,400360,"ElementID, X, Y, Z,  FluenceRate, Temperature, WeightLossRate, MaxPrincipalStress"
case_80,80,FE_Results_Case_80.txt,/Users/novwin/Documents/University/University of Manchester/毕设项目/Nuclear graphite/NotebookCT3/ Case Test Data/FE_Results_Cases_All/FE_Results_Case_80.txt,33.900721,400360,"ElementID, X, Y, Z,  FluenceRate, Temperature, WeightLossRate, MaxPrincipalStress"
case_81,81,FE_Results_Case_81.txt,/Users/novwin/Documents/University/University of Manchester/毕设项目/Nuclear graphite/NotebookCT3/ Case Test Data/FE_Results_Cases_All/FE_Results_Case_81.txt,33.9261,400360,"ElementID, X, Y, Z,  FluenceRate, Temperature, WeightLossRate, MaxPrincipalStress"
case_82,82,FE_Results_Case_82.txt,/Users/novwin/Documents/University/University of Manchester/毕设项目/Nuclear graphite/NotebookCT3/ Case Test Data/FE_Results_Cases_All/FE_Results_Case_82.txt,33.920066,400360,"ElementID, X, Y, Z,  FluenceRate, Temperature, WeightLossRate, MaxPrincipalStress"
case_83,83,FE_Results_Case_83.txt,/Users/novwin/Documents/University/University of Manchester/毕设项目/Nuclear graphite/NotebookCT3/ Case Test Data/FE_Results_Cases_All/FE_Results_Case_83.txt,33.924872,400360,"ElementID, X, Y, Z,  FluenceRate, Temperature, WeightLossRate, MaxPrincipalStress"
case_84,84,FE_Results_Case_84.txt,/Users/novwin/Documents/University/University of Manchester/毕设项目/Nuclear graphite/NotebookCT3/ Case Test Data/FE_Results_Cases_All/FE_Results_Case_84.txt,33.923377,400360,"ElementID, X, Y, Z,  FluenceRate, Temperature, WeightLossRate, MaxPrincipalStress"
case_85,85,FE_Results_Case_85.txt,/Users/novwin/Documents/University/University of Manchester/毕设项目/Nuclear graphite/NotebookCT3/ Case Test Data/FE_Results_Cases_All/FE_Results_Case_85.txt,33.922156,400360,"ElementID, X, Y, Z,  FluenceRate, Temperature, WeightLossRate, MaxPrincipalStress"
case_86,86,FE_Results_Case_86.txt,/Users/novwin/Documents/University/University of Manchester/毕设项目/Nuclear graphite/NotebookCT3/ Case Test Data/FE_Results_Cases_All/FE_Results_Case_86.txt,33.909238,400360,"ElementID, X, Y, Z,  FluenceRate, Temperature, WeightLossRate, MaxPrincipalStress"
case_87,87,FE_Results_Case_87.txt,/Users/novwin/Documents/University/University of Manchester/毕设项目/Nuclear graphite/NotebookCT3/ Case Test Data/FE_Results_Cases_All/FE_Results_Case_87.txt,33.929442,400360,"ElementID, X, Y, Z,  FluenceRate, Temperature, WeightLossRate, MaxPrincipalStress"
case_88,88,FE_Results_Case_88.txt,/Users/novwin/Documents/University/University of Manchester/毕设项目/Nuclear graphite/NotebookCT3/ Case Test Data/FE_Results_Cases_All/FE_Results_Case_88.txt,33.926849,400360,"ElementID, X, Y, Z,  FluenceRate, Temperature, WeightLossRate, MaxPrincipalStress"
case_89,89,FE_Results_Case_89.txt,/Users/novwin/Documents/University/University of Manchester/毕设项目/Nuclear graphite/NotebookCT3/ Case Test Data/FE_Results_Cases_All/FE_Results_Case_89.txt,33.918696,400360,"ElementID, X, Y, Z,  FluenceRate, Temperature, WeightLossRate, MaxPrincipalStress"
case_90,90,FE_Results_Case_90.txt,/Users/novwin/Documents/University/University of Manchester/毕设项目/Nuclear graphite/NotebookCT3/ Case Test Data/FE_Results_Cases_All/FE_Results_Case_90.txt,33.913038,400360,"ElementID, X, Y, Z,  FluenceRate, Temperature, WeightLossRate, MaxPrincipalStress"
case_91,91,FE_Results_Case_91.txt,/Users/novwin/Documents/University/University of Manchester/毕设项目/Nuclear graphite/NotebookCT3/ Case Test Data/FE_Results_Cases_All/FE_Results_Case_91.txt,33.933798,400360,"ElementID, X, Y, Z,  FluenceRate, Temperature, WeightLossRate, MaxPrincipalStress"
case_92,92,FE_Results_Case_92.txt,/Users/novwin/Documents/University/University of Manchester/毕设项目/Nuclear graphite/NotebookCT3/ Case Test Data/FE_Results_Cases_All/FE_Results_Case_92.txt,33.914322,400360,"ElementID, X, Y, Z,  FluenceRate, Temperature, WeightLossRate, MaxPrincipalStress"
case_93,93,FE_Results_Case_93.txt,/Users/novwin/Documents/University/University of Manchester/毕设项目/Nuclear graphite/NotebookCT3/ Case Test Data/FE_Results_Cases_All/FE_Results_Case_93.txt,33.917595,400360,"ElementID, X, Y, Z,  FluenceRate, Temperature, WeightLossRate, MaxPrincipalStress"
case_94,94,FE_Results_Case_94.txt,/Users/novwin/Documents/University/University of Manchester/毕设项目/Nuclear graphite/NotebookCT3/ Case Test Data/FE_Results_Cases_All/FE_Results_Case_94.txt,33.909266,400360,"ElementID, X, Y, Z,  FluenceRate, Temperature, WeightLossRate, MaxPrincipalStress"
case_95,95,FE_Results_Case_95.txt,/Users/novwin/Documents/University/University of Manchester/毕设项目/Nuclear graphite/NotebookCT3/ Case Test Data/FE_Results_Cases_All/FE_Results_Case_95.txt,33.930246,400360,"ElementID, X, Y, Z,  FluenceRate, Temperature, WeightLossRate, MaxPrincipalStress"
case_96,96,FE_Results_Case_96.txt,/Users/novwin/Documents/University/University of Manchester/毕设项目/Nuclear graphite/NotebookCT3/ Case Test Data/FE_Results_Cases_All/FE_Results_Case_96.txt,33.909554,400360,"ElementID, X, Y, Z,  FluenceRate, Temperature, WeightLossRate, MaxPrincipalStress"
case_97,97,FE_Results_Case_97.txt,/Users/novwin/Documents/University/University of Manchester/毕设项目/Nuclear graphite/NotebookCT3/ Case Test Data/FE_Results_Cases_All/FE_Results_Case_97.txt,33.921897,400360,"ElementID, X, Y, Z,  FluenceRate, Temperature, WeightLossRate, MaxPrincipalStress"
case_98,98,FE_Results_Case_98.txt,/Users/novwin/Documents/University/University of Manchester/毕设项目/Nuclear graphite/NotebookCT3/ Case Test Data/FE_Results_Cases_All/FE_Results_Case_98.txt,33.929936,400360,"ElementID, X, Y, Z,  FluenceRate, Temperature, WeightLossRate, MaxPrincipalStress"
case_99,99,FE_Results_Case_99.txt,/Users/novwin/Documents/University/University of Manchester/毕设项目/Nuclear graphite/NotebookCT3/ Case Test Data/FE_Results_Cases_All/FE_Results_Case_99.txt,33.902689,400360,"ElementID, X, Y, Z,  FluenceRate, Temperature, WeightLossRate, MaxPrincipalStress"
case_100,100,FE_Results_Case_100.txt,/Users/novwin/Documents/University/University of Manchester/毕设项目/Nuclear graphite/NotebookCT3/ Case Test Data/FE_Results_Cases_All/FE_Results_Case_100.txt,33.922967,400360,"ElementID, X, Y, Z,  FluenceRate, Temperature, WeightLossRate, MaxPrincipalStress"
case_101,101,FE_Results_Case_101.txt,/Users/novwin/Documents/University/University of Manchester/毕设项目/Nuclear graphite/NotebookCT3/ Case Test Data/FE_Results_Cases_All/FE_Results_Case_101.txt,33.925936,400360,"ElementID, X, Y, Z,  FluenceRate, Temperature, WeightLossRate, MaxPrincipalStress"
case_102,102,FE_Results_Case_102.txt,/Users/novwin/Documents/University/University of Manchester/毕设项目/Nuclear graphite/NotebookCT3/ Case Test Data/FE_Results_Cases_All/FE_Results_Case_102.txt,33.916404,400360,"ElementID, X, Y, Z,  FluenceRate, Temperature, WeightLossRate, MaxPrincipalStress"
case_103,103,FE_Results_Case_103.txt,/Users/novwin/Documents/University/University of Manchester/毕设项目/Nuclear graphite/NotebookCT3/ Case Test Data/FE_Results_Cases_All/FE_Results_Case_103.txt,33.918171,400360,"ElementID, X, Y, Z,  FluenceRate, Temperature, WeightLossRate, MaxPrincipalStress"
case_104,104,FE_Results_Case_104.txt,/Users/novwin/Documents/University/University of Manchester/毕设项目/Nuclear graphite/NotebookCT3/ Case Test Data/FE_Results_Cases_All/FE_Results_Case_104.txt,33.919178,400360,"ElementID, X, Y, Z,  FluenceRate, Temperature, WeightLossRate, MaxPrincipalStress"
case_105,105,FE_Results_Case_105.txt,/Users/novwin/Documents/University/University of Manchester/毕设项目/Nuclear graphite/NotebookCT3/ Case Test Data/FE_Results_Cases_All/FE_Results_Case_105.txt,33.907969,400360,"ElementID, X, Y, Z,  FluenceRate, Temperature, WeightLossRate, MaxPrincipalStress"
case_106,106,FE_Results_Case_106.txt,/Users/novwin/Documents/University/University of Manchester/毕设项目/Nuclear graphite/NotebookCT3/ Case Test Data/FE_Results_Cases_All/FE_Results_Case_106.txt,33.902689,400360,"ElementID, X, Y, Z,  FluenceRate, Temperature, WeightLossRate, MaxPrincipalStress"
case_107,107,FE_Results_Case_107.txt,/Users/novwin/Documents/University/University of Manchester/毕设项目/Nuclear graphite/NotebookCT3/ Case Test Data/FE_Results_Cases_All/FE_Results_Case_107.txt,33.920883,400360,"ElementID, X, Y, Z,  FluenceRate, Temperature, WeightLossRate, MaxPrincipalStress"
case_108,108,FE_Results_Case_108.txt,/Users/novwin/Documents/University/University of Manchester/毕设项目/Nuclear graphite/NotebookCT3/ Case Test Data/FE_Results_Cases_All/FE_Results_Case_108.txt,33.92265,400360,"ElementID, X, Y, Z,  FluenceRate, Temperature, WeightLossRate, MaxPrincipalStress"
case_109,109,FE_Results_Case_109.txt,/Users/novwin/Documents/University/University of Manchester/毕设项目/Nuclear graphite/NotebookCT3/ Case Test Data/FE_Results_Cases_All/FE_Results_Case_109.txt,33.916779,400360,"ElementID, X, Y, Z,  FluenceRate, Temperature, WeightLossRate, MaxPrincipalStress"
case_110,110,FE_Results_Case_110.txt,/Users/novwin/Documents/University/University of Manchester/毕设项目/Nuclear graphite/NotebookCT3/ Case Test Data/FE_Results_Cases_All/FE_Results_Case_110.txt,33.907468,400360,"ElementID, X, Y, Z,  FluenceRate, Temperature, WeightLossRate, MaxPrincipalStress"
case_111,111,FE_Results_Case_111.txt,/Users/novwin/Documents/University/University of Manchester/毕设项目/Nuclear graphite/NotebookCT3/ Case Test Data/FE_Results_Cases_All/FE_Results_Case_111.txt,33.911614,400360,"ElementID, X, Y, Z,  FluenceRate, Temperature, WeightLossRate, MaxPrincipalStress"
case_112,112,FE_Results_Case_112.txt,/Users/novwin/Documents/University/University of Manchester/毕设项目/Nuclear graphite/NotebookCT3/ Case Test Data/FE_Results_Cases_All/FE_Results_Case_112.txt,33.913979,400360,"ElementID, X, Y, Z,  FluenceRate, Temperature, WeightLossRate, MaxPrincipalStress"
case_113,113,FE_Results_Case_113.txt,/Users/novwin/Documents/University/University of Manchester/毕设项目/Nuclear graphite/NotebookCT3/ Case Test Data/FE_Results_Cases_All/FE_Results_Case_113.txt,33.925545,400360,"ElementID, X, Y, Z,  FluenceRate, Temperature, WeightLossRate, MaxPrincipalStress"
case_114,114,FE_Results_Case_114.txt,/Users/novwin/Documents/University/University of Manchester/毕设项目/Nuclear graphite/NotebookCT3/ Case Test Data/FE_Results_Cases_All/FE_Results_Case_114.txt,33.906778,400360,"ElementID, X, Y, Z,  FluenceRate, Temperature, WeightLossRate, MaxPrincipalStress"
case_115,115,FE_Results_Case_115.txt,/Users/novwin/Documents/University/University of Manchester/毕设项目/Nuclear graphite/NotebookCT3/ Case Test Data/FE_Results_Cases_All/FE_Results_Case_115.txt,33.925813,400360,"ElementID, X, Y, Z,  FluenceRate, Temperature, WeightLossRate, MaxPrincipalStress"
case_116,116,FE_Results_Case_116.txt,/Users/novwin/Documents/University/University of Manchester/毕设项目/Nuclear graphite/NotebookCT3/ Case Test Data/FE_Results_Cases_All/FE_Results_Case_116.txt,33.920552,400360,"ElementID, X, Y, Z,  FluenceRate, Temperature, WeightLossRate, MaxPrincipalStress"
case_117,117,FE_Results_Case_117.txt,/Users/novwin/Documents/University/University of Manchester/毕设项目/Nuclear graphite/NotebookCT3/ Case Test Data/FE_Results_Cases_All/FE_Results_Case_117.txt,33.914854,400360,"ElementID, X, Y, Z,  FluenceRate, Temperature, WeightLossRate, MaxPrincipalStress"
case_118,118,FE_Results_Case_118.txt,/Users/novwin/Documents/University/University of Manchester/毕设项目/Nuclear graphite/NotebookCT3/ Case Test Data/FE_Results_Cases_All/FE_Results_Case_118.txt,33.92319,400360,"ElementID, X, Y, Z,  FluenceRate, Temperature, WeightLossRate, MaxPrincipalStress"
case_119,119,FE_Results_Case_119.txt,/Users/novwin/Documents/University/University of Manchester/毕设项目/Nuclear graphite/NotebookCT3/ Case Test Data/FE_Results_Cases_All/FE_Results_Case_119.txt,33.911987,400360,"ElementID, X, Y, Z,  FluenceRate, Temperature, WeightLossRate, MaxPrincipalStress"
case_120,120,FE_Results_Case_120.txt,/Users/novwin/Documents/University/University of Manchester/毕设项目/Nuclear graphite/NotebookCT3/ Case Test Data/FE_Results_Cases_All/FE_Results_Case_120.txt,33.925062,400360,"ElementID, X, Y, Z,  FluenceRate, Temperature, WeightLossRate, MaxPrincipalStress"
case_121,121,FE_Results_Case_121.txt,/Users/novwin/Documents/University/University of Manchester/毕设项目/Nuclear graphite/NotebookCT3/ Case Test Data/FE_Results_Cases_All/FE_Results_Case_121.txt,33.911642,400360,"ElementID, X, Y, Z,  FluenceRate, Temperature, WeightLossRate, MaxPrincipalStress"
case_122,122,FE_Results_Case_122.txt,/Users/novwin/Documents/University/University of Manchester/毕设项目/Nuclear graphite/NotebookCT3/ Case Test Data/FE_Results_Cases_All/FE_Results_Case_122.txt,33.904846,400360,"ElementID, X, Y, Z,  FluenceRate, Temperature, WeightLossRate, MaxPrincipalStress"
case_123,123,FE_Results_Case_123.txt,/Users/novwin/Documents/University/University of Manchester/毕设项目/Nuclear graphite/NotebookCT3/ Case Test Data/FE_Results_Cases_All/FE_Results_Case_123.txt,33.908099,400360,"ElementID, X, Y, Z,  FluenceRate, Temperature, WeightLossRate, MaxPrincipalStress"
case_124,124,FE_Results_Case_124.txt,/Users/novwin/Documents/University/University of Manchester/毕设项目/Nuclear graphite/NotebookCT3/ Case Test Data/FE_Results_Cases_All/FE_Results_Case_124.txt,33.911808,400360,"ElementID, X, Y, Z,  FluenceRate, Temperature, WeightLossRate, MaxPrincipalStress"
case_125,125,FE_Results_Case_125.txt,/Users/novwin/Documents/University/University of Manchester/毕设项目/Nuclear graphite/NotebookCT3/ Case Test Data/FE_Results_Cases_All/FE_Results_Case_125.txt,33.909823,400360,"ElementID, X, Y, Z,  FluenceRate, Temperature, WeightLossRate, MaxPrincipalStress"
case_126,126,FE_Results_Case_126.txt,/Users/novwin/Documents/University/University of Manchester/毕设项目/Nuclear graphite/NotebookCT3/ Case Test Data/FE_Results_Cases_All/FE_Results_Case_126.txt,33.910877,400360,"ElementID, X, Y, Z,  FluenceRate, Temperature, WeightLossRate, MaxPrincipalStress"
case_127,127,FE_Results_Case_127.txt,/Users/novwin/Documents/University/University of Manchester/毕设项目/Nuclear graphite/NotebookCT3/ Case Test Data/FE_Results_Cases_All/FE_Results_Case_127.txt,33.911241,400360,"ElementID, X, Y, Z,  FluenceRate, Temperature, WeightLossRate, MaxPrincipalStress"
case_128,128,FE_Results_Case_128.txt,/Users/novwin/Documents/University/University of Manchester/毕设项目/Nuclear graphite/NotebookCT3/ Case Test Data/FE_Results_Cases_All/FE_Results_Case_128.txt,33.904781,400360,"ElementID, X, Y, Z,  FluenceRate, Temperature, WeightLossRate, MaxPrincipalStress"
case_129,129,FE_Results_Case_129.txt,/Users/novwin/Documents/University/University of Manchester/毕设项目/Nuclear graphite/NotebookCT3/ Case Test Data/FE_Results_Cases_All/FE_Results_Case_129.txt,33.9112,400360,"ElementID, X, Y, Z,  FluenceRate, Temperature, WeightLossRate, MaxPrincipalStress"
case_130,130,FE_Results_Case_130.txt,/Users/novwin/Documents/University/University of Manchester/毕设项目/Nuclear graphite/NotebookCT3/ Case Test Data/FE_Results_Cases_All/FE_Results_Case_130.txt,33.908944,400360,"ElementID, X, Y, Z,  FluenceRate, Temperature, WeightLossRate, MaxPrincipalStress"
case_131,131,FE_Results_Case_131.txt,/Users/novwin/Documents/University/University of Manchester/毕设项目/Nuclear graphite/NotebookCT3/ Case Test Data/FE_Results_Cases_All/FE_Results_Case_131.txt,33.907612,400360,"ElementID, X, Y, Z,  FluenceRate, Temperature, WeightLossRate, MaxPrincipalStress"
case_132,132,FE_Results_Case_132.txt,/Users/novwin/Documents/University/University of Manchester/毕设项目/Nuclear graphite/NotebookCT3/ Case Test Data/FE_Results_Cases_All/FE_Results_Case_132.txt,33.907474,400360,"ElementID, X, Y, Z,  FluenceRate, Temperature, WeightLossRate, MaxPrincipalStress"
case_133,133,FE_Results_Case_133.txt,/Users/novwin/Documents/University/University of Manchester/毕设项目/Nuclear graphite/NotebookCT3/ Case Test Data/FE_Results_Cases_All/FE_Results_Case_133.txt,33.91108,400360,"ElementID, X, Y, Z,  FluenceRate, Temperature, WeightLossRate, MaxPrincipalStress"
case_134,134,FE_Results_Case_134.txt,/Users/novwin/Documents/University/University of Manchester/毕设项目/Nuclear graphite/NotebookCT3/ Case Test Data/FE_Results_Cases_All/FE_Results_Case_134.txt,33.910072,400360,"ElementID, X, Y, Z,  FluenceRate, Temperature, WeightLossRate, MaxPrincipalStress"
case_135,135,FE_Results_Case_135.txt,/Users/novwin/Documents/University/University of Manchester/毕设项目/Nuclear graphite/NotebookCT3/ Case Test Data/FE_Results_Cases_All/FE_Results_Case_135.txt,33.899992,400360,"ElementID, X, Y, Z,  FluenceRate, Temperature, WeightLossRate, MaxPrincipalStress"
case_136,136,FE_Results_Case_136.txt,/Users/novwin/Documents/University/University of Manchester/毕设项目/Nuclear graphite/NotebookCT3/ Case Test Data/FE_Results_Cases_All/FE_Results_Case_136.txt,33.904503,400360,"ElementID, X, Y, Z,  FluenceRate, Temperature, WeightLossRate, MaxPrincipalStress"
case_137,137,FE_Results_Case_137.txt,/Users/novwin/Documents/University/University of Manchester/毕设项目/Nuclear graphite/NotebookCT3/ Case Test Data/FE_Results_Cases_All/FE_Results_Case_137.txt,33.904708,400360,"ElementID, X, Y, Z,  FluenceRate, Temperature, WeightLossRate, MaxPrincipalStress"
case_138,138,FE_Results_Case_138.txt,/Users/novwin/Documents/University/University of Manchester/毕设项目/Nuclear graphite/NotebookCT3/ Case Test Data/FE_Results_Cases_All/FE_Results_Case_138.txt,33.909112,400360,"ElementID, X, Y, Z,  FluenceRate, Temperature, WeightLossRate, MaxPrincipalStress"
case_139,139,FE_Results_Case_139.txt,/Users/novwin/Documents/University/University of Manchester/毕设项目/Nuclear graphite/NotebookCT3/ Case Test Data/FE_Results_Cases_All/FE_Results_Case_139.txt,33.911644,400360,"ElementID, X, Y, Z,  FluenceRate, Temperature, WeightLossRate, MaxPrincipalStress"
case_140,140,FE_Results_Case_140.txt,/Users/novwin/Documents/University/University of Manchester/毕设项目/Nuclear graphite/NotebookCT3/ Case Test Data/FE_Results_Cases_All/FE_Results_Case_140.txt,33.910164,400360,"ElementID, X, Y, Z,  FluenceRate, Temperature, WeightLossRate, MaxPrincipalStress"
case_141,141,FE_Results_Case_141.txt,/Users/novwin/Documents/University/University of Manchester/毕设项目/Nuclear graphite/NotebookCT3/ Case Test Data/FE_Results_Cases_All/FE_Results_Case_141.txt,33.907399,400360,"ElementID, X, Y, Z,  FluenceRate, Temperature, WeightLossRate, MaxPrincipalStress"
case_142,142,FE_Results_Case_142.txt,/Users/novwin/Documents/University/University of Manchester/毕设项目/Nuclear graphite/NotebookCT3/ Case Test Data/FE_Results_Cases_All/FE_Results_Case_142.txt,33.909472,400360,"ElementID, X, Y, Z,  FluenceRate, Temperature, WeightLossRate, MaxPrincipalStress"
case_143,143,FE_Results_Case_143.txt,/Users/novwin/Documents/University/University of Manchester/毕设项目/Nuclear graphite/NotebookCT3/ Case Test Data/FE_Results_Cases_All/FE_Results_Case_143.txt,33.910814,400360,"ElementID, X, Y, Z,  FluenceRate, Temperature, WeightLossRate, MaxPrincipalStress"
case_144,144,FE_Results_Case_144.txt,/Users/novwin/Documents/University/University of Manchester/毕设项目/Nuclear graphite/NotebookCT3/ Case Test Data/FE_Results_Cases_All/FE_Results_Case_144.txt,33.918819,400360,"ElementID, X, Y, Z,  FluenceRate, Temperature, WeightLossRate, MaxPrincipalStress"
case_145,145,FE_Results_Case_145.txt,/Users/novwin/Documents/University/University of Manchester/毕设项目/Nuclear graphite/NotebookCT3/ Case Test Data/FE_Results_Cases_All/FE_Results_Case_145.txt,33.906832,400360,"ElementID, X, Y, Z,  FluenceRate, Temperature, WeightLossRate, MaxPrincipalStress"
case_146,146,FE_Results_Case_146.txt,/Users/novwin/Documents/University/University of Manchester/毕设项目/Nuclear graphite/NotebookCT3/ Case Test Data/FE_Results_Cases_All/FE_Results_Case_146.txt,33.911015,400360,"ElementID, X, Y, Z,  FluenceRate, Temperature, WeightLossRate, MaxPrincipalStress"
case_147,147,FE_Results_Case_147.txt,/Users/novwin/Documents/University/University of Manchester/毕设项目/Nuclear graphite/NotebookCT3/ Case Test Data/FE_Results_Cases_All/FE_Results_Case_147.txt,33.91181,400360,"ElementID, X, Y, Z,  FluenceRate, Temperature, WeightLossRate, MaxPrincipalStress"
case_148,148,FE_Results_Case_148.txt,/Users/novwin/Documents/University/University of Manchester/毕设项目/Nuclear graphite/NotebookCT3/ Case Test Data/FE_Results_Cases_All/FE_Results_Case_148.txt,33.907145,400360,"ElementID, X, Y, Z,  FluenceRate, Temperature, WeightLossRate, MaxPrincipalStress"
case_149,149,FE_Results_Case_149.txt,/Users/novwin/Documents/University/University of Manchester/毕设项目/Nuclear graphite/NotebookCT3/ Case Test Data/FE_Results_Cases_All/FE_Results_Case_149.txt,33.907545,400360,"ElementID, X, Y, Z,  FluenceRate, Temperature, WeightLossRate, MaxPrincipalStress"
case_150,150,FE_Results_Case_150.txt,/Users/novwin/Documents/University/University of Manchester/毕设项目/Nuclear graphite/NotebookCT3/ Case Test Data/FE_Results_Cases_All/FE_Results_Case_150.txt,33.907728,400360,"ElementID, X, Y, Z,  FluenceRate, Temperature, WeightLossRate, MaxPrincipalStress"
case_151,151,FE_Results_Case_151.txt,/Users/novwin/Documents/University/University of Manchester/毕设项目/Nuclear graphite/NotebookCT3/ Case Test Data/FE_Results_Cases_All/FE_Results_Case_151.txt,33.906071,400360,"ElementID, X, Y, Z,  FluenceRate, Temperature, WeightLossRate, MaxPrincipalStress"
case_152,152,FE_Results_Case_152.txt,/Users/novwin/Documents/University/University of Manchester/毕设项目/Nuclear graphite/NotebookCT3/ Case Test Data/FE_Results_Cases_All/FE_Results_Case_152.txt,33.921206,400360,"ElementID, X, Y, Z,  FluenceRate, Temperature, WeightLossRate, MaxPrincipalStress"
case_153,153,FE_Results_Case_153.txt,/Users/novwin/Documents/University/University of Manchester/毕设项目/Nuclear graphite/NotebookCT3/ Case Test Data/FE_Results_Cases_All/FE_Results_Case_153.txt,33.909673,400360,"ElementID, X, Y, Z,  FluenceRate, Temperature, WeightLossRate, MaxPrincipalStress"
case_154,154,FE_Results_Case_154.txt,/Users/novwin/Documents/University/University of Manchester/毕设项目/Nuclear graphite/NotebookCT3/ Case Test Data/FE_Results_Cases_All/FE_Results_Case_154.txt,33.90555,400360,"ElementID, X, Y, Z,  FluenceRate, Temperature, WeightLossRate, MaxPrincipalStress"
case_155,155,FE_Results_Case_155.txt,/Users/novwin/Documents/University/University of Manchester/毕设项目/Nuclear graphite/NotebookCT3/ Case Test Data/FE_Results_Cases_All/FE_Results_Case_155.txt,33.908072,400360,"ElementID, X, Y, Z,  FluenceRate, Temperature, WeightLossRate, MaxPrincipalStress"
case_156,156,FE_Results_Case_156.txt,/Users/novwin/Documents/University/University of Manchester/毕设项目/Nuclear graphite/NotebookCT3/ Case Test Data/FE_Results_Cases_All/FE_Results_Case_156.txt,33.911438,400360,"ElementID, X, Y, Z,  FluenceRate, Temperature, WeightLossRate, MaxPrincipalStress"
case_157,157,FE_Results_Case_157.txt,/Users/novwin/Documents/University/University of Manchester/毕设项目/Nuclear graphite/NotebookCT3/ Case Test Data/FE_Results_Cases_All/FE_Results_Case_157.txt,33.910414,400360,"ElementID, X, Y, Z,  FluenceRate, Temperature, WeightLossRate, MaxPrincipalStress"
case_158,158,FE_Results_Case_158.txt,/Users/novwin/Documents/University/University of Manchester/毕设项目/Nuclear graphite/NotebookCT3/ Case Test Data/FE_Results_Cases_All/FE_Results_Case_158.txt,33.916223,400360,"ElementID, X, Y, Z,  FluenceRate, Temperature, WeightLossRate, MaxPrincipalStress"
case_159,159,FE_Results_Case_159.txt,/Users/novwin/Documents/University/University of Manchester/毕设项目/Nuclear graphite/NotebookCT3/ Case Test Data/FE_Results_Cases_All/FE_Results_Case_159.txt,33.908859,400360,"ElementID, X, Y, Z,  FluenceRate, Temperature, WeightLossRate, MaxPrincipalStress"
case_160,160,FE_Results_Case_160.txt,/Users/novwin/Documents/University/University of Manchester/毕设项目/Nuclear graphite/NotebookCT3/ Case Test Data/FE_Results_Cases_All/FE_Results_Case_160.txt,33.913374,400360,"ElementID, X, Y, Z,  FluenceRate, Temperature, WeightLossRate, MaxPrincipalStress"
case_161,161,FE_Results_Case_161.txt,/Users/novwin/Documents/University/University of Manchester/毕设项目/Nuclear graphite/NotebookCT3/ Case Test Data/FE_Results_Cases_All/FE_Results_Case_161.txt,33.931058,400360,"ElementID, X, Y, Z,  FluenceRate, Temperature, WeightLossRate, MaxPrincipalStress"
case_162,162,FE_Results_Case_162.txt,/Users/novwin/Documents/University/University of Manchester/毕设项目/Nuclear graphite/NotebookCT3/ Case Test Data/FE_Results_Cases_All/FE_Results_Case_162.txt,33.904609,400360,"ElementID, X, Y, Z,  FluenceRate, Temperature, WeightLossRate, MaxPrincipalStress"
case_163,163,FE_Results_Case_163.txt,/Users/novwin/Documents/University/University of Manchester/毕设项目/Nuclear graphite/NotebookCT3/ Case Test Data/FE_Results_Cases_All/FE_Results_Case_163.txt,33.914971,400360,"ElementID, X, Y, Z,  FluenceRate, Temperature, WeightLossRate, MaxPrincipalStress"
case_164,164,FE_Results_Case_164.txt,/Users/novwin/Documents/University/University of Manchester/毕设项目/Nuclear graphite/NotebookCT3/ Case Test Data/FE_Results_Cases_All/FE_Results_Case_164.txt,33.90868,400360,"ElementID, X, Y, Z,  FluenceRate, Temperature, WeightLossRate, MaxPrincipalStress"
case_165,165,FE_Results_Case_165.txt,/Users/novwin/Documents/University/University of Manchester/毕设项目/Nuclear graphite/NotebookCT3/ Case Test Data/FE_Results_Cases_All/FE_Results_Case_165.txt,33.918157,400360,"ElementID, X, Y, Z,  FluenceRate, Temperature, WeightLossRate, MaxPrincipalStress"
case_166,166,FE_Results_Case_166.txt,/Users/novwin/Documents/University/University of Manchester/毕设项目/Nuclear graphite/NotebookCT3/ Case Test Data/FE_Results_Cases_All/FE_Results_Case_166.txt,33.911005,400360,"ElementID, X, Y, Z,  FluenceRate, Temperature, WeightLossRate, MaxPrincipalStress"
case_167,167,FE_Results_Case_167.txt,/Users/novwin/Documents/University/University of Manchester/毕设项目/Nuclear graphite/NotebookCT3/ Case Test Data/FE_Results_Cases_All/FE_Results_Case_167.txt,33.90537,400360,"ElementID, X, Y, Z,  FluenceRate, Temperature, WeightLossRate, MaxPrincipalStress"
case_168,168,FE_Results_Case_168.txt,/Users/novwin/Documents/University/University of Manchester/毕设项目/Nuclear graphite/NotebookCT3/ Case Test Data/FE_Results_Cases_All/FE_Results_Case_168.txt,33.911632,400360,"ElementID, X, Y, Z,  FluenceRate, Temperature, WeightLossRate, MaxPrincipalStress"
case_169,169,FE_Results_Case_169.txt,/Users/novwin/Documents/University/University of Manchester/毕设项目/Nuclear graphite/NotebookCT3/ Case Test Data/FE_Results_Cases_All/FE_Results_Case_169.txt,33.909887,400360,"ElementID, X, Y, Z,  FluenceRate, Temperature, WeightLossRate, MaxPrincipalStress"
case_170,170,FE_Results_Case_170.txt,/Users/novwin/Documents/University/University of Manchester/毕设项目/Nuclear graphite/NotebookCT3/ Case Test Data/FE_Results_Cases_All/FE_Results_Case_170.txt,33.905459,400360,"ElementID, X, Y, Z,  FluenceRate, Temperature, WeightLossRate, MaxPrincipalStress"
case_171,171,FE_Results_Case_171.txt,/Users/novwin/Documents/University/University of Manchester/毕设项目/Nuclear graphite/NotebookCT3/ Case Test Data/FE_Results_Cases_All/FE_Results_Case_171.txt,33.916889,400360,"ElementID, X, Y, Z,  FluenceRate, Temperature, WeightLossRate, MaxPrincipalStress"
case_172,172,FE_Results_Case_172.txt,/Users/novwin/Documents/University/University of Manchester/毕设项目/Nuclear graphite/NotebookCT3/ Case Test Data/FE_Results_Cases_All/FE_Results_Case_172.txt,33.918809,400360,"ElementID, X, Y, Z,  FluenceRate, Temperature, WeightLossRate, MaxPrincipalStress"
case_173,173,FE_Results_Case_173.txt,/Users/novwin/Documents/University/University of Manchester/毕设项目/Nuclear graphite/NotebookCT3/ Case Test Data/FE_Results_Cases_All/FE_Results_Case_173.txt,33.976751,400360,"ElementID, X, Y, Z,  FluenceRate, Temperature, WeightLossRate, MaxPrincipalStress"
case_174,174,FE_Results_Case_174.txt,/Users/novwin/Documents/University/University of Manchester/毕设项目/Nuclear graphite/NotebookCT3/ Case Test Data/FE_Results_Cases_All/FE_Results_Case_174.txt,34.066935,400360,"ElementID, X, Y, Z,  FluenceRate, Temperature, WeightLossRate, MaxPrincipalStress"
case_175,175,FE_Results_Case_175.txt,/Users/novwin/Documents/University/University of Manchester/毕设项目/Nuclear graphite/NotebookCT3/ Case Test Data/FE_Results_Cases_All/FE_Results_Case_175.txt,33.911699,400360,"ElementID, X, Y, Z,  FluenceRate, Temperature, WeightLossRate, MaxPrincipalStress"
case_176,176,FE_Results_Case_176.txt,/Users/novwin/Documents/University/University of Manchester/毕设项目/Nuclear graphite/NotebookCT3/ Case Test Data/FE_Results_Cases_All/FE_Results_Case_176.txt,33.909276,400360,"ElementID, X, Y, Z,  FluenceRate, Temperature, WeightLossRate, MaxPrincipalStress"
case_177,177,FE_Results_Case_177.txt,/Users/novwin/Documents/University/University of Manchester/毕设项目/Nuclear graphite/NotebookCT3/ Case Test Data/FE_Results_Cases_All/FE_Results_Case_177.txt,34.020422,400360,"ElementID, X, Y, Z,  FluenceRate, Temperature, WeightLossRate, MaxPrincipalStress"
case_178,178,FE_Results_Case_178.txt,/Users/novwin/Documents/University/University of Manchester/毕设项目/Nuclear graphite/NotebookCT3/ Case Test Data/FE_Results_Cases_All/FE_Results_Case_178.txt,33.914639,400360,"ElementID, X, Y, Z,  FluenceRate, Temperature, WeightLossRate, MaxPrincipalStress"
case_179,179,FE_Results_Case_179.txt,/Users/novwin/Documents/University/University of Manchester/毕设项目/Nuclear graphite/NotebookCT3/ Case Test Data/FE_Results_Cases_All/FE_Results_Case_179.txt,33.91382,400360,"ElementID, X, Y, Z,  FluenceRate, Temperature, WeightLossRate, MaxPrincipalStress"
case_180,180,FE_Results_Case_180.txt,/Users/novwin/Documents/University/University of Manchester/毕设项目/Nuclear graphite/NotebookCT3/ Case Test Data/FE_Results_Cases_All/FE_Results_Case_180.txt,33.908485,400360,"ElementID, X, Y, Z,  FluenceRate, Temperature, WeightLossRate, MaxPrincipalStress"
case_181,181,FE_Results_Case_181.txt,/Users/novwin/Documents/University/University of Manchester/毕设项目/Nuclear graphite/NotebookCT3/ Case Test Data/FE_Results_Cases_All/FE_Results_Case_181.txt,33.911756,400360,"ElementID, X, Y, Z,  FluenceRate, Temperature, WeightLossRate, MaxPrincipalStress"
case_182,182,FE_Results_Case_182.txt,/Users/novwin/Documents/University/University of Manchester/毕设项目/Nuclear graphite/NotebookCT3/ Case Test Data/FE_Results_Cases_All/FE_Results_Case_182.txt,33.911404,400360,"ElementID, X, Y, Z,  FluenceRate, Temperature, WeightLossRate, MaxPrincipalStress"
case_183,183,FE_Results_Case_183.txt,/Users/novwin/Documents/University/University of Manchester/毕设项目/Nuclear graphite/NotebookCT3/ Case Test Data/FE_Results_Cases_All/FE_Results_Case_183.txt,33.913705,400360,"ElementID, X, Y, Z,  FluenceRate, Temperature, WeightLossRate, MaxPrincipalStress"
case_184,184,FE_Results_Case_184.txt,/Users/novwin/Documents/University/University of Manchester/毕设项目/Nuclear graphite/NotebookCT3/ Case Test Data/FE_Results_Cases_All/FE_Results_Case_184.txt,33.910285,400360,"ElementID, X, Y, Z,  FluenceRate, Temperature, WeightLossRate, MaxPrincipalStress"
case_185,185,FE_Results_Case_185.txt,/Users/novwin/Documents/University/University of Manchester/毕设项目/Nuclear graphite/NotebookCT3/ Case Test Data/FE_Results_Cases_All/FE_Results_Case_185.txt,33.909468,400360,"ElementID, X, Y, Z,  FluenceRate, Temperature, WeightLossRate, MaxPrincipalStress"
case_186,186,FE_Results_Case_186.txt,/Users/novwin/Documents/University/University of Manchester/毕设项目/Nuclear graphite/NotebookCT3/ Case Test Data/FE_Results_Cases_All/FE_Results_Case_186.txt,33.909222,400360,"ElementID, X, Y, Z,  FluenceRate, Temperature, WeightLossRate, MaxPrincipalStress"
case_187,187,FE_Results_Case_187.txt,/Users/novwin/Documents/University/University of Manchester/毕设项目/Nuclear graphite/NotebookCT3/ Case Test Data/FE_Results_Cases_All/FE_Results_Case_187.txt,33.910972,400360,"ElementID, X, Y, Z,  FluenceRate, Temperature, WeightLossRate, MaxPrincipalStress"
case_188,188,FE_Results_Case_188.txt,/Users/novwin/Documents/University/University of Manchester/毕设项目/Nuclear graphite/NotebookCT3/ Case Test Data/FE_Results_Cases_All/FE_Results_Case_188.txt,33.912369,400360,"ElementID, X, Y, Z,  FluenceRate, Temperature, WeightLossRate, MaxPrincipalStress"
case_189,189,FE_Results_Case_189.txt,/Users/novwin/Documents/University/University of Manchester/毕设项目/Nuclear graphite/NotebookCT3/ Case Test Data/FE_Results_Cases_All/FE_Results_Case_189.txt,33.91063,400360,"ElementID, X, Y, Z,  FluenceRate, Temperature, WeightLossRate, MaxPrincipalStress"
case_190,190,FE_Results_Case_190.txt,/Users/novwin/Documents/University/University of Manchester/毕设项目/Nuclear graphite/NotebookCT3/ Case Test Data/FE_Results_Cases_All/FE_Results_Case_190.txt,33.911848,400360,"ElementID, X, Y, Z,  FluenceRate, Temperature, WeightLossRate, MaxPrincipalStress"
case_191,191,FE_Results_Case_191.txt,/Users/novwin/Documents/University/University of Manchester/毕设项目/Nuclear graphite/NotebookCT3/ Case Test Data/FE_Results_Cases_All/FE_Results_Case_191.txt,33.911339,400360,"ElementID, X, Y, Z,  FluenceRate, Temperature, WeightLossRate, MaxPrincipalStress"
case_192,192,FE_Results_Case_192.txt,/Users/novwin/Documents/University/University of Manchester/毕设项目/Nuclear graphite/NotebookCT3/ Case Test Data/FE_Results_Cases_All/FE_Results_Case_192.txt,33.910992,400360,"ElementID, X, Y, Z,  FluenceRate, Temperature, WeightLossRate, MaxPrincipalStress"
case_193,193,FE_Results_Case_193.txt,/Users/novwin/Documents/University/University of Manchester/毕设项目/Nuclear graphite/NotebookCT3/ Case Test Data/FE_Results_Cases_All/FE_Results_Case_193.txt,33.909637,400360,"ElementID, X, Y, Z,  FluenceRate, Temperature, WeightLossRate, MaxPrincipalStress"
case_194,194,FE_Results_Case_194.txt,/Users/novwin/Documents/University/University of Manchester/毕设项目/Nuclear graphite/NotebookCT3/ Case Test Data/FE_Results_Cases_All/FE_Results_Case_194.txt,33.910481,400360,"ElementID, X, Y, Z,  FluenceRate, Temperature, WeightLossRate, MaxPrincipalStress"
case_195,195,FE_Results_Case_195.txt,/Users/novwin/Documents/University/University of Manchester/毕设项目/Nuclear graphite/NotebookCT3/ Case Test Data/FE_Results_Cases_All/FE_Results_Case_195.txt,33.912464,400360,"ElementID, X, Y, Z,  FluenceRate, Temperature, WeightLossRate, MaxPrincipalStress"
case_196,196,FE_Results_Case_196.txt,/Users/novwin/Documents/University/University of Manchester/毕设项目/Nuclear graphite/NotebookCT3/ Case Test Data/FE_Results_Cases_All/FE_Results_Case_196.txt,33.912169,400360,"ElementID, X, Y, Z,  FluenceRate, Temperature, WeightLossRate, MaxPrincipalStress"
case_197,197,FE_Results_Case_197.txt,/Users/novwin/Documents/University/University of Manchester/毕设项目/Nuclear graphite/NotebookCT3/ Case Test Data/FE_Results_Cases_All/FE_Results_Case_197.txt,33.909537,400360,"ElementID, X, Y, Z,  FluenceRate, Temperature, WeightLossRate, MaxPrincipalStress"
case_198,198,FE_Results_Case_198.txt,/Users/novwin/Documents/University/University of Manchester/毕设项目/Nuclear graphite/NotebookCT3/ Case Test Data/FE_Results_Cases_All/FE_Results_Case_198.txt,33.909825,400360,"ElementID, X, Y, Z,  FluenceRate, Temperature, WeightLossRate, MaxPrincipalStress"
case_199,199,FE_Results_Case_199.txt,/Users/novwin/Documents/University/University of Manchester/毕设项目/Nuclear graphite/NotebookCT3/ Case Test Data/FE_Results_Cases_All/FE_Results_Case_199.txt,33.913195,400360,"ElementID, X, Y, Z,  FluenceRate, Temperature, WeightLossRate, MaxPrincipalStress"
case_200,200,FE_Results_Case_200.txt,/Users/novwin/Documents/University/University of Manchester/毕设项目/Nuclear graphite/NotebookCT3/ Case Test Data/FE_Results_Cases_All/FE_Results_Case_200.txt,33.908817,400360,"ElementID, X, Y, Z,  FluenceRate, Temperature, WeightLossRate, MaxPrincipalStress"
