iteration,case_id,legacy_split,similarity_group,v12_signature_sha256,gain,tail_weighted_huber_loss,actual_p90,actual_p95,actual_p99,background_lt_p90_count,p90_p95_count,p95_p99_count,p99_plus_count,fluence_rate_mean,fluence_rate_std,fluence_rate_p95,temperature_mean,temperature_std,temperature_p95,weight_loss_rate_mean,weight_loss_rate_std,weight_loss_rate_p95,v10_case_scale,case_mean_correction_mpa,tail_correction_std_mpa,tail_correction_abs_max_mpa,n_elements,mae,rmse,r2,bias_predicted_minus_actual,top5_actual_rmse,top5_actual_bias,actual_mean,predicted_mean,predicted_p95,p95_relative_error,p95_underprediction_fraction,predicted_p99,p99_relative_error,p99_underprediction_fraction,actual_max,predicted_max,max_relative_error,prediction_abs_max_ratio,top5pct_hotspot_overlap,top1pct_hotspot_overlap,top1_recall_in_predicted_top5,negative_prediction_fraction,sum_absolute_error,sum_squared_error,actual_sum,actual_squared_sum
1,case_28,internal_test,group_020,ec47276df49b70d2b8ed70c74d311c463ee0ee3bc2525fe26bfedf2f3fb467ed,0.0,0.36757084880807767,8.16353693008423,9.724851751327513,15.672686471939013,360324,20018,16014,4004,3.444808959960937,0.4001657962799072,4.344237804412842,388.1788024902344,18.416955947875977,427.000244140625,0.4003788828849792,0.0502807050943374,0.5012249946594238,4.5791667826617894,-0.4887957486082627,0.9650820388985308,7.316950024997338,400360,1.4286362369694996,2.0242662202480775,0.5557715034182855,-0.06118269645059456,4.35068740148901,-2.935763309404233,5.5266866433473245,5.465503946896731,9.66016833726551,0.006651352197032021,0.006651352197032021,12.921797464005135,0.17552121730114215,0.17552121730114215,36.075843811035156,27.52522045804669,0.23701797240770114,0.7629820275922988,0.5076930762313917,0.5262237762237763,0.843906093906094,0.05336696972724548,571968.8038331089,1640536.6475179326,2212664.264530535,15921703.859572133
1,case_28,internal_test,group_020,ec47276df49b70d2b8ed70c74d311c463ee0ee3bc2525fe26bfedf2f3fb467ed,0.025,0.3638576554911786,8.16353693008423,9.724851751327513,15.672686471939013,360324,20018,16014,4004,3.444808959960937,0.4001657962799072,4.344237804412842,388.1788024902344,18.416955947875977,427.000244140625,0.4003788828849792,0.0502807050943374,0.5012249946594238,4.5791667826617894,-0.4887957486082627,0.9650820388985308,7.316950024997338,400360,1.4229702962024868,2.0167106657192284,0.5590814719825027,-0.061182696450594515,4.3119993995123735,-2.9000634751074195,5.5266866433473245,5.465503946896731,9.66428468521675,0.006228070890900311,0.006228070890900311,12.934893495679002,0.17468562145755046,0.17468562145755046,36.075843811035156,27.618792914967724,0.23442420197751618,0.7655757980224839,0.5102407832950344,0.5294705294705294,0.8479020979020979,0.05337196523129184,569700.3877876276,1628312.9275775985,2212664.264530535,15921703.859572133
1,case_28,internal_test,group_020,ec47276df49b70d2b8ed70c74d311c463ee0ee3bc2525fe26bfedf2f3fb467ed,0.05,0.36021295972591355,8.16353693008423,9.724851751327513,15.672686471939013,360324,20018,16014,4004,3.444808959960937,0.4001657962799072,4.344237804412842,388.1788024902344,18.416955947875977,427.000244140625,0.4003788828849792,0.0502807050943374,0.5012249946594238,4.5791667826617894,-0.4887957486082627,0.9650820388985308,7.316950024997338,400360,1.4175187901278679,2.0094164120936218,0.5622652259343803,-0.061182696450594515,4.273882293632099,-2.8643636408106063,5.5266866433473245,5.465503946896731,9.669221293675312,0.005720442745526414,0.005720442745526414,12.950335313285262,0.17370035210797807,0.17370035210797807,36.075843811035156,27.712365371888755,0.23183043154733132,0.7681695684526687,0.5127884903586772,0.5324675324675324,0.8508991008991009,0.05338445399140773,567517.8228155932,1616555.3184306705,2212664.264530535,15921703.859572133
1,case_28,internal_test,group_020,ec47276df49b70d2b8ed70c74d311c463ee0ee3bc2525fe26bfedf2f3fb467ed,0.075,0.3566390202817252,8.16353693008423,9.724851751327513,15.672686471939013,360324,20018,16014,4004,3.444808959960937,0.4001657962799072,4.344237804412842,388.1788024902344,18.416955947875977,427.000244140625,0.4003788828849792,0.0502807050943374,0.5012249946594238,4.5791667826617894,-0.4887957486082627,0.9650820388985308,7.316950024997338,400360,1.412288303582847,2.002386314958722,0.5653227652739182,-0.06118269645059448,4.236351494004703,-2.8286638065137923,5.5266866433473245,5.465503946896729,9.674689907943732,0.005158108798618359,0.005158108798618359,12.95615533194689,0.17332900424288494,0.17332900424288494,36.075843811035156,27.80593782880979,0.22923666111714633,0.7707633388828536,0.5152362873413927,0.5357142857142857,0.8541458541458542,0.05338944949545409,565423.7452224287,1605263.820077149,2212664.264530535,15921703.859572133
1,case_28,internal_test,group_020,ec47276df49b70d2b8ed70c74d311c463ee0ee3bc2525fe26bfedf2f3fb467ed,0.1,0.35313806621598953,8.16353693008423,9.724851751327513,15.672686471939013,360324,20018,16014,4004,3.444808959960937,0.4001657962799072,4.344237804412842,388.1788024902344,18.416955947875977,427.000244140625,0.4003788828849792,0.0502807050943374,0.5012249946594238,4.5791667826617894,-0.4887957486082627,0.9650820388985308,7.316950024997338,400360,1.4073129873196626,1.9956231659945207,0.5682540900011168,-0.061182696450594515,4.199422720350596,-2.792963972216979,5.5266866433473245,5.465503946896729,9.681613919726109,0.00444611729896056,0.00444611729896056,12.964202082204407,0.17281557916595738,0.17281557916595738,36.075843811035156,27.899510285730823,0.22664289068696136,0.7733571093130386,0.5180837246478169,0.5374625374625375,0.8596403596403597,0.05339694275152363,563431.8276033001,1594438.432517033,2212664.264530535,15921703.859572133
1,case_28,internal_test,group_020,ec47276df49b70d2b8ed70c74d311c463ee0ee3bc2525fe26bfedf2f3fb467ed,0.125,0.3497120805919579,8.16353693008423,9.724851751327513,15.672686471939013,360324,20018,16014,4004,3.444808959960937,0.4001657962799072,4.344237804412842,388.1788024902344,18.416955947875977,427.000244140625,0.4003788828849792,0.0502807050943374,0.5012249946594238,4.5791667826617894,-0.4887957486082627,0.9650820388985308,7.316950024997338,400360,1.4026104581076868,1.9891296881177136,0.5710592001159757,-0.06118269645059448,4.163111993466516,-2.7572641379201652,5.5266866433473245,5.465503946896729,9.691179610557917,0.0034624837098416058,0.0034624837098416058,12.979810223434455,0.1718196974925765,0.1718196974925765,36.075843811035156,27.993082742651858,0.2240491202567764,0.7759508797432236,0.5203816565091418,0.5399600399600399,0.8626373626373627,0.05341192926366271,561549.1230079934,1584079.1557503236,2212664.264530535,15921703.859572133
1,case_28,internal_test,group_020,ec47276df49b70d2b8ed70c74d311c463ee0ee3bc2525fe26bfedf2f3fb467ed,0.15,0.3463627234878127,8.16353693008423,9.724851751327513,15.672686471939013,360324,20018,16014,4004,3.444808959960937,0.4001657962799072,4.344237804412842,388.1788024902344,18.416955947875977,427.000244140625,0.4003788828849792,0.0502807050943374,0.5012249946594238,4.5791667826617894,-0.4887957486082627,0.9650820388985308,7.316950024997338,400360,1.3981693181778505,1.9829085306251035,0.573738095618495,-0.061182696450594445,4.12743562500976,-2.721564303623351,5.5266866433473245,5.465503946896729,9.698562167875803,0.002703340279518561,0.002703340279518561,12.991461936958407,0.17107625675924637,0.17107625675924637,36.075843811035156,28.08665519957289,0.22145534982659154,0.7785446501734085,0.522879408532321,0.5422077922077922,0.8651348651348651,0.053431911279848136,559771.0682256842,1574185.9897770202,2212664.264530535,15921703.859572133
1,case_28,internal_test,group_020,ec47276df49b70d2b8ed70c74d311c463ee0ee3bc2525fe26bfedf2f3fb467ed,0.175,0.34309144915098777,8.16353693008423,9.724851751327513,15.672686471939013,360324,20018,16014,4004,3.444808959960937,0.4001657962799072,4.344237804412842,388.1788024902344,18.416955947875977,427.000244140625,0.4003788828849792,0.0502807050943374,0.5012249946594238,4.5791667826617894,-0.4887957486082627,0.9650820388985308,7.316950024997338,400360,1.3939683983795728,1.9769622643534694,0.5762907765086747,-0.06118269645059464,4.092410205436607,-2.685864469326538,5.5266866433473245,5.465503946896729,9.707491066458294,0.0017851876114049036,0.0017851876114049036,13.007525297987934,0.1700513296634171,0.1700513296634171,36.075843811035156,28.180227656493923,0.21886157939640657,0.7811384206035934,0.5257268458387452,0.5439560439560439,0.8678821178821179,0.05344689779198721,558089.1879752458,1564758.934597123,2212664.264530535,15921703.859572133
1,case_28,internal_test,group_020,ec47276df49b70d2b8ed70c74d311c463ee0ee3bc2525fe26bfedf2f3fb467ed,0.2,0.3398998112484167,8.16353693008423,9.724851751327513,15.672686471939013,360324,20018,16014,4004,3.444808959960937,0.4001657962799072,4.344237804412842,388.1788024902344,18.416955947875977,427.000244140625,0.4003788828849792,0.0502807050943374,0.5012249946594238,4.5791667826617894,-0.4887957486082627,0.9650820388985308,7.316950024997338,400360,1.3900136823217084,1.9712933768738337,0.578717242786515,-0.061182696450594605,4.058052589978436,-2.650164635029724,5.5266866433473245,5.465503946896729,9.71590140157852,0.0009203584772149461,0.0009203584772149461,13.023488402646898,0.16903279945243227,0.16903279945243227,36.075843811035156,28.273800113414957,0.2162678089662216,0.7837321910337784,0.528374462983315,0.5467032967032966,0.8698801198801199,0.05345688880007993,556505.8778543192,1555797.9902106314,2212664.264530535,15921703.859572133
1,case_28,internal_test,group_020,ec47276df49b70d2b8ed70c74d311c463ee0ee3bc2525fe26bfedf2f3fb467ed,0.225,0.3367889543292716,8.16353693008423,9.724851751327513,15.672686471939013,360324,20018,16014,4004,3.444808959960937,0.4001657962799072,4.344237804412842,388.1788024902344,18.416955947875977,427.000244140625,0.4003788828849792,0.0502807050943374,0.5012249946594238,4.5791667826617894,-0.4887957486082627,0.9650820388985308,7.316950024997338,400360,1.386313686789866,1.965904267738626,0.5810174944520159,-0.06118269645059459,4.024379882541744,-2.6144648007329105,5.5266866433473245,5.465503946896731,9.72699232564404,0.00022011382499844,0.0,13.042621808240204,0.16781198733272557,0.16781198733272557,36.075843811035156,28.367372570335988,0.21367403853603673,0.7863259614639633,0.5311719452492757,0.5516983016983017,0.8721278721278721,0.053471875312219,555024.5476431907,1547303.156617546,2212664.264530535,15921703.859572133
1,case_28,internal_test,group_020,ec47276df49b70d2b8ed70c74d311c463ee0ee3bc2525fe26bfedf2f3fb467ed,0.25,0.3337600152011476,8.16353693008423,9.724851751327513,15.672686471939013,360324,20018,16014,4004,3.444808959960937,0.4001657962799072,4.344237804412842,388.1788024902344,18.416955947875977,427.000244140625,0.4003788828849792,0.0502807050943374,0.5012249946594238,4.5791667826617894,-0.4887957486082627,0.9650820388985308,7.316950024997338,400360,1.382850979300203,1.9607972438007202,0.583191531505177,-0.061182696450594605,3.991409417422589,-2.578764966436097,5.5266866433473245,5.465503946896731,9.739207249510722,0.0014761662748482465,0.0,13.058671674800452,0.16678792125515904,0.16678792125515904,36.075843811035156,28.460945027257022,0.21108026810585176,0.7889197318941482,0.5344190228794086,0.5556943056943057,0.8751248751248751,0.05347936856828854,553638.2180726293,1539274.4338178672,2212664.264530535,15921703.859572133
1,case_28,internal_test,group_020,ec47276df49b70d2b8ed70c74d311c463ee0ee3bc2525fe26bfedf2f3fb467ed,0.275,0.330814625876214,8.16353693008423,9.724851751327513,15.672686471939013,360324,20018,16014,4004,3.444808959960937,0.4001657962799072,4.344237804412842,388.1788024902344,18.416955947875977,427.000244140625,0.4003788828849792,0.0502807050943374,0.5012249946594238,4.5791667826617894,-0.4887957486082627,0.9650820388985308,7.316950024997338,400360,1.3796077902131214,1.9559745146236729,0.5852393539459986,-0.06118269645059462,3.9591587387322296,-2.5430651321392834,5.5266866433473245,5.465503946896729,9.757871014792546,0.0033953487733656192,0.0,13.080101671733422,0.16542057450376843,0.16542057450376843,36.075843811035156,28.554517484178056,0.2084864976756668,0.7915135023243332,0.5381656509141772,0.5589410589410589,0.8771228771228772,0.05349185732840444,552339.7748897253,1531711.8218115938,2212664.264530535,15921703.859572133
1,case_28,internal_test,group_020,ec47276df49b70d2b8ed70c74d311c463ee0ee3bc2525fe26bfedf2f3fb467ed,0.3,0.32795464663375196,8.16353693008423,9.724851751327513,15.672686471939013,360324,20018,16014,4004,3.444808959960937,0.4001657962799072,4.344237804412842,388.1788024902344,18.416955947875977,427.000244140625,0.4003788828849792,0.0502807050943374,0.5012249946594238,4.5791667826617894,-0.4887957486082627,0.9650820388985308,7.316950024997338,400360,1.3765915858398667,1.951438188002731,0.5871609617744806,-0.06118269645059454,3.9276455774390904,-2.5073652978424703,5.5266866433473245,5.465503946896729,9.781693039025011,0.005844951589080927,0.0,13.104916776056301,0.16383724005965067,0.16383724005965067,36.075843811035156,28.648089941099087,0.20589272724548194,0.7941072727545181,0.543710660405635,0.5616883116883117,0.8793706293706294,0.05350934159256669,551132.2073068491,1524615.320598727,2212664.264530535,15921703.859572133
1,case_28,internal_test,group_020,ec47276df49b70d2b8ed70c74d311c463ee0ee3bc2525fe26bfedf2f3fb467ed,0.325,0.3251821237626181,8.16353693008423,9.724851751327513,15.672686471939013,360324,20018,16014,4004,3.444808959960937,0.4001657962799072,4.344237804412842,388.1788024902344,18.416955947875977,427.000244140625,0.4003788828849792,0.0502807050943374,0.5012249946594238,4.5791667826617894,-0.4887957486082627,0.9650820388985308,7.316950024997338,400360,1.3737821171961828,1.9471902656162559,0.5889563549906233,-0.06118269645059455,3.896887825942765,-2.4716654635456563,5.5266866433473245,5.465503946896729,9.805693265435949,0.008312878815597355,0.0,13.120228943846428,0.16286024305166855,0.16286024305166855,36.075843811035156,28.74166239802012,0.20329895681529697,0.796701043184703,0.5478069737236487,0.5636863136863137,0.8821178821178821,0.05351683484863623,550007.4084406637,1517984.930179266,2212664.264530535,15921703.859572133
1,case_28,internal_test,group_020,ec47276df49b70d2b8ed70c74d311c463ee0ee3bc2525fe26bfedf2f3fb467ed,0.35,0.32249910160310613,8.16353693008423,9.724851751327513,15.672686471939013,360324,20018,16014,4004,3.444808959960937,0.4001657962799072,4.344237804412842,388.1788024902344,18.416955947875977,427.000244140625,0.4003788828849792,0.0502807050943374,0.5012249946594238,4.5791667826617894,-0.4887957486082627,0.9650820388985308,7.316950024997338,400360,1.3711763740871958,1.94323263882719,0.5906255335944263,-0.06118269645059452,3.8669035101088345,-2.4359656292488423,5.5266866433473245,5.465503946896729,9.827272083118705,0.010531814202433588,0.0,13.13987748278777,0.16160656270934046,0.16160656270934046,36.075843811035156,28.835234854941156,0.200705186385112,0.799294813614888,0.5523029273653711,0.5656843156843157,0.8876123876123876,0.05352432810470577,548964.1731295497,1511820.650553211,2212664.264530535,15921703.859572133
1,case_28,internal_test,group_020,ec47276df49b70d2b8ed70c74d311c463ee0ee3bc2525fe26bfedf2f3fb467ed,0.375,0.3199075051707607,8.16353693008423,9.724851751327513,15.672686471939013,360324,20018,16014,4004,3.444808959960937,0.4001657962799072,4.344237804412842,388.1788024902344,18.416955947875977,427.000244140625,0.4003788828849792,0.0502807050943374,0.5012249946594238,4.5791667826617894,-0.4887957486082627,0.9650820388985308,7.316950024997338,400360,1.3687830770145677,1.939567084653975,0.5921684975858897,-0.06118269645059451,3.8377107587089134,-2.400265794952029,5.5266866433473245,5.465503946896729,9.847772771955427,0.012639886321262821,0.0,13.15981444003234,0.16033447975915402,0.16033447975915402,36.075843811035156,28.92880731186219,0.19811141595492704,0.801888584045073,0.5554500949145769,0.5676823176823177,0.8936063936063936,0.05353431911279848,548005.9927135523,1506122.4817205623,2212664.264530535,15921703.859572133
1,case_28,internal_test,group_020,ec47276df49b70d2b8ed70c74d311c463ee0ee3bc2525fe26bfedf2f3fb467ed,0.4,0.3174092757264248,8.16353693008423,9.724851751327513,15.672686471939013,360324,20018,16014,4004,3.444808959960937,0.4001657962799072,4.344237804412842,388.1788024902344,18.416955947875977,427.000244140625,0.4003788828849792,0.0502807050943374,0.5012249946594238,4.5791667826617894,-0.4887957486082627,0.9650820388985308,7.316950024997338,400360,1.366601008825229,1.9361952619300076,0.5935852469650136,-0.061182696450594515,3.8093277702286628,-2.364565960655215,5.5266866433473245,5.465503946896729,9.874034726588716,0.015340385547865909,0.0,13.180669509851908,0.15900381638775896,0.15900381638775896,36.075843811035156,29.02237976878322,0.19551764552474216,0.8044823544752578,0.559496453192127,0.5704295704295704,0.8973526473526473,0.053551803376960735,547132.3798932687,1500890.4236813197,2212664.264530535,15921703.859572133
1,case_28,internal_test,group_020,ec47276df49b70d2b8ed70c74d311c463ee0ee3bc2525fe26bfedf2f3fb467ed,0.425,0.31500649940077063,8.16353693008423,9.724851751327513,15.672686471939013,360324,20018,16014,4004,3.444808959960937,0.4001657962799072,4.344237804412842,388.1788024902344,18.416955947875977,427.000244140625,0.4003788828849792,0.0502807050943374,0.5012249946594238,4.5791667826617894,-0.4887957486082627,0.9650820388985308,7.316950024997338,400360,1.3646429026978384,1.9331187076702139,0.594875781731798,-0.06118269645059451,3.7817727770276504,-2.328866126358402,5.5266866433473245,5.465503946896731,9.907254034989842,0.018756304808186887,0.0,13.210783128581816,0.15708240879858623,0.15708240879858623,36.075843811035156,29.115952225704255,0.1929238750945572,0.8070761249054428,0.5647916874812668,0.5749250749250749,0.9055944055944056,0.053556798881007096,546348.4325241066,1496124.4764354832,2212664.264530535,15921703.859572133
1,case_28,internal_test,group_020,ec47276df49b70d2b8ed70c74d311c463ee0ee3bc2525fe26bfedf2f3fb467ed,0.45,0.3127010957268851,8.16353693008423,9.724851751327513,15.672686471939013,360324,20018,16014,4004,3.444808959960937,0.4001657962799072,4.344237804412842,388.1788024902344,18.416955947875977,427.000244140625,0.4003788828849792,0.0502807050943374,0.5012249946594238,4.5791667826617894,-0.4887957486082627,0.9650820388985308,7.316950024997338,400360,1.3629031308626514,1.930338833662671,0.5960401018862427,-0.06118269645059446,3.755064006858817,-2.293166292061588,5.5266866433473245,5.465503946896731,9.94223055766703,0.022352917236999763,0.0,13.237161973115287,0.15539929948732045,0.15539929948732045,36.075843811035156,29.20952468262529,0.19033010466437222,0.8096698953356277,0.5693375961634529,0.5771728271728271,0.9063436563436563,0.05356678988909981,545651.8974721711,1491824.6399830529,2212664.264530535,15921703.859572133
1,case_28,internal_test,group_020,ec47276df49b70d2b8ed70c74d311c463ee0ee3bc2525fe26bfedf2f3fb467ed,0.475,0.31049545853286276,8.16353693008423,9.724851751327513,15.672686471939013,360324,20018,16014,4004,3.444808959960937,0.4001657962799072,4.344237804412842,388.1788024902344,18.416955947875977,427.000244140625,0.4003788828849792,0.0502807050943374,0.5012249946594238,4.5791667826617894,-0.4887957486082627,0.9650820388985308,7.316950024997338,400360,1.3613744079799361,1.9278569233024059,0.597078207428348,-0.06118269645059468,3.729219641782015,-2.2574664577647745,5.5266866433473245,5.465503946896731,9.978086137425384,0.026039922517410368,0.0,13.26689448651688,0.15350220842671455,0.15350220842671455,36.075843811035156,29.30309713954632,0.18773633423418737,0.8122636657658127,0.5728844040363673,0.5799200799200799,0.9070929070929071,0.05358677190528524,545039.8579788472,1487990.9143240284,2212664.264530535,15921703.859572133
1,case_28,internal_test,group_020,ec47276df49b70d2b8ed70c74d311c463ee0ee3bc2525fe26bfedf2f3fb467ed,0.5,0.30839189227103847,8.16353693008423,9.724851751327513,15.672686471939013,360324,20018,16014,4004,3.444808959960937,0.4001657962799072,4.344237804412842,388.1788024902344,18.416955947875977,427.000244140625,0.4003788828849792,0.0502807050943374,0.5012249946594238,4.5791667826617894,-0.4887957486082627,0.9650820388985308,7.316950024997338,400360,1.3600637441609178,1.9256741286835455,0.5979900983581137,-0.06118269645059464,3.7042577745354035,-2.2217666234679605,5.5266866433473245,5.465503946896729,10.014798831103679,0.02981506424882888,0.0,13.291844878042856,0.15191024194600644,0.15191024194600644,36.075843811035156,29.396669596467355,0.1851425638040024,0.8148574361959976,0.579028874013388,0.5816683316683317,0.9068431568431569,0.0535917674093316,544515.1206122651,1484623.2994584101,2212664.264530535,15921703.859572133
1,case_28,internal_test,group_020,ec47276df49b70d2b8ed70c74d311c463ee0ee3bc2525fe26bfedf2f3fb467ed,0.525,0.3063924374703389,8.16353693008423,9.724851751327513,15.672686471939013,360324,20018,16014,4004,3.444808959960937,0.4001657962799072,4.344237804412842,388.1788024902344,18.416955947875977,427.000244140625,0.4003788828849792,0.0502807050943374,0.5012249946594238,4.5791667826617894,-0.4887957486082627,0.9650820388985308,7.316950024997338,400360,1.3589747343930971,1.9237914679648889,0.5987757746755398,-0.061182696450594605,3.680196362460324,-2.1860667891711474,5.5266866433473245,5.465503946896729,10.0491756462085,0.03335000914915893,0.0,13.31708853660504,0.15029956348272056,0.15029956348272056,36.075843811035156,29.49024205338839,0.18254879337381744,0.8174512066261825,0.5818763113198122,0.5861638361638362,0.9048451548451548,0.0536042561694475,544079.1246616204,1481721.795386198,2212664.264530535,15921703.859572133
1,case_28,internal_test,group_020,ec47276df49b70d2b8ed70c74d311c463ee0ee3bc2525fe26bfedf2f3fb467ed,0.55,0.30449955610392865,8.16353693008423,9.724851751327513,15.672686471939013,360324,20018,16014,4004,3.444808959960937,0.4001657962799072,4.344237804412842,388.1788024902344,18.416955947875977,427.000244140625,0.4003788828849792,0.0502807050943374,0.5012249946594238,4.5791667826617894,-0.4887957486082627,0.9650820388985308,7.316950024997338,400360,1.3581041459330003,1.9222098230227436,0.5994352363806266,-0.06118269645059462,3.6570531791093,-2.150366954874334,5.5266866433473245,5.465503946896729,10.076825096363144,0.03619318361203649,0.0,13.352134083486128,0.1480634728837135,0.1480634728837135,36.075843811035156,29.583814510309423,0.17995502294363247,0.8200449770563676,0.5851733439904087,0.5899100899100899,0.9043456543456544,0.05361174942551703,543730.575865736,1479286.4021073917,2212664.264530535,15921703.859572133
1,case_28,internal_test,group_020,ec47276df49b70d2b8ed70c74d311c463ee0ee3bc2525fe26bfedf2f3fb467ed,0.575,0.30271573490753867,8.16353693008423,9.724851751327513,15.672686471939013,360324,20018,16014,4004,3.444808959960937,0.4001657962799072,4.344237804412842,388.1788024902344,18.416955947875977,427.000244140625,0.4003788828849792,0.0502807050943374,0.5012249946594238,4.5791667826617894,-0.4887957486082627,0.9650820388985308,7.316950024997338,400360,1.3574640296570146,1.9209299374034983,0.5999684834733736,-0.061182696450594605,3.6348457637027316,-2.1146671205775203,5.5266866433473245,5.465503946896729,10.10713694663175,0.03931013089757914,0.0,13.381728049603897,0.14617522187003085,0.14617522187003085,36.075843811035156,29.677386967230454,0.1773612525134476,0.8226387474865524,0.5890698371465681,0.5919080919080919,0.9040959040959041,0.05362423818563293,543474.2989134823,1477317.1196219916,2212664.264530535,15921703.859572133
1,case_28,internal_test,group_020,ec47276df49b70d2b8ed70c74d311c463ee0ee3bc2525fe26bfedf2f3fb467ed,0.6,0.3010432702910267,8.16353693008423,9.724851751327513,15.672686471939013,360324,20018,16014,4004,3.444808959960937,0.4001657962799072,4.344237804412842,388.1788024902344,18.416955947875977,427.000244140625,0.4003788828849792,0.0502807050943374,0.5012249946594238,4.5791667826617894,-0.4887957486082627,0.9650820388985308,7.316950024997338,400360,1.3570646956020314,1.91995241458692,0.600375515953781,-0.06118269645059457,3.6135913686371572,-2.0789672862807067,5.5266866433473245,5.465503946896729,10.134063034055565,0.04207892245475015,0.0,13.407240117017553,0.14454741750736885,0.14454741750736885,36.075843811035156,29.77095942415149,0.17476748208326262,0.8252325179167374,0.5918673194125287,0.5946553446553446,0.903096903096903,0.05363672694574883,543314.4215312293,1475813.947929998,2212664.264530535,15921703.859572133
1,case_28,internal_test,group_020,ec47276df49b70d2b8ed70c74d311c463ee0ee3bc2525fe26bfedf2f3fb467ed,0.625,0.29948435642740623,8.16353693008423,9.724851751327513,15.672686471939013,360324,20018,16014,4004,3.444808959960937,0.4001657962799072,4.344237804412842,388.1788024902344,18.416955947875977,427.000244140625,0.4003788828849792,0.0502807050943374,0.5012249946594238,4.5791667826617894,-0.4887957486082627,0.9650820388985308,7.316950024997338,400360,1.3568819058867958,1.9192777165695787,0.6006563338218491,-0.06118269645059455,3.593306905286167,-2.0432674519838927,5.5266866433473245,5.465503946896731,10.171895577535972,0.04596921759217914,0.0,13.44052190729137,0.14242386387580697,0.14242386387580697,36.075843811035156,29.864531881072523,0.17217371165307765,0.8278262883469223,0.5928664202218004,0.5961538461538461,0.9010989010989011,0.0536517134578879,543241.2398408375,1474776.88703141,2212664.264530535,15921703.859572133
1,case_28,internal_test,group_020,ec47276df49b70d2b8ed70c74d311c463ee0ee3bc2525fe26bfedf2f3fb467ed,0.65,0.2980410476251777,8.16353693008423,9.724851751327513,15.672686471939013,360324,20018,16014,4004,3.444808959960937,0.4001657962799072,4.344237804412842,388.1788024902344,18.416955947875977,427.000244140625,0.4003788828849792,0.0502807050943374,0.5012249946594238,4.5791667826617894,-0.4887957486082627,0.9650820388985308,7.316950024997338,400360,1.3569279193225467,1.9189061627761228,0.6008109370775776,-0.061182696450594536,3.5740088883734686,-2.007567617687079,5.5266866433473245,5.465503946896731,10.212322685485898,0.05012631005833494,0.0,13.471314797290413,0.1404591151995557,0.1404591151995557,36.075843811035156,29.958104337993554,0.1695799412228928,0.8304200587771072,0.590168848036767,0.5991508491508492,0.8993506493506493,0.0536642022180038,543259.6617799748,1474205.936926228,2212664.264530535,15921703.859572133
1,case_28,internal_test,group_020,ec47276df49b70d2b8ed70c74d311c463ee0ee3bc2525fe26bfedf2f3fb467ed,0.675,0.2967153700123942,8.16353693008423,9.724851751327513,15.672686471939013,360324,20018,16014,4004,3.444808959960937,0.4001657962799072,4.344237804412842,388.1788024902344,18.416955947875977,427.000244140625,0.4003788828849792,0.0502807050943374,0.5012249946594238,4.5791667826617894,-0.4887957486082627,0.9650820388985308,7.316950024997338,400360,1.3572003248643871,1.9188379293043714,0.6008393257209664,-0.06118269645059448,3.555713379235576,-1.9718677833902658,5.5266866433473245,5.465503946896731,10.23435016282691,0.052391380817691825,0.0,13.504402497292412,0.13834794555029098,0.13834794555029098,36.075843811035156,30.051676794914588,0.16698617079270783,0.8330138292072922,0.5890698371465681,0.6026473526473527,0.8978521478521478,0.053676690978119695,543368.722062706,1474101.0976144522,2212664.264530535,15921703.859572133
1,case_28,internal_test,group_020,ec47276df49b70d2b8ed70c74d311c463ee0ee3bc2525fe26bfedf2f3fb467ed,0.7,0.2955088246162515,8.16353693008423,9.724851751327513,15.672686471939013,360324,20018,16014,4004,3.444808959960937,0.4001657962799072,4.344237804412842,388.1788024902344,18.416955947875977,427.000244140625,0.4003788828849792,0.0502807050943374,0.5012249946594238,4.5791667826617894,-0.4887957486082627,0.9650820388985308,7.316950024997338,400360,1.3576860747338761,1.9190730485083798,0.6007414997520157,-0.06118269645059452,3.5384359283282523,-1.936167949093452,5.5266866433473245,5.465503946896731,10.259854485573799,0.05501397326424578,0.0,13.541616887723151,0.1359734713018991,0.1359734713018991,36.075843811035156,30.145249251835622,0.16439240036252287,0.8356075996374771,0.588720151863323,0.6048951048951049,0.8971028971028971,0.05368668198621241,543563.1968804547,1474462.3690960826,2212664.264530535,15921703.859572133
1,case_28,internal_test,group_020,ec47276df49b70d2b8ed70c74d311c463ee0ee3bc2525fe26bfedf2f3fb467ed,0.725,0.29442233297574233,8.16353693008423,9.724851751327513,15.672686471939013,360324,20018,16014,4004,3.444808959960937,0.4001657962799072,4.344237804412842,388.1788024902344,18.416955947875977,427.000244140625,0.4003788828849792,0.0502807050943374,0.5012249946594238,4.5791667826617894,-0.4887957486082627,0.9650820388985308,7.316950024997338,400360,1.3584098392252095,1.91961140892178,0.6005174591707255,-0.0611826964505945,3.522191517365371,-1.9004681147966385,5.5266866433473245,5.465503946896731,10.290358754629612,0.058150706844955505,0.0,13.57203805900739,0.1340324402388005,0.1340324402388005,36.075843811035156,30.238821708756653,0.16179862993233798,0.838201370067662,0.5885702867419322,0.6078921078921079,0.8966033966033966,0.053696672994305125,543852.9632322049,1475289.7513711192,2212664.264530535,15921703.859572133
1,case_28,internal_test,group_020,ec47276df49b70d2b8ed70c74d311c463ee0ee3bc2525fe26bfedf2f3fb467ed,0.75,0.2934569664800185,8.16353693008423,9.724851751327513,15.672686471939013,360324,20018,16014,4004,3.444808959960937,0.4001657962799072,4.344237804412842,388.1788024902344,18.416955947875977,427.000244140625,0.4003788828849792,0.0502807050943374,0.5012249946594238,4.5791667826617894,-0.4887957486082627,0.9650820388985308,7.316950024997338,400360,1.3593753226452197,1.9204527555218152,0.6001672039770958,-0.06118269645059447,3.5069945015103667,-1.864768280499825,5.5266866433473245,5.465503946896729,10.315864594634803,0.060773455310165765,0.0,13.604797536032267,0.1319422129453795,0.1319422129453795,36.075843811035156,30.332394165677687,0.15920485950215302,0.840795140497847,0.5874712758517334,0.6086413586413586,0.8951048951048951,0.05370416625037466,544239.5041742402,1476583.2444395619,2212664.264530535,15921703.859572133
1,case_28,internal_test,group_020,ec47276df49b70d2b8ed70c74d311c463ee0ee3bc2525fe26bfedf2f3fb467ed,0.775,0.29261416751467106,8.16353693008423,9.724851751327513,15.672686471939013,360324,20018,16014,4004,3.444808959960937,0.4001657962799072,4.344237804412842,388.1788024902344,18.416955947875977,427.000244140625,0.4003788828849792,0.0502807050943374,0.5012249946594238,4.5791667826617894,-0.4887957486082627,0.9650820388985308,7.316950024997338,400360,1.3605809918634666,1.9215966903326145,0.5996907341711265,-0.06118269645059466,3.492858552067968,-1.8290684462030111,5.5266866433473245,5.465503946896729,10.341057942386541,0.06336407040599992,0.0,13.645463497428116,0.12934751027786562,0.12934751027786562,36.075843811035156,30.42596662259872,0.15661108907196805,0.8433889109280319,0.5865221300829254,0.6106393606393606,0.8946053946053946,0.0537116595064442,544722.2059024575,1478342.8483014102,2212664.264530535,15921703.859572133
1,case_28,internal_test,group_020,ec47276df49b70d2b8ed70c74d311c463ee0ee3bc2525fe26bfedf2f3fb467ed,0.8,0.2918955626680502,8.16353693008423,9.724851751327513,15.672686471939013,360324,20018,16014,4004,3.444808959960937,0.4001657962799072,4.344237804412842,388.1788024902344,18.416955947875977,427.000244140625,0.4003788828849792,0.0502807050943374,0.5012249946594238,4.5791667826617894,-0.4887957486082627,0.9650820388985308,7.316950024997338,400360,1.3620340215069713,1.923042673364385,0.5990880497528176,-0.061182696450594626,3.479796600146587,-1.7933686119061973,5.5266866433473245,5.465503946896729,10.369050202156401,0.06624249575228235,0.0,13.685884273342598,0.1267684517363161,0.1267684517363161,36.075843811035156,30.519539079519756,0.15401731864178309,0.8459826813582169,0.5858227595164353,0.6111388611388612,0.8938561438561439,0.05372664601858328,545303.940850531,1480568.5629566652,2212664.264530535,15921703.859572133
1,case_28,internal_test,group_020,ec47276df49b70d2b8ed70c74d311c463ee0ee3bc2525fe26bfedf2f3fb467ed,0.825,0.2913026098566516,8.16353693008423,9.724851751327513,15.672686471939013,360324,20018,16014,4004,3.444808959960937,0.4001657962799072,4.344237804412842,388.1788024902344,18.416955947875977,427.000244140625,0.4003788828849792,0.0502807050943374,0.5012249946594238,4.5791667826617894,-0.4887957486082627,0.9650820388985308,7.316950024997338,400360,1.3637222318144586,1.9247900238833529,0.5983591507221693,-0.061182696450594605,3.4678207817786912,-1.7576687776093842,5.5266866433473245,5.465503946896731,10.40007961064453,0.06943322906951703,0.0,13.728364592784802,0.12405798346284796,0.12405798346284796,36.075843811035156,30.613111536440787,0.15142354821159823,0.8485764517884018,0.584174243181137,0.6111388611388612,0.8923576423576424,0.05373913477869917,545979.8327292367,1483260.3884053258,2212664.264530535,15921703.859572133
1,case_28,internal_test,group_020,ec47276df49b70d2b8ed70c74d311c463ee0ee3bc2525fe26bfedf2f3fb467ed,0.85,0.29083638007928003,8.16353693008423,9.724851751327513,15.672686471939013,360324,20018,16014,4004,3.444808959960937,0.4001657962799072,4.344237804412842,388.1788024902344,18.416955947875977,427.000244140625,0.4003788828849792,0.0502807050943374,0.5012249946594238,4.5791667826617894,-0.4887957486082627,0.9650820388985308,7.316950024997338,400360,1.3656724304246082,1.9268379220055254,0.5975040370791813,-0.06118269645059462,3.4569423849968364,-1.7219689433125702,5.5266866433473245,5.465503946896729,10.435498625748357,0.07307534269854914,0.0,13.786138629077083,0.12037169544861874,0.12037169544861874,36.075843811035156,30.70668399336182,0.14882977778141326,0.8511702222185867,0.5819262663602758,0.6101398601398601,0.8913586413586414,0.05375162353881507,546760.6142447961,1486418.3246473928,2212664.264530535,15921703.859572133
1,case_28,internal_test,group_020,ec47276df49b70d2b8ed70c74d311c463ee0ee3bc2525fe26bfedf2f3fb467ed,0.875,0.2904983042470669,8.16353693008423,9.724851751327513,15.672686471939013,360324,20018,16014,4004,3.444808959960937,0.4001657962799072,4.344237804412842,388.1788024902344,18.416955947875977,427.000244140625,0.4003788828849792,0.0502807050943374,0.5012249946594238,4.5791667826617894,-0.4887957486082627,0.9650820388985308,7.316950024997338,400360,1.367884840317272,1.9291854106056059,0.5965227088238538,-0.06118269645059462,3.447171799366268,-1.6862691090157564,5.5266866433473245,5.465503946896731,10.46604303268069,0.07621620363025051,0.0,13.84140992754022,0.11684509529860003,0.11684509529860003,36.075843811035156,30.800256450282856,0.1462360073512283,0.8537639926487717,0.5795783794584873,0.6101398601398601,0.8913586413586414,0.053759116794884605,547646.3746694231,1490042.3716828655,2212664.264530535,15921703.859572133
1,case_28,internal_test,group_020,ec47276df49b70d2b8ed70c74d311c463ee0ee3bc2525fe26bfedf2f3fb467ed,0.9,0.290289257524028,8.16353693008423,9.724851751327513,15.672686471939013,360324,20018,16014,4004,3.444808959960937,0.4001657962799072,4.344237804412842,388.1788024902344,18.416955947875977,427.000244140625,0.4003788828849792,0.0502807050943374,0.5012249946594238,4.5791667826617894,-0.4887957486082627,0.9650820388985308,7.316950024997338,400360,1.3703480422078385,1.9318313975307797,0.5954151659561868,-0.06118269645059457,3.4385184684703307,-1.6505692747189433,5.5266866433473245,5.465503946896729,10.509323291013898,0.08066668364166048,0.0,13.910864782530911,0.112413509487511,0.112413509487511,36.075843811035156,30.89382890720389,0.14364223692104333,0.8563577630789567,0.5763313018283545,0.6088911088911089,0.8898601398601399,0.05376661005095414,548632.5421783302,1494132.5295117449,2212664.264530535,15921703.859572133
1,case_28,internal_test,group_020,ec47276df49b70d2b8ed70c74d311c463ee0ee3bc2525fe26bfedf2f3fb467ed,0.925,0.2902096852943181,8.16353693008423,9.724851751327513,15.672686471939013,360324,20018,16014,4004,3.444808959960937,0.4001657962799072,4.344237804412842,388.1788024902344,18.416955947875977,427.000244140625,0.4003788828849792,0.0502807050943374,0.5012249946594238,4.5791667826617894,-0.4887957486082627,0.9650820388985308,7.316950024997338,400360,1.3730487369647835,1.9347746581075496,0.5941814084761803,-0.06118269645059457,3.430990845832154,-1.6148694404221293,5.5266866433473245,5.465503946896729,10.547813067576373,0.08462456161725233,0.0,13.970601036526705,0.10860202164190468,0.10860202164190468,36.075843811035156,30.98740136412492,0.14104846649085845,0.8589515335091416,0.5743830552502748,0.6093906093906094,0.8883616383616384,0.053779098811070035,549713.7923312207,1498688.7981340298,2212664.264530535,15921703.859572133
1,case_28,internal_test,group_020,ec47276df49b70d2b8ed70c74d311c463ee0ee3bc2525fe26bfedf2f3fb467ed,0.95,0.2902604693501854,8.16353693008423,9.724851751327513,15.672686471939013,360324,20018,16014,4004,3.444808959960937,0.4001657962799072,4.344237804412842,388.1788024902344,18.416955947875977,427.000244140625,0.4003788828849792,0.0502807050943374,0.5012249946594238,4.5791667826617894,-0.4887957486082627,0.9650820388985308,7.316950024997338,400360,1.3759781021885533,1.938013837928383,0.592821436383834,-0.06118269645059456,3.424596354734898,-1.579169606125316,5.5266866433473245,5.465503946896729,10.581181951983682,0.088055861678228,0.0,14.043414027278656,0.10395616907015078,0.10395616907015078,36.075843811035156,31.080973821045955,0.13845469606067348,0.8615453039393265,0.5721850334698771,0.6078921078921079,0.8861138861138861,0.053791587571185934,550886.5929922092,1503711.1775497212,2212664.264530535,15921703.859572133
1,case_28,internal_test,group_020,ec47276df49b70d2b8ed70c74d311c463ee0ee3bc2525fe26bfedf2f3fb467ed,0.975,0.29044187042541253,8.16353693008423,9.724851751327513,15.672686471939013,360324,20018,16014,4004,3.444808959960937,0.4001657962799072,4.344237804412842,388.1788024902344,18.416955947875977,427.000244140625,0.4003788828849792,0.0502807050943374,0.5012249946594238,4.5791667826617894,-0.4887957486082627,0.9650820388985308,7.316950024997338,400360,1.37912202055255,1.9415474559036336,0.5913352496791484,-0.061182696450594536,3.419341352373302,-1.5434697718285022,5.5266866433473245,5.465503946896729,10.607841480159,0.09079724312619486,0.0,14.11436963776567,0.09942882714864579,0.09942882714864579,36.075843811035156,31.17454627796699,0.13586092563048852,0.8641390743695114,0.5712858427415326,0.6086413586413586,0.8848651348651349,0.05380157857927865,552145.292148419,1509199.6677588183,2212664.264530535,15921703.859572133
1,case_28,internal_test,group_020,ec47276df49b70d2b8ed70c74d311c463ee0ee3bc2525fe26bfedf2f3fb467ed,1.0,0.29075355934155744,8.16353693008423,9.724851751327513,15.672686471939013,360324,20018,16014,4004,3.444808959960937,0.4001657962799072,4.344237804412842,388.1788024902344,18.416955947875977,427.000244140625,0.4003788828849792,0.0502807050943374,0.5012249946594238,4.5791667826617894,-0.4887957486082627,0.9650820388985308,7.316950024997338,400360,1.382493174742046,1.9453739075630423,0.5897228483621231,-0.06118269645059457,3.415231098731625,-1.5077699375316886,5.5266866433473245,5.465503946896729,10.633145791188365,0.09339926850163689,0.0,14.186430377891046,0.09483097213161365,0.09483097213161365,36.075843811035156,31.26811873488802,0.13326715520030366,0.8667328447996964,0.5707862923368968,0.6091408591408591,0.8848651348651349,0.05381406733939455,553494.9674397255,1515154.268761322,2212664.264530535,15921703.859572133
1,case_28,internal_test,group_020,ec47276df49b70d2b8ed70c74d311c463ee0ee3bc2525fe26bfedf2f3fb467ed,1.025,0.29119521278690963,8.16353693008423,9.724851751327513,15.672686471939013,360324,20018,16014,4004,3.444808959960937,0.4001657962799072,4.344237804412842,388.1788024902344,18.416955947875977,427.000244140625,0.4003788828849792,0.0502807050943374,0.5012249946594238,4.5791667826617894,-0.4887957486082627,0.9650820388985308,7.316950024997338,400360,1.386083064876756,1.9494914685900995,0.5879842324327584,-0.061182696450594536,3.4122697305377527,-1.472070103234875,5.5266866433473245,5.465503946896729,10.657183907253737,0.09587109189597194,0.0,14.257085008334924,0.09032283432317981,0.09032283432317981,36.075843811035156,31.361691191809054,0.1306733847701187,0.8693266152298813,0.5698871016085523,0.6116383616383616,0.8848651348651349,0.05382405834748726,554932.215854058,1521574.9805572312,2212664.264530535,15921703.859572133
1,case_28,internal_test,group_020,ec47276df49b70d2b8ed70c74d311c463ee0ee3bc2525fe26bfedf2f3fb467ed,1.05,0.29176609367461004,8.16353693008423,9.724851751327513,15.672686471939013,360324,20018,16014,4004,3.444808959960937,0.4001657962799072,4.344237804412842,388.1788024902344,18.416955947875977,427.000244140625,0.4003788828849792,0.0502807050943374,0.5012249946594238,4.5791667826617894,-0.4887957486082627,0.9650820388985308,7.316950024997338,400360,1.3898907317454348,1.953898298571684,0.5861194018910542,-0.06118269645059448,3.4104602405909623,-1.4363702689380613,5.5266866433473245,5.465503946896729,10.68689785860188,0.09892655763549711,0.0,14.323188093466763,0.08610510909463058,0.08610510909463058,36.075843811035156,31.45526364873009,0.12807961433993373,0.8719203856600662,0.5682385852732541,0.6146353646353646,0.8843656343656343,0.053836547107603154,556456.6533616022,1528461.8031465467,2212664.264530535,15921703.859572133
1,case_28,internal_test,group_020,ec47276df49b70d2b8ed70c74d311c463ee0ee3bc2525fe26bfedf2f3fb467ed,1.075,0.2924652698251478,8.16353693008423,9.724851751327513,15.672686471939013,360324,20018,16014,4004,3.444808959960937,0.4001657962799072,4.344237804412842,388.1788024902344,18.416955947875977,427.000244140625,0.4003788828849792,0.0502807050943374,0.5012249946594238,4.5791667826617894,-0.4887957486082627,0.9650820388985308,7.316950024997338,400360,1.3939024453664517,1.9585924449446637,0.5841283567370104,-0.06118269645059468,3.40980446270257,-1.400670434641248,5.5266866433473245,5.465503946896729,10.721234934031772,0.10245741613163872,0.0,14.399284542504589,0.08124975457872986,0.08124975457872986,36.075843811035156,31.54883610565112,0.12548584390974885,0.8745141560902512,0.5667898890998102,0.6158841158841158,0.8833666333666333,0.05384404036367269,558062.7830269126,1535814.7365292683,2212664.264530535,15921703.859572133
1,case_28,internal_test,group_020,ec47276df49b70d2b8ed70c74d311c463ee0ee3bc2525fe26bfedf2f3fb467ed,1.1,0.2932913790459692,8.16353693008423,9.724851751327513,15.672686471939013,360324,20018,16014,4004,3.444808959960937,0.4001657962799072,4.344237804412842,388.1788024902344,18.416955947875977,427.000244140625,0.4003788828849792,0.0502807050943374,0.5012249946594238,4.5791667826617894,-0.4887957486082627,0.9650820388985308,7.316950024997338,400360,1.3981094735849628,1.9635718471205903,0.5820110969706268,-0.06118269645059464,3.410303062425387,-1.364970600344434,5.5266866433473245,5.465503946896729,10.760091593889191,0.10645302047101748,0.0,14.491572683121422,0.0753612848015752,0.0753612848015752,36.075843811035156,31.642408562572154,0.12289207347956388,0.8771079265204361,0.5646917774003397,0.6188811188811189,0.8826173826173827,0.05385902687581177,559747.1088444757,1543633.7807053963,2212664.264530535,15921703.859572133
